============================================================
Time  2016/12/15 15:22:59 855 
============================================================
[2016/12/15 15:22:59 856][Px1747][Tx7f39e700][DBG] MSPTHREAD  MSPThreadP 733  POST socket_main_0:1:1:0
[2016/12/15 15:22:59 856][Px1747][Tx7dc70700][DBG] MSPTHREAD  MSPThreadP 825  socket_main_0 IDLE
[2016/12/15 15:22:59 857][Px1747][Tx7dc70700][DBG] MSPTHREAD  MSPThreadP 867  socket_main_0 RUN <socket_main_0>
[2016/12/15 15:22:59 857][Px1747][Tx7f39e700][DBG] MSPTHREAD  MSPThreadP 733  POST l_engine_1:1:1:0
[2016/12/15 15:22:59 857][Px1747][Tx7cc6e700][DBG] MSPTHREAD  MSPThreadP 825  l_engine_1 IDLE
[2016/12/15 15:22:59 857][Px1747][Tx7f39e700][DBG] MSPTHREAD  MSPThreadP 733  POST l_engine_2:1:1:0
[2016/12/15 15:22:59 860][Px1747][Tx7cc6e700][DBG] MSPTHREAD  MSPThreadP 867  l_engine_1 RUN <l_engine_1>
[2016/12/15 15:22:59 860][Px1747][Tx77fff700][DBG] MSPTHREAD  MSPThreadP 825  l_engine_2 IDLE
[2016/12/15 15:22:59 860][Px1747][Tx7f39e700][DBG] MSPTHREAD  MSPThreadP 733  POST l_engine_3:1:1:0
[2016/12/15 15:22:59 861][Px1747][Tx77fff700][DBG] MSPTHREAD  MSPThreadP 867  l_engine_2 RUN <l_engine_2>
[2016/12/15 15:22:59 861][Px1747][Tx777fe700][DBG] MSPTHREAD  MSPThreadP 825  l_engine_3 IDLE
[2016/12/15 15:22:59 861][Px1747][Tx7f39e700][DBG] MSPTHREAD  MSPThreadP 733  POST l_engine_4:1:1:0
[2016/12/15 15:22:59 861][Px1747][Tx777fe700][DBG] MSPTHREAD  MSPThreadP 867  l_engine_3 RUN <l_engine_3>
[2016/12/15 15:22:59 861][Px1747][Tx76ffd700][DBG] MSPTHREAD  MSPThreadP 825  l_engine_4 IDLE
[2016/12/15 15:22:59 862][Px1747][Tx76ffd700][DBG] MSPTHREAD  MSPThreadP 867  l_engine_4 RUN <l_engine_4>
[2016/12/15 15:22:59 863][Px1747][Tx7f39e700][TRC] MSPCMN     msp_cmn.c  1219 MSPLogin(0,0,405253) [in]
[2016/12/15 15:22:59 863][Px1747][Tx7f39e700][TRC] LENGINE    leng_shell 109  lEngine_Start(7ee35bf8,3d267af0,1,) [in]
[2016/12/15 15:22:59 863][Px1747][Tx7f39e700][INF] LLOADER    lloader.c  327  load lgi
[2016/12/15 15:22:59 863][Px1747][Tx7f39e700][INF] LLOADER    lloader.c  339  a intalled entry
[2016/12/15 15:22:59 864][Px1747][Tx7f39e700][INF] LLOADER    lloader.c  365  from rom
[2016/12/15 15:22:59 864][Px1747][Tx7f39e700][PRF] LLOADER    lloader.c  397  load lgi cost 1 (ms)
[2016/12/15 15:22:59 864][Px1747][Tx7f39e700][DBG] LENGINE    leng_shell 193  env=949cf0,lgi,lgi_
[2016/12/15 15:22:59 865][Px1747][Tx7f39e700][DBG] MSPTHREAD  MSPThreadP 733  POST l_engine_4:6:1:1
[2016/12/15 15:22:59 865][Px1747][Tx7f39e700][TRC] LENGINE    leng_shell 264  lEngine_Start() [out] 0
[2016/12/15 15:22:59 865][Px1747][Tx7f39e700][TRC] LENGINE    leng_shell 385  lEngine_SendMessage(949cf0,1,4,,,) [in]
[2016/12/15 15:22:59 865][Px1747][Tx7f39e700][DBG] MSPTHREAD  MSPThreadP 733  POST l_engine_4:11:1:0
[2016/12/15 15:22:59 865][Px1747][Tx76ffd700][DBG] LENGINE    leng_main. 561  ENGINE_MSG_LOAD
[2016/12/15 15:22:59 865][Px1747][Tx76ffd700][DBG] LENGINE    leng_main. 209  lEngine_LoadEnv(7f1963e0,949cf0) [in]
[2016/12/15 15:22:59 866][Px1747][Tx76ffd700][INF] LLOADER    lloader.c  327  load ecode
[2016/12/15 15:22:59 867][Px1747][Tx76ffd700][INF] LLOADER    lloader.c  339  a intalled entry
[2016/12/15 15:22:59 867][Px1747][Tx76ffd700][INF] LLOADER    lloader.c  365  from rom
[2016/12/15 15:22:59 867][Px1747][Tx76ffd700][PRF] LLOADER    lloader.c  397  load ecode cost 2 (ms)
[2016/12/15 15:22:59 867][Px1747][Tx76ffd700][INF] LLOADER    lloader.c  327  load config
[2016/12/15 15:22:59 867][Px1747][Tx76ffd700][INF] LLOADER    lloader.c  339  a intalled entry
[2016/12/15 15:22:59 868][Px1747][Tx76ffd700][INF] LLOADER    lloader.c  365  from rom
[2016/12/15 15:22:59 868][Px1747][Tx76ffd700][PRF] LLOADER    lloader.c  397  load config cost 0 (ms)
[2016/12/15 15:22:59 868][Px1747][Tx76ffd700][INF] LMOD       luac_logge 172  [config:42:use general cloud  ]
[2016/12/15 15:22:59 868][Px1747][Tx76ffd700][INF] LLOADER    lloader.c  327  load update
[2016/12/15 15:22:59 869][Px1747][Tx76ffd700][INF] LLOADER    lloader.c  339  a intalled entry
[2016/12/15 15:22:59 869][Px1747][Tx76ffd700][INF] LLOADER    lloader.c  365  from rom
[2016/12/15 15:22:59 869][Px1747][Tx76ffd700][PRF] LLOADER    lloader.c  397  load update cost 1 (ms)
[2016/12/15 15:22:59 870][Px1747][Tx76ffd700][INF] LLOADER    lloader.c  327  load transport
[2016/12/15 15:22:59 870][Px1747][Tx76ffd700][INF] LLOADER    lloader.c  339  a intalled entry
[2016/12/15 15:22:59 870][Px1747][Tx76ffd700][INF] LLOADER    lloader.c  365  from rom
[2016/12/15 15:22:59 870][Px1747][Tx76ffd700][PRF] LLOADER    lloader.c  397  load transport cost 1 (ms)
[2016/12/15 15:22:59 871][Px1747][Tx76ffd700][INF] LLOADER    lloader.c  327  load ns
[2016/12/15 15:22:59 871][Px1747][Tx76ffd700][INF] LLOADER    lloader.c  339  a intalled entry
[2016/12/15 15:22:59 871][Px1747][Tx76ffd700][INF] LLOADER    lloader.c  365  from rom
[2016/12/15 15:22:59 872][Px1747][Tx76ffd700][PRF] LLOADER    lloader.c  397  load ns cost 0 (ms)
[2016/12/15 15:22:59 872][Px1747][Tx76ffd700][INF] LLOADER    lloader.c  327  load network
[2016/12/15 15:22:59 872][Px1747][Tx76ffd700][INF] LLOADER    lloader.c  339  a intalled entry
[2016/12/15 15:22:59 873][Px1747][Tx76ffd700][INF] LLOADER    lloader.c  365  from rom
[2016/12/15 15:22:59 873][Px1747][Tx76ffd700][PRF] LLOADER    lloader.c  397  load network cost 1 (ms)
[2016/12/15 15:22:59 874][Px1747][Tx76ffd700][DBG] LENGINE    leng_main. 263  precall return 0
[2016/12/15 15:22:59 874][Px1747][Tx76ffd700][DBG] LENGINE    leng_main. 288  [lgi_], ACTIVE
[2016/12/15 15:22:59 874][Px1747][Tx76ffd700][DBG] LENGINE    leng_rpc.c 413  luacRPCFuncProto_Invoke(68042a30,949cf0) [in]
[2016/12/15 15:22:59 875][Px1747][Tx76ffd700][TRC] LMOD       luac_logge 170  [lgi:623:SYS_MSG_LOAD  ]
[2016/12/15 15:22:59 876][Px1747][Tx76ffd700][INF] LLOADER    lloader.c  327  load dkjson
[2016/12/15 15:22:59 876][Px1747][Tx76ffd700][INF] LLOADER    lloader.c  339  a intalled entry
[2016/12/15 15:22:59 876][Px1747][Tx76ffd700][INF] LLOADER    lloader.c  365  from rom
[2016/12/15 15:22:59 876][Px1747][Tx76ffd700][PRF] LLOADER    lloader.c  397  load dkjson cost 1 (ms)
[2016/12/15 15:22:59 877][Px1747][Tx76ffd700][INF] LLOADER    lloader.c  327  load debug
[2016/12/15 15:22:59 877][Px1747][Tx76ffd700][INF] LLOADER    lloader.c  339  a intalled entry
[2016/12/15 15:22:59 877][Px1747][Tx76ffd700][INF] LLOADER    lloader.c  365  from rom
[2016/12/15 15:22:59 877][Px1747][Tx76ffd700][PRF] LLOADER    lloader.c  397  load debug cost 1 (ms)
[2016/12/15 15:22:59 878][Px1747][Tx76ffd700][DBG] LENGINE    leng_rpc.c 527  luacRPCFuncProto_Invoke() [out] ret = 0
[2016/12/15 15:22:59 878][Px1747][Tx76ffd700][DBG] LENGINE    leng_main. 312  [lgi_], loaded
[2016/12/15 15:22:59 878][Px1747][Tx76ffd700][DBG] LENGINE    leng_rpc.c 413  luacRPCFuncProto_Invoke(68042a30,949cf0) [in]
[2016/12/15 15:22:59 878][Px1747][Tx76ffd700][TRC] LMOD       luac_logge 170  [lgi:645:SYS_MSG_REGCB  msp_status_cb  func(68015890) ]
[2016/12/15 15:22:59 879][Px1747][Tx76ffd700][DBG] LENGINE    leng_rpc.c 527  luacRPCFuncProto_Invoke() [out] ret = 0
[2016/12/15 15:22:59 879][Px1747][Tx76ffd700][DBG] LENGINE    leng_main. 345  lEngine_LoadEnv() [out] successfully
[2016/12/15 15:22:59 879][Px1747][Tx76ffd700][DBG] LENGINE    leng_main. 567  lgi_, eng = l_engine_4, env = 949cf0, L = 949d80
[2016/12/15 15:22:59 879][Px1747][Tx76ffd700][INF] LENGINE    leng_main. 568  l_engine_4 occupancy: 1 (33%)
[2016/12/15 15:22:59 879][Px1747][Tx76ffd700][DBG] LENGINE    leng_main. 535  ENGINE_MSG_RPC_SYNC
[2016/12/15 15:22:59 880][Px1747][Tx76ffd700][DBG] LENGINE    leng_main. 543  [lgi_], stat = 1
[2016/12/15 15:22:59 880][Px1747][Tx76ffd700][DBG] LENGINE    leng_rpc.c 413  luacRPCFuncProto_Invoke(94b6a0,949cf0) [in]
[2016/12/15 15:22:59 880][Px1747][Tx76ffd700][TRC] LMOD       luac_logge 170  [lgi:286:LGI_MSG_INIT  ]
[2016/12/15 15:22:59 880][Px1747][Tx76ffd700][INF] LMOD       luac_logge 172  [lgi:293:lgi  lgi_  268436457  1472384011  ]
[2016/12/15 15:22:59 881][Px1747][Tx76ffd700][TRC] MSPCMN     msp_cmn.c  827  statusCbStub(,,param_num = 5)
[2016/12/15 15:22:59 881][Px1747][Tx76ffd700][PRF] LENGINE    leng_main. 189  callc(msp_status_cb) cost 0 ms
[2016/12/15 15:22:59 881][Px1747][Tx76ffd700][TRC] LMOD       luac_logge 170  [lgi:326:lgi params:  appid = 583467f7  ]
[2016/12/15 15:22:59 882][Px1747][Tx76ffd700][INF] LMOD       luac_logge 172  [lgi:340:auth_time_str=  2016/12/15 15:22:59  ]
[2016/12/15 15:22:59 882][Px1747][Tx76ffd700][INF] LMOD       luac_logge 172  [lgi:346:auth_appid=  583467f7  ]
[2016/12/15 15:22:59 882][Px1747][Tx76ffd700][TRC] LMOD       luac_logge 170  [lgi:357:token:  nil  ]
[2016/12/15 15:22:59 883][Px1747][Tx76ffd700][INF] LMOD       luac_logge 172  [lgi:423:msc cver : 5.0.27.1135  ]
[2016/12/15 15:22:59 884][Px1747][Tx76ffd700][INF] LMOD       luac_logge 172  [lgi:466:ns_enable=  1  ]
[2016/12/15 15:22:59 884][Px1747][Tx76ffd700][INF] LMOD       luac_logge 172  [lgi:478:prot_ver=1  ]
[2016/12/15 15:22:59 885][Px1747][Tx76ffd700][INF] LMOD       luac_logge 172  [lgi:489:prot_type=tcp  ]
[2016/12/15 15:22:59 885][Px1747][Tx76ffd700][DBG] LENGINE    leng_rpc.c 527  luacRPCFuncProto_Invoke() [out] ret = 0
[2016/12/15 15:22:59 885][Px1747][Tx7f39e700][TRC] LENGINE    leng_shell 428  lEngine_SendMessage() [out] 0
[2016/12/15 15:22:59 886][Px1747][Tx7f39e700][TRC] LENGINE    leng_shell 281  lEngine_Stop(949cf0) [in]
[2016/12/15 15:22:59 886][Px1747][Tx7f39e700][DBG] MSPTHREAD  MSPThreadP 733  POST l_engine_4:7:1:1
[2016/12/15 15:22:59 886][Px1747][Tx76ffd700][DBG] LENGINE    leng_main. 582  ENGINE_MSG_UNLOAD
[2016/12/15 15:22:59 887][Px1747][Tx76ffd700][DBG] LENGINE    leng_rpc.c 413  luacRPCFuncProto_Invoke(68014210,949cf0) [in]
[2016/12/15 15:22:59 887][Px1747][Tx76ffd700][TRC] LMOD       luac_logge 170  [lgi:632:SYS_MSG_UNLOAD  go bg!  ]
[2016/12/15 15:22:59 887][Px1747][Tx76ffd700][DBG] LENGINE    leng_rpc.c 527  luacRPCFuncProto_Invoke() [out] ret = 0
[2016/12/15 15:22:59 888][Px1747][Tx76ffd700][DBG] LENGINE    leng_main. 619  [lgi_] active, go bg!
[2016/12/15 15:22:59 888][Px1747][Tx7f39e700][TRC] LENGINE    leng_shell 340  lEngine_Stop() [out] 0
[2016/12/15 15:22:59 888][Px1747][Tx7f39e700][TRC] MSPCMN     msp_cmn.c  1388 MSPLogin() [out] 0
[2016/12/15 15:22:59 889][Px1747][Tx7f39e700][TRC] QISR       qisr.c     913  QISRBuildGrammar(405004,94b930,304,952a70) [in]
[2016/12/15 15:22:59 889][Px1747][Tx7f39e700][TRC] LENGINE    leng_shell 109  lEngine_Start(7ee35c28,3d267ab0,1,) [in]
[2016/12/15 15:22:59 889][Px1747][Tx7f39e700][INF] LLOADER    lloader.c  327  load grm_lex
[2016/12/15 15:22:59 889][Px1747][Tx7f39e700][INF] LLOADER    lloader.c  339  a intalled entry
[2016/12/15 15:22:59 890][Px1747][Tx7f39e700][INF] LLOADER    lloader.c  365  from rom
[2016/12/15 15:22:59 890][Px1747][Tx7f39e700][PRF] LLOADER    lloader.c  397  load grm_lex cost 0 (ms)
[2016/12/15 15:22:59 890][Px1747][Tx7f39e700][DBG] LENGINE    leng_shell 193  env=94b020,grm_lex,local_grm
[2016/12/15 15:22:59 890][Px1747][Tx7f39e700][DBG] MSPTHREAD  MSPThreadP 733  POST l_engine_3:6:1:1
[2016/12/15 15:22:59 890][Px1747][Tx7f39e700][TRC] LENGINE    leng_shell 264  lEngine_Start() [out] 0
[2016/12/15 15:22:59 891][Px1747][Tx7f39e700][TRC] LENGINE    leng_shell 444  lEngine_RegisterCallBack(94b020,7eea334d,7ecf41e0,0,) [in]
[2016/12/15 15:22:59 891][Px1747][Tx7f39e700][DBG] MSPTHREAD  MSPThreadP 733  POST l_engine_3:8:1:0
[2016/12/15 15:22:59 891][Px1747][Tx7f39e700][TRC] LENGINE    leng_shell 481  lEngine_RegisterCallBack() [out] 0
[2016/12/15 15:22:59 891][Px1747][Tx7f39e700][TRC] LENGINE    leng_shell 351  lEngine_PostMessage(94b020,1,3,) [in]
[2016/12/15 15:22:59 891][Px1747][Tx7f39e700][DBG] MSPTHREAD  MSPThreadP 733  POST l_engine_3:10:1:0
[2016/12/15 15:22:59 892][Px1747][Tx7f39e700][TRC] LENGINE    leng_shell 374  lEngine_PostMessage() [out] 0
[2016/12/15 15:22:59 892][Px1747][Tx7f39e700][TRC] LENGINE    leng_shell 281  lEngine_Stop(94b020) [in]
[2016/12/15 15:22:59 892][Px1747][Tx7f39e700][DBG] MSPTHREAD  MSPThreadP 733  POST l_engine_3:7:1:0
[2016/12/15 15:22:59 892][Px1747][Tx777fe700][DBG] LENGINE    leng_main. 561  ENGINE_MSG_LOAD
[2016/12/15 15:22:59 892][Px1747][Tx777fe700][DBG] LENGINE    leng_main. 209  lEngine_LoadEnv(7f1963a0,94b020) [in]
[2016/12/15 15:22:59 893][Px1747][Tx777fe700][INF] LLOADER    lloader.c  327  load ecode
[2016/12/15 15:22:59 893][Px1747][Tx777fe700][INF] LLOADER    lloader.c  339  a intalled entry
[2016/12/15 15:22:59 893][Px1747][Tx777fe700][INF] LLOADER    lloader.c  365  from rom
[2016/12/15 15:22:59 894][Px1747][Tx777fe700][PRF] LLOADER    lloader.c  397  load ecode cost 0 (ms)
[2016/12/15 15:22:59 894][Px1747][Tx777fe700][DBG] LENGINE    leng_main. 263  precall return 0
[2016/12/15 15:22:59 894][Px1747][Tx777fe700][DBG] LENGINE    leng_main. 288  [local_grm], ACTIVE
[2016/12/15 15:22:59 895][Px1747][Tx777fe700][DBG] LENGINE    leng_rpc.c 413  luacRPCFuncProto_Invoke(64013010,94b020) [in]
[2016/12/15 15:22:59 896][Px1747][Tx777fe700][TRC] LMOD       luac_logge 170  [grm_lex:264:SYS_MSG_LOAD  ]
[2016/12/15 15:22:59 896][Px1747][Tx777fe700][DBG] LENGINE    leng_rpc.c 527  luacRPCFuncProto_Invoke() [out] ret = 0
[2016/12/15 15:22:59 896][Px1747][Tx777fe700][DBG] LENGINE    leng_main. 312  [local_grm], loaded
[2016/12/15 15:22:59 897][Px1747][Tx777fe700][DBG] LENGINE    leng_rpc.c 413  luacRPCFuncProto_Invoke(64013ef0,94b020) [in]
[2016/12/15 15:22:59 897][Px1747][Tx777fe700][TRC] LMOD       luac_logge 170  [grm_lex:281:SYS_MSG_REGCB  ]
[2016/12/15 15:22:59 897][Px1747][Tx777fe700][DBG] LENGINE    leng_rpc.c 527  luacRPCFuncProto_Invoke() [out] ret = 0
[2016/12/15 15:22:59 897][Px1747][Tx777fe700][DBG] LENGINE    leng_main. 345  lEngine_LoadEnv() [out] successfully
[2016/12/15 15:22:59 898][Px1747][Tx777fe700][DBG] LENGINE    leng_main. 567  local_grm, eng = l_engine_3, env = 94b020, L = 943b70
[2016/12/15 15:22:59 898][Px1747][Tx777fe700][INF] LENGINE    leng_main. 568  l_engine_3 occupancy: 1 (33%)
[2016/12/15 15:22:59 898][Px1747][Tx777fe700][DBG] LENGINE    leng_main. 582  ENGINE_MSG_UNLOAD
[2016/12/15 15:22:59 898][Px1747][Tx777fe700][DBG] LENGINE    leng_rpc.c 413  luacRPCFuncProto_Invoke(64013ef0,94b020) [in]
[2016/12/15 15:22:59 898][Px1747][Tx777fe700][TRC] LMOD       luac_logge 170  [grm_lex:267:SYS_MSG_UNLOAD  ]
[2016/12/15 15:22:59 899][Px1747][Tx777fe700][DBG] LENGINE    leng_rpc.c 527  luacRPCFuncProto_Invoke() [out] ret = 0
[2016/12/15 15:22:59 899][Px1747][Tx777fe700][DBG] LENGINE    leng_main. 619  [local_grm] active, go bg!
[2016/12/15 15:22:59 899][Px1747][Tx777fe700][DBG] LENGINE    leng_main. 686  ENGINE_MSG_REGCB
[2016/12/15 15:22:59 899][Px1747][Tx777fe700][DBG] LENGINE    leng_main. 711  local_grm (grmMessageCallBackC)
[2016/12/15 15:22:59 899][Px1747][Tx777fe700][DBG] LENGINE    leng_rpc.c 413  luacRPCFuncProto_Invoke(6400e600,94b020) [in]
[2016/12/15 15:22:59 900][Px1747][Tx7f39e700][TRC] LENGINE    leng_shell 340  lEngine_Stop() [out] 0
[2016/12/15 15:22:59 900][Px1747][Tx7f39e700][TRC] QISR       qisr.c     994  QISRBuildGrammar() [out] 0
[2016/12/15 15:22:59 901][Px1747][Tx777fe700][TRC] LMOD       luac_logge 170  [grm_lex:281:SYS_MSG_REGCB  ]
[2016/12/15 15:22:59 901][Px1747][Tx777fe700][DBG] LENGINE    leng_rpc.c 527  luacRPCFuncProto_Invoke() [out] ret = 0
[2016/12/15 15:22:59 902][Px1747][Tx777fe700][DBG] LENGINE    leng_main. 513  ENGINE_MSG_RPC_ASYNC
[2016/12/15 15:22:59 902][Px1747][Tx777fe700][DBG] LENGINE    leng_main. 521  [local_grm], stat = 1
[2016/12/15 15:22:59 903][Px1747][Tx777fe700][DBG] LENGINE    leng_rpc.c 413  luacRPCFuncProto_Invoke(957bf0,94b020) [in]
[2016/12/15 15:22:59 903][Px1747][Tx777fe700][TRC] LMOD       luac_logge 170  [grm_lex:251:ISR_MSG_BUILDGRAMMAR  ]
[2016/12/15 15:22:59 904][Px1747][Tx777fe700][TRC] LMOD       luac_logge 170  [grm_lex:100:grm_type :  bnf  ]
[2016/12/15 15:22:59 904][Px1747][Tx777fe700][TRC] LMOD       luac_logge 170  [grm_lex:106:engine_type  :  local  ]
[2016/12/15 15:22:59 904][Px1747][Tx777fe700][TRC] LMOD       luac_logge 170  [grm_lex:106:asr_res_path  :  fo|res/asr/common.jet  ]
[2016/12/15 15:22:59 905][Px1747][Tx777fe700][TRC] LMOD       luac_logge 170  [grm_lex:106:sample_rate  :  16000  ]
[2016/12/15 15:22:59 906][Px1747][Tx777fe700][TRC] LMOD       luac_logge 170  [grm_lex:106:grm_build_path  :  res/asr/GrmBuilld  ]
[2016/12/15 15:22:59 906][Px1747][Tx777fe700][TRC] LENGINE    leng_shell 109  lEngine_Start(6400a248,6400e868,0,) [in]
[2016/12/15 15:22:59 906][Px1747][Tx777fe700][INF] LLOADER    lloader.c  327  load isr_local
[2016/12/15 15:22:59 906][Px1747][Tx777fe700][INF] LLOADER    lloader.c  339  a intalled entry
[2016/12/15 15:22:59 907][Px1747][Tx777fe700][INF] LLOADER    lloader.c  365  from rom
[2016/12/15 15:22:59 907][Px1747][Tx777fe700][PRF] LLOADER    lloader.c  397  load isr_local cost 1 (ms)
[2016/12/15 15:22:59 908][Px1747][Tx777fe700][DBG] LENGINE    leng_shell 193  env=6400ec60,isr_local,local_build_777fd818777fd82069be82585325d37ece0410
[2016/12/15 15:22:59 908][Px1747][Tx777fe700][DBG] MSPTHREAD  MSPThreadP 733  POST l_engine_2:6:1:1
[2016/12/15 15:22:59 908][Px1747][Tx77fff700][DBG] LENGINE    leng_main. 561  ENGINE_MSG_LOAD
[2016/12/15 15:22:59 908][Px1747][Tx77fff700][DBG] LENGINE    leng_main. 209  lEngine_LoadEnv(7f196360,6400ec60) [in]
[2016/12/15 15:22:59 909][Px1747][Tx77fff700][INF] LLOADER    lloader.c  327  load ecode
[2016/12/15 15:22:59 909][Px1747][Tx77fff700][INF] LLOADER    lloader.c  339  a intalled entry
[2016/12/15 15:22:59 909][Px1747][Tx77fff700][INF] LLOADER    lloader.c  365  from rom
[2016/12/15 15:22:59 909][Px1747][Tx77fff700][PRF] LLOADER    lloader.c  397  load ecode cost 1 (ms)
[2016/12/15 15:22:59 910][Px1747][Tx77fff700][INF] LLOADER    lloader.c  327  load dkjson
[2016/12/15 15:22:59 910][Px1747][Tx77fff700][INF] LLOADER    lloader.c  339  a intalled entry
[2016/12/15 15:22:59 910][Px1747][Tx77fff700][INF] LLOADER    lloader.c  365  from rom
[2016/12/15 15:22:59 910][Px1747][Tx77fff700][PRF] LLOADER    lloader.c  397  load dkjson cost 1 (ms)
[2016/12/15 15:22:59 911][Px1747][Tx77fff700][INF] LLOADER    lloader.c  327  load debug
[2016/12/15 15:22:59 911][Px1747][Tx77fff700][INF] LLOADER    lloader.c  339  a intalled entry
[2016/12/15 15:22:59 911][Px1747][Tx77fff700][INF] LLOADER    lloader.c  365  from rom
[2016/12/15 15:22:59 911][Px1747][Tx77fff700][PRF] LLOADER    lloader.c  397  load debug cost 1 (ms)
[2016/12/15 15:22:59 912][Px1747][Tx77fff700][INF] LLOADER    lloader.c  327  load auth
[2016/12/15 15:22:59 912][Px1747][Tx77fff700][INF] LLOADER    lloader.c  339  a intalled entry
[2016/12/15 15:22:59 912][Px1747][Tx77fff700][INF] LLOADER    lloader.c  365  from rom
[2016/12/15 15:22:59 912][Px1747][Tx77fff700][PRF] LLOADER    lloader.c  397  load auth cost 1 (ms)
[2016/12/15 15:22:59 912][Px1747][Tx777fe700][TRC] LENGINE    leng_shell 264  lEngine_Start() [out] 0
[2016/12/15 15:22:59 913][Px1747][Tx777fe700][TRC] LENGINE    leng_shell 444  lEngine_RegisterCallBack(6400ec60,6400a288,7ecdec30,777fd780,) [in]
[2016/12/15 15:22:59 913][Px1747][Tx777fe700][DBG] MSPTHREAD  MSPThreadP 733  POST l_engine_2:8:1:0
[2016/12/15 15:22:59 913][Px1747][Tx777fe700][TRC] LENGINE    leng_shell 481  lEngine_RegisterCallBack() [out] 0
[2016/12/15 15:22:59 914][Px1747][Tx777fe700][TRC] LENGINE    leng_shell 351  lEngine_PostMessage(6400ec60,307,2,) [in]
[2016/12/15 15:22:59 914][Px1747][Tx777fe700][DBG] MSPTHREAD  MSPThreadP 733  POST l_engine_2:10:1:0
[2016/12/15 15:22:59 914][Px1747][Tx777fe700][TRC] LENGINE    leng_shell 374  lEngine_PostMessage() [out] 0
[2016/12/15 15:22:59 914][Px1747][Tx77fff700][TRC] LENGINE    luac_auth. 106  luac_loadluacAuth enter
[2016/12/15 15:22:59 915][Px1747][Tx77fff700][TRC] LENGINE    luac_auth. 91   luac_openluacAuth enter
[2016/12/15 15:22:59 915][Px1747][Tx77fff700][TRC] LENGINE    luac_auth. 99   luac_openluacAuth leave
[2016/12/15 15:22:59 915][Px1747][Tx77fff700][TRC] LENGINE    luac_auth. 109  luac_loadluacAuth leave
[2016/12/15 15:22:59 915][Px1747][Tx77fff700][INF] LLOADER    lloader.c  327  load config
[2016/12/15 15:22:59 915][Px1747][Tx77fff700][INF] LLOADER    lloader.c  339  a intalled entry
[2016/12/15 15:22:59 920][Px1747][Tx77fff700][INF] LLOADER    lloader.c  365  from rom
[2016/12/15 15:22:59 920][Px1747][Tx77fff700][PRF] LLOADER    lloader.c  397  load config cost 4 (ms)
[2016/12/15 15:22:59 921][Px1747][Tx77fff700][INF] LMOD       luac_logge 172  [config:42:use general cloud  ]
[2016/12/15 15:22:59 921][Px1747][Tx77fff700][INF] LLOADER    lloader.c  327  load update
[2016/12/15 15:22:59 921][Px1747][Tx77fff700][INF] LLOADER    lloader.c  339  a intalled entry
[2016/12/15 15:22:59 922][Px1747][Tx77fff700][INF] LLOADER    lloader.c  365  from rom
[2016/12/15 15:22:59 923][Px1747][Tx77fff700][PRF] LLOADER    lloader.c  397  load update cost 1 (ms)
[2016/12/15 15:22:59 923][Px1747][Tx77fff700][INF] LLOADER    lloader.c  327  load transport
[2016/12/15 15:22:59 923][Px1747][Tx77fff700][INF] LLOADER    lloader.c  339  a intalled entry
[2016/12/15 15:22:59 923][Px1747][Tx77fff700][INF] LLOADER    lloader.c  365  from rom
[2016/12/15 15:22:59 924][Px1747][Tx77fff700][PRF] LLOADER    lloader.c  397  load transport cost 0 (ms)
[2016/12/15 15:22:59 924][Px1747][Tx77fff700][INF] LLOADER    lloader.c  327  load ns
[2016/12/15 15:22:59 924][Px1747][Tx77fff700][INF] LLOADER    lloader.c  339  a intalled entry
[2016/12/15 15:22:59 925][Px1747][Tx77fff700][INF] LLOADER    lloader.c  365  from rom
[2016/12/15 15:22:59 925][Px1747][Tx77fff700][PRF] LLOADER    lloader.c  397  load ns cost 0 (ms)
[2016/12/15 15:22:59 925][Px1747][Tx777fe700][TRC] LMOD       luac_logge 170  [grm_lex:254:ISR_MSG_BUILDGRAMMAR ret =  0  ]
[2016/12/15 15:22:59 925][Px1747][Tx777fe700][DBG] LENGINE    leng_rpc.c 527  luacRPCFuncProto_Invoke() [out] ret = 0
[2016/12/15 15:22:59 926][Px1747][Tx77fff700][INF] LLOADER    lloader.c  327  load network
[2016/12/15 15:22:59 926][Px1747][Tx77fff700][INF] LLOADER    lloader.c  339  a intalled entry
[2016/12/15 15:22:59 926][Px1747][Tx77fff700][INF] LLOADER    lloader.c  365  from rom
[2016/12/15 15:22:59 927][Px1747][Tx77fff700][PRF] LLOADER    lloader.c  397  load network cost 1 (ms)
[2016/12/15 15:22:59 927][Px1747][Tx77fff700][TRC] LENGINE    luac_auth. 118  luac_auth_new enter
[2016/12/15 15:22:59 928][Px1747][Tx77fff700][TRC] LENGINE    luac_auth. 126  luac_auth_new leave
[2016/12/15 15:22:59 928][Px1747][Tx77fff700][DBG] LENGINE    leng_main. 263  precall return 0
[2016/12/15 15:22:59 928][Px1747][Tx77fff700][DBG] LENGINE    leng_main. 288  [local_build_777fd818777fd82069be82585325d37ece0410], ACTIVE
[2016/12/15 15:22:59 928][Px1747][Tx77fff700][DBG] LENGINE    leng_rpc.c 413  luacRPCFuncProto_Invoke(6c078610,6400ec60) [in]
[2016/12/15 15:22:59 929][Px1747][Tx77fff700][TRC] LMOD       luac_logge 170  [isr_local:2145:os_type is:  Linux  ]
[2016/12/15 15:22:59 930][Px1747][Tx77fff700][TRC] LMOD       luac_logge 170  [isr_local:2154:SYS_MSG_LOAD_LOCAL  ]
[2016/12/15 15:22:59 930][Px1747][Tx77fff700][DBG] LENGINE    leng_rpc.c 527  luacRPCFuncProto_Invoke() [out] ret = 0
[2016/12/15 15:22:59 930][Px1747][Tx77fff700][DBG] LENGINE    leng_main. 312  [local_build_777fd818777fd82069be82585325d37ece0410], loaded
[2016/12/15 15:22:59 930][Px1747][Tx77fff700][DBG] LENGINE    leng_rpc.c 413  luacRPCFuncProto_Invoke(6c03e350,6400ec60) [in]
[2016/12/15 15:22:59 931][Px1747][Tx77fff700][TRC] LMOD       luac_logge 170  [isr_local:2183:SYS_MSG_REGCB_LOCAL| param0 =  msp_status_cb  ]
[2016/12/15 15:22:59 931][Px1747][Tx77fff700][INF] LMOD       luac_logge 172  [isr_local:2242:last gc at  1481844179  ]
[2016/12/15 15:22:59 931][Px1747][Tx77fff700][DBG] LENGINE    leng_rpc.c 527  luacRPCFuncProto_Invoke() [out] ret = 0
[2016/12/15 15:22:59 931][Px1747][Tx77fff700][DBG] LENGINE    leng_main. 345  lEngine_LoadEnv() [out] successfully
[2016/12/15 15:22:59 932][Px1747][Tx77fff700][DBG] LENGINE    leng_main. 567  local_build_777fd818777fd82069be82585325d37ece0410, eng = l_engine_2, env = 6400ec60, L = 6400ed70
[2016/12/15 15:22:59 932][Px1747][Tx77fff700][INF] LENGINE    leng_main. 568  l_engine_2 occupancy: 1 (33%)
[2016/12/15 15:22:59 932][Px1747][Tx77fff700][DBG] LENGINE    leng_main. 686  ENGINE_MSG_REGCB
[2016/12/15 15:22:59 932][Px1747][Tx77fff700][DBG] LENGINE    leng_main. 711  local_build_777fd818777fd82069be82585325d37ece0410 (build_grm_cb)
[2016/12/15 15:22:59 932][Px1747][Tx77fff700][DBG] LENGINE    leng_rpc.c 413  luacRPCFuncProto_Invoke(6c03e4d0,6400ec60) [in]
[2016/12/15 15:22:59 933][Px1747][Tx77fff700][TRC] LMOD       luac_logge 170  [isr_local:2183:SYS_MSG_REGCB_LOCAL| param0 =  build_grm_cb  ]
[2016/12/15 15:22:59 933][Px1747][Tx77fff700][INF] LMOD       luac_logge 172  [isr_local:2242:last gc at  1481844179  ]
[2016/12/15 15:22:59 934][Px1747][Tx77fff700][DBG] LENGINE    leng_rpc.c 527  luacRPCFuncProto_Invoke() [out] ret = 0
[2016/12/15 15:22:59 934][Px1747][Tx77fff700][DBG] LENGINE    leng_main. 513  ENGINE_MSG_RPC_ASYNC
[2016/12/15 15:22:59 934][Px1747][Tx77fff700][DBG] LENGINE    leng_main. 521  [local_build_777fd818777fd82069be82585325d37ece0410], stat = 1
[2016/12/15 15:22:59 934][Px1747][Tx77fff700][DBG] LENGINE    leng_rpc.c 413  luacRPCFuncProto_Invoke(640170e0,6400ec60) [in]
[2016/12/15 15:22:59 935][Px1747][Tx77fff700][TRC] LMOD       luac_logge 170  [isr_local:2196:ASR_LOCAL_MSG_BUILD_GRM  ]
[2016/12/15 15:22:59 935][Px1747][Tx77fff700][TRC] LMOD       luac_logge 170  [isr_local:1838:grm_init | params:  engine_type = local, 		asr_res_path = fo|res/asr/common.jet, sample_rate = 16000, 		grm_build_path = res/asr/GrmBuilld,   ]
[2016/12/15 15:22:59 936][Px1747][Tx77fff700][TRC] LMOD       luac_logge 170  [isr_local:801:engine_type  :  local  ]
[2016/12/15 15:22:59 936][Px1747][Tx77fff700][TRC] LMOD       luac_logge 170  [isr_local:801:asr_res_path  :  fo|res/asr/common.jet  ]
[2016/12/15 15:22:59 936][Px1747][Tx77fff700][TRC] LMOD       luac_logge 170  [isr_local:801:sample_rate  :  16000  ]
[2016/12/15 15:22:59 937][Px1747][Tx77fff700][TRC] LMOD       luac_logge 170  [isr_local:801:grm_build_path  :  res/asr/GrmBuilld  ]
[2016/12/15 15:22:59 937][Px1747][Tx77fff700][TRC] LENGINE    aitalk.c   668  Grm_New(6c03ef28, 2, 6c03f008, 77ffe7fc) [in]
[2016/12/15 15:22:59 937][Px1747][Tx77fff700][TRC] LENGINE    aitalk.c   692  temp path is res/asr/GrmBuilld/temp/
[2016/12/15 15:22:59 939][Px1747][Tx77fff700][DBG] MSPTHREAD  MSPThreadP 733  POST grmWorker_build:1:1:0
[2016/12/15 15:22:59 939][Px1747][Tx767fc700][DBG] MSPTHREAD  MSPThreadP 825  grmWorker_build IDLE
[2016/12/15 15:22:59 940][Px1747][Tx77fff700][TRC] LENGINE    aitalk.c   740  Grm_New(6c03f100, 0) [out]
[2016/12/15 15:22:59 940][Px1747][Tx767fc700][DBG] MSPTHREAD  MSPThreadP 867  grmWorker_build RUN <grmWorker_build>
[2016/12/15 15:22:59 940][Px1747][Tx77fff700][TRC] LMOD       luac_logge 170  [isr_local:998:file count =   1  ]
[2016/12/15 15:22:59 940][Px1747][Tx77fff700][TRC] LMOD       luac_logge 170  [isr_local:921:file open type is:   fo  ]
[2016/12/15 15:22:59 941][Px1747][Tx77fff700][TRC] LMOD       luac_logge 170  [isr_local:954:res/asr/common.jet  0  0  ]
[2016/12/15 15:22:59 941][Px1747][Tx77fff700][TRC] LMOD       luac_logge 170  [isr_local:1016:speech_plus_setting  0  ]
[2016/12/15 15:22:59 941][Px1747][Tx77fff700][TRC] LMOD       luac_logge 170  [isr_local:1029:2  nil  res/asr/common.jet  0  0  ]
[2016/12/15 15:22:59 942][Px1747][Tx77fff700][TRC] LENGINE    aitalk.c   123  Esr_ResCheck(2, 77ffe750) [in]
[2016/12/15 15:22:59 942][Px1747][Tx77fff700][TRC] LENGINE    aitalk.c   124  Esr_ResCheck(2, 6c040b08, 0, 0) [in]
[2016/12/15 15:22:59 943][Px1747][Tx77fff700][TRC] LENGINE    aitalk.c   200  Esr_ResCheck( 0) [out]
[2016/12/15 15:22:59 944][Px1747][Tx77fff700][TRC] LMOD       luac_logge 170  [isr_local:1031:res_ver  2  ]
[2016/12/15 15:22:59 944][Px1747][Tx77fff700][TRC] LMOD       luac_logge 170  [isr_local:1032:res 5  a67ec4631cc3043e4b7fce4a4b7234d9  ]
[2016/12/15 15:22:59 944][Px1747][Tx77fff700][TRC] LMOD       luac_logge 170  [isr_local:1033:res_new_old_mark  v5pp  ]
[2016/12/15 15:22:59 945][Px1747][Tx77fff700][TRC] LMOD       luac_logge 170  [isr_local:1034:res_usr_name    ]
[2016/12/15 15:22:59 945][Px1747][Tx77fff700][TRC] LMOD       luac_logge 170  [isr_local:1035:res_expires  1485072161  ]
[2016/12/15 15:22:59 945][Px1747][Tx77fff700][TRC] LMOD       luac_logge 170  [isr_local:1036:err  0  ]
[2016/12/15 15:22:59 946][Px1747][Tx77fff700][TRC] LMOD       luac_logge 170  [isr_local:1052:lgi appid 5  a67ec4631cc3043e4b7fce4a4b7234d9  ]
[2016/12/15 15:22:59 946][Px1747][Tx77fff700][TRC] LMOD       luac_logge 170  [isr_local:1067:now expires:  1481844179  1485072161  ]
[2016/12/15 15:22:59 946][Px1747][Tx77fff700][TRC] LENGINE    aitalk.c   1749 GetResFileInfoList_FO(6c03f100, 6c040b08, 256, 0)
[2016/12/15 15:22:59 947][Px1747][Tx77fff700][TRC] LENGINE    aitalk.c   1627 GetResPathInfo [in]
[2016/12/15 15:22:59 947][Px1747][Tx77fff700][TRC] LENGINE    aitalk.c   1485 ParseHeaderInfo() [in]
[2016/12/15 15:22:59 947][Px1747][Tx77fff700][TRC] LENGINE    aitalk.c   1606 ParseHeaderInfo() [out]
[2016/12/15 15:22:59 947][Px1747][Tx77fff700][TRC] LENGINE    aitalk.c   1735 GetResPathInfo(ret=0) [out]
[2016/12/15 15:22:59 948][Px1747][Tx77fff700][TRC] LENGINE    aitalk.c   1788 GetResFileInfoList_FO(0)[out]
[2016/12/15 15:22:59 948][Px1747][Tx77fff700][TRC] LENGINE    aitalk.c   751  Grm_Create(6c03f100, 160, 6c009388) [in]
[2016/12/15 15:22:59 948][Px1747][Tx77fff700][DBG] MSPTHREAD  MSPThreadP 733  POST grmWorker_build:5:1:1
[2016/12/15 15:22:59 948][Px1747][Tx77fff700][TRC] LENGINE    aitalk.c   791  Grm_Create(0) [out]
[2016/12/15 15:22:59 949][Px1747][Tx767fc700][TRC] LENGINE    aitalk.c   1088 CBOpenFile: open file name:grm.irf
[2016/12/15 15:22:59 949][Px1747][Tx767fc700][TRC] LENGINE    aitalk.c   1880 GetResFileInfo(6c03f100, grm.irf, 767fb41c)[in]
[2016/12/15 15:22:59 949][Px1747][Tx767fc700][TRC] LENGINE    aitalk.c   1901 GetResFileInfo | File[grm.irf] Found!
[2016/12/15 15:22:59 950][Px1747][Tx767fc700][TRC] LENGINE    aitalk.c   1941 GetResFileInfo(0)[out]
[2016/12/15 15:22:59 950][Px1747][Tx767fc700][TRC] LENGINE    aitalk.c   1975 CBOpenFile | res_file_info=5c0011c0
[2016/12/15 15:22:59 950][Px1747][Tx767fc700][TRC] LENGINE    aitalk.c   1982 CBOpenFile | type=2
[2016/12/15 15:22:59 950][Px1747][Tx767fc700][TRC] LENGINE    aitalk.c   1985 CBOpenFile | ESR_FILE_OP_TYPE_FO : resource file name=res/asr/common.jet
[2016/12/15 15:22:59 950][Px1747][Tx77fff700][TRC] LENGINE    aitalk.c   835  Grm_BnfParser(6c03f100, 6c040d48, 304) [in]
[2016/12/15 15:22:59 951][Px1747][Tx77fff700][DBG] MSPTHREAD  MSPThreadP 733  POST grmWorker_build:6:1:0
[2016/12/15 15:22:59 951][Px1747][Tx77fff700][TRC] LENGINE    aitalk.c   875  Grm_BnfParser(0) [out]
[2016/12/15 15:22:59 951][Px1747][Tx77fff700][TRC] LENGINE    aitalk.c   885  Grm_BuildNetwork(6c03f100, 0, 160) [in]
[2016/12/15 15:22:59 952][Px1747][Tx77fff700][DBG] MSPTHREAD  MSPThreadP 733  POST grmWorker_build:7:1:0
[2016/12/15 15:22:59 952][Px1747][Tx77fff700][TRC] LENGINE    aitalk.c   920  Grm_BuildNetwork(0) [out]
[2016/12/15 15:22:59 953][Px1747][Tx77fff700][TRC] LMOD       luac_logge 170  [isr_local:1579:proc_retcode_grm | errorcode =  0  ]
[2016/12/15 15:22:59 953][Px1747][Tx77fff700][DBG] LENGINE    leng_rpc.c 527  luacRPCFuncProto_Invoke() [out] ret = 0
[2016/12/15 15:22:59 954][Px1747][Tx767fc700][TRC] LENGINE    aitalk.c   1088 CBOpenFile: open file name:ivTable.irf
[2016/12/15 15:22:59 954][Px1747][Tx767fc700][TRC] LENGINE    aitalk.c   1880 GetResFileInfo(6c03f100, ivTable.irf, 767fb52c)[in]
[2016/12/15 15:22:59 954][Px1747][Tx767fc700][TRC] LENGINE    aitalk.c   1901 GetResFileInfo | File[ivTable.irf] Found!
[2016/12/15 15:22:59 954][Px1747][Tx767fc700][TRC] LENGINE    aitalk.c   1941 GetResFileInfo(0)[out]
[2016/12/15 15:22:59 955][Px1747][Tx767fc700][TRC] LENGINE    aitalk.c   1975 CBOpenFile | res_file_info=5c004200
[2016/12/15 15:22:59 955][Px1747][Tx767fc700][TRC] LENGINE    aitalk.c   1982 CBOpenFile | type=2
[2016/12/15 15:22:59 955][Px1747][Tx767fc700][TRC] LENGINE    aitalk.c   1985 CBOpenFile | ESR_FILE_OP_TYPE_FO : resource file name=res/asr/common.jet
[2016/12/15 15:22:59 956][Px1747][Tx767fc700][TRC] LENGINE    aitalk.c   1088 CBOpenFile: open file name:grm.irf
[2016/12/15 15:22:59 956][Px1747][Tx767fc700][TRC] LENGINE    aitalk.c   1880 GetResFileInfo(6c03f100, grm.irf, 767fb36c)[in]
[2016/12/15 15:22:59 956][Px1747][Tx767fc700][TRC] LENGINE    aitalk.c   1901 GetResFileInfo | File[grm.irf] Found!
[2016/12/15 15:22:59 957][Px1747][Tx767fc700][TRC] LENGINE    aitalk.c   1941 GetResFileInfo(0)[out]
[2016/12/15 15:22:59 957][Px1747][Tx767fc700][TRC] LENGINE    aitalk.c   1975 CBOpenFile | res_file_info=5c004a90
[2016/12/15 15:22:59 957][Px1747][Tx767fc700][TRC] LENGINE    aitalk.c   1982 CBOpenFile | type=2
[2016/12/15 15:22:59 957][Px1747][Tx767fc700][TRC] LENGINE    aitalk.c   1985 CBOpenFile | ESR_FILE_OP_TYPE_FO : resource file name=res/asr/common.jet
[2016/12/15 15:22:59 957][Px1747][Tx767fc700][TRC] LENGINE    aitalk.c   1088 CBOpenFile: open file name:bzvskdaa.d
[2016/12/15 15:22:59 961][Px1747][Tx767fc700][TRC] LENGINE    aitalk.c   1088 CBOpenFile: open file name:yzwxomga.d
[2016/12/15 15:22:59 962][Px1747][Tx767fc700][TRC] LENGINE    aitalk.c   1088 CBOpenFile: open file name:uikawbda.d
[2016/12/15 15:22:59 964][Px1747][Tx767fc700][TRC] LENGINE    aitalk.c   1088 CBOpenFile: open file name:cmd.g
[2016/12/15 15:22:59 965][Px1747][Tx767fc700][TRC] LENGINE    aitalk.c   1088 CBOpenFile: open file name:cmd.g
[2016/12/15 15:22:59 966][Px1747][Tx767fc700][TRC] LENGINE    aitalk.c   1088 CBOpenFile: open file name:cmd.g
[2016/12/15 15:22:59 967][Px1747][Tx767fc700][TRC] LENGINE    aitalk.c   1088 CBOpenFile: open file name:ivHmmRes_16K.irf
[2016/12/15 15:22:59 967][Px1747][Tx767fc700][TRC] LENGINE    aitalk.c   1880 GetResFileInfo(6c03f100, ivHmmRes_16K.irf, 767fb18c)[in]
[2016/12/15 15:22:59 967][Px1747][Tx767fc700][TRC] LENGINE    aitalk.c   1901 GetResFileInfo | File[ivHmmRes_16K.irf] Found!
[2016/12/15 15:22:59 967][Px1747][Tx767fc700][TRC] LENGINE    aitalk.c   1941 GetResFileInfo(0)[out]
[2016/12/15 15:22:59 968][Px1747][Tx767fc700][TRC] LENGINE    aitalk.c   1975 CBOpenFile | res_file_info=5c0043a0
[2016/12/15 15:22:59 968][Px1747][Tx767fc700][TRC] LENGINE    aitalk.c   1982 CBOpenFile | type=2
[2016/12/15 15:22:59 968][Px1747][Tx767fc700][TRC] LENGINE    aitalk.c   1985 CBOpenFile | ESR_FILE_OP_TYPE_FO : resource file name=res/asr/common.jet
[2016/12/15 15:22:59 971][Px1747][Tx767fc700][TRC] LENGINE    aitalk.c   1088 CBOpenFile: open file name:cmd_16K
[2016/12/15 15:22:59 973][Px1747][Tx767fc700][DBG] MSPTHREAD  MSPThreadP 733  POST l_engine_2:10:1:1
[2016/12/15 15:22:59 974][Px1747][Tx77fff700][DBG] LENGINE    leng_main. 513  ENGINE_MSG_RPC_ASYNC
[2016/12/15 15:22:59 974][Px1747][Tx77fff700][DBG] LENGINE    leng_main. 521  [local_build_777fd818777fd82069be82585325d37ece0410], stat = 1
[2016/12/15 15:22:59 974][Px1747][Tx77fff700][DBG] LENGINE    leng_rpc.c 413  luacRPCFuncProto_Invoke(5c004ae0,6400ec60) [in]
[2016/12/15 15:22:59 975][Px1747][Tx77fff700][TRC] LMOD       luac_logge 170  [isr_local:1956:grammar id:cmd  ]
[2016/12/15 15:22:59 976][Px1747][Tx77fff700][TRC] LMOD       luac_logge 170  [isr_local:1571:onGrmLocalServiceCb  0  cmd  ]
[2016/12/15 15:22:59 976][Px1747][Tx77fff700][DBG] MSPTHREAD  MSPThreadP 733  POST l_engine_3:10:1:1
[2016/12/15 15:22:59 976][Px1747][Tx77fff700][PRF] LENGINE    leng_main. 189  callc(build_grm_cb) cost 0 ms
[2016/12/15 15:22:59 977][Px1747][Tx77fff700][TRC] LENGINE    aitalk.c   799  Grm_Destroy(6c03f100) [in]
[2016/12/15 15:22:59 977][Px1747][Tx77fff700][DBG] MSPTHREAD  MSPThreadP 733  POST grmWorker_build:11:1:1
[2016/12/15 15:22:59 977][Px1747][Tx77fff700][DBG] MSPTHREAD  MSPThreadP 733  POST grmWorker_build:2:1:0
[2016/12/15 15:22:59 977][Px1747][Tx777fe700][DBG] LENGINE    leng_main. 513  ENGINE_MSG_RPC_ASYNC
[2016/12/15 15:22:59 978][Px1747][Tx777fe700][DBG] LENGINE    leng_main. 521  [local_grm], stat = 1
[2016/12/15 15:22:59 978][Px1747][Tx777fe700][DBG] LENGINE    leng_rpc.c 413  luacRPCFuncProto_Invoke(6c040e90,94b020) [in]
[2016/12/15 15:22:59 978][Px1747][Tx767fc700][TRC] LENGINE    aitalk.c   2173 AITALK GRM_WORKER EXIT
[2016/12/15 15:22:59 978][Px1747][Tx777fe700][TRC] LMOD       luac_logge 170  [grm_lex:71:0  cmd  ]
[2016/12/15 15:22:59 978][Px1747][Tx777fe700][TRC] QISR       qisr.c     860  grmMessageCallBackC| enter
[2016/12/15 15:22:59 979][Px1747][Tx777fe700][TRC] QISR       qisr.c     891  grmMessageCallBackC| leave
[2016/12/15 15:22:59 979][Px1747][Tx777fe700][PRF] LENGINE    leng_main. 189  callc(grmMessageCallBackC) cost 1 ms
[2016/12/15 15:22:59 979][Px1747][Tx777fe700][TRC] LENGINE    leng_shell 512  lEngine_Exit(94b020) [in]
[2016/12/15 15:22:59 979][Px1747][Tx777fe700][DBG] LENGINE    leng_shell 516  [local_grm] dying...
[2016/12/15 15:22:59 980][Px1747][Tx777fe700][DBG] MSPTHREAD  MSPThreadP 733  POST l_engine_3:9:1:0
[2016/12/15 15:22:59 980][Px1747][Tx777fe700][TRC] LENGINE    leng_shell 549  lEngine_Exit() [out] 0
[2016/12/15 15:22:59 980][Px1747][Tx777fe700][DBG] LENGINE    leng_rpc.c 527  luacRPCFuncProto_Invoke() [out] ret = 0
[2016/12/15 15:22:59 980][Px1747][Tx777fe700][DBG] LENGINE    leng_main. 647  ENGINE_MSG_STOP
[2016/12/15 15:22:59 980][Px1747][Tx777fe700][DBG] LENGINE    leng_main. 667  [local_grm] bg, unload directly!
[2016/12/15 15:22:59 981][Px1747][Tx777fe700][INF] LENGINE    leng_main. 672  l_engine_3 occupancy: 0 (0%)
[2016/12/15 15:22:59 981][Px1747][Tx767fc700][DBG] MSPTHREAD  MSPThreadP 871  grmWorker_build END <grmWorker_build>
[2016/12/15 15:22:59 981][Px1747][Tx77fff700][TRC] LENGINE    aitalk.c   824  Grm_Destroy(6c03f100, 0) [out]
[2016/12/15 15:22:59 981][Px1747][Tx77fff700][TRC] LENGINE    leng_shell 512  lEngine_Exit(6400ec60) [in]
[2016/12/15 15:22:59 982][Px1747][Tx77fff700][DBG] LENGINE    leng_shell 516  [local_build_777fd818777fd82069be82585325d37ece0410] dying...
[2016/12/15 15:22:59 982][Px1747][Tx77fff700][DBG] MSPTHREAD  MSPThreadP 733  POST l_engine_2:9:1:0
[2016/12/15 15:22:59 982][Px1747][Tx77fff700][TRC] LENGINE    leng_shell 549  lEngine_Exit() [out] 0
[2016/12/15 15:22:59 982][Px1747][Tx77fff700][DBG] LENGINE    leng_rpc.c 527  luacRPCFuncProto_Invoke() [out] ret = 0
[2016/12/15 15:22:59 982][Px1747][Tx77fff700][DBG] LENGINE    leng_main. 647  ENGINE_MSG_STOP
[2016/12/15 15:22:59 982][Px1747][Tx77fff700][DBG] LENGINE    leng_main. 667  [local_build_777fd818777fd82069be82585325d37ece0410] bg, unload directly!
[2016/12/15 15:22:59 983][Px1747][Tx77fff700][INF] LENGINE    leng_main. 672  l_engine_2 occupancy: 0 (0%)
[2016/12/15 15:22:59 983][Px1747][Tx767fc700][DBG] MSPTHREAD  MSPThreadP 894  grmWorker_build IDLE
[2016/12/15 15:23:13 004][Px1747][Tx7f39e700][TRC] QISR       qisr.c     189  QISRSessionBegin(0,94a3b0,3d267a48) [in]
[2016/12/15 15:23:13 005][Px1747][Tx7f39e700][TRC] MSPCMN     msp_cmn.c  2610 MSPGetParam(7ee35a08, 3d267980, 3d267978) [in]
[2016/12/15 15:23:13 005][Px1747][Tx7f39e700][TRC] MSPCMN     msp_cmn.c  2626 MSPGetParam() [out] -1
[2016/12/15 15:23:13 005][Px1747][Tx7f39e700][TRC] LENGINE    leng_shell 109  lEngine_Start(7eea350b,94b020,1,) [in]
[2016/12/15 15:23:13 005][Px1747][Tx7f39e700][INF] LLOADER    lloader.c  327  load isr
[2016/12/15 15:23:13 005][Px1747][Tx7f39e700][INF] LLOADER    lloader.c  339  a intalled entry
[2016/12/15 15:23:13 006][Px1747][Tx7f39e700][INF] LLOADER    lloader.c  365  from rom
[2016/12/15 15:23:13 006][Px1747][Tx7f39e700][PRF] LLOADER    lloader.c  397  load isr cost 1 (ms)
[2016/12/15 15:23:13 006][Px1747][Tx7f39e700][DBG] LENGINE    leng_shell 193  env=94b860,isr,cisr1PdHHBHNrqyJXZPVaad4DB2JBviknj
[2016/12/15 15:23:13 007][Px1747][Tx7f39e700][DBG] MSPTHREAD  MSPThreadP 733  POST l_engine_3:6:1:1
[2016/12/15 15:23:13 007][Px1747][Tx777fe700][DBG] LENGINE    leng_main. 561  ENGINE_MSG_LOAD
[2016/12/15 15:23:13 007][Px1747][Tx777fe700][DBG] LENGINE    leng_main. 209  lEngine_LoadEnv(7f1963a0,94b860) [in]
[2016/12/15 15:23:13 008][Px1747][Tx7f39e700][TRC] LENGINE    leng_shell 264  lEngine_Start() [out] 0
[2016/12/15 15:23:13 008][Px1747][Tx7f39e700][TRC] LENGINE    leng_shell 385  lEngine_SendMessage(94b860,1,2,,,) [in]
[2016/12/15 15:23:13 008][Px1747][Tx777fe700][INF] LLOADER    lloader.c  327  load ecode
[2016/12/15 15:23:13 009][Px1747][Tx777fe700][INF] LLOADER    lloader.c  339  a intalled entry
[2016/12/15 15:23:13 009][Px1747][Tx777fe700][INF] LLOADER    lloader.c  365  from rom
[2016/12/15 15:23:13 009][Px1747][Tx777fe700][PRF] LLOADER    lloader.c  397  load ecode cost 1 (ms)
[2016/12/15 15:23:13 009][Px1747][Tx777fe700][DBG] LENGINE    leng_main. 263  precall return 0
[2016/12/15 15:23:13 010][Px1747][Tx777fe700][DBG] LENGINE    leng_main. 288  [cisr1PdHHBHNrqyJXZPVaad4DB2JBviknj], ACTIVE
[2016/12/15 15:23:13 010][Px1747][Tx777fe700][DBG] LENGINE    leng_rpc.c 413  luacRPCFuncProto_Invoke(640255a0,94b860) [in]
[2016/12/15 15:23:13 010][Px1747][Tx7f39e700][DBG] MSPTHREAD  MSPThreadP 733  POST l_engine_3:11:1:0
[2016/12/15 15:23:13 011][Px1747][Tx777fe700][TRC] LMOD       luac_logge 170  [isr:1641:isr loaded!  ]
[2016/12/15 15:23:13 012][Px1747][Tx777fe700][DBG] LENGINE    leng_rpc.c 527  luacRPCFuncProto_Invoke() [out] ret = 0
[2016/12/15 15:23:13 012][Px1747][Tx777fe700][DBG] LENGINE    leng_main. 312  [cisr1PdHHBHNrqyJXZPVaad4DB2JBviknj], loaded
[2016/12/15 15:23:13 012][Px1747][Tx777fe700][DBG] LENGINE    leng_rpc.c 413  luacRPCFuncProto_Invoke(64025a70,94b860) [in]
[2016/12/15 15:23:13 013][Px1747][Tx777fe700][TRC] LMOD       luac_logge 170  [isr:1624:SYS_MSG_REGCB param0 =   msp_status_cb  param1 =   func(640255e0) ]
[2016/12/15 15:23:13 013][Px1747][Tx777fe700][DBG] LENGINE    leng_rpc.c 527  luacRPCFuncProto_Invoke() [out] ret = 0
[2016/12/15 15:23:13 014][Px1747][Tx777fe700][DBG] LENGINE    leng_main. 345  lEngine_LoadEnv() [out] successfully
[2016/12/15 15:23:13 014][Px1747][Tx777fe700][DBG] LENGINE    leng_main. 567  cisr1PdHHBHNrqyJXZPVaad4DB2JBviknj, eng = l_engine_3, env = 94b860, L = 9439f0
[2016/12/15 15:23:13 014][Px1747][Tx777fe700][INF] LENGINE    leng_main. 568  l_engine_3 occupancy: 1 (33%)
[2016/12/15 15:23:13 015][Px1747][Tx777fe700][DBG] LENGINE    leng_main. 535  ENGINE_MSG_RPC_SYNC
[2016/12/15 15:23:13 015][Px1747][Tx777fe700][DBG] LENGINE    leng_main. 543  [cisr1PdHHBHNrqyJXZPVaad4DB2JBviknj], stat = 1
[2016/12/15 15:23:13 015][Px1747][Tx777fe700][DBG] LENGINE    leng_rpc.c 413  luacRPCFuncProto_Invoke(94bf00,94b860) [in]
[2016/12/15 15:23:13 016][Px1747][Tx777fe700][TRC] LMOD       luac_logge 170  [isr:1525:ASR_MSG_SSB  ]
[2016/12/15 15:23:13 016][Px1747][Tx777fe700][TRC] LMOD       luac_logge 170  [isr:1070:session_begin() [in], params:   engine_type = local, asr_res_path = fo|res/asr/common.jet, sample_rate = 16000, grm_build_path = res/asr/GrmBuilld, local_grammar = cmd, result_type = xml, result_encoding = UTF-8,   nil  ]
[2016/12/15 15:23:13 017][Px1747][Tx777fe700][TRC] LMOD       luac_logge 170  [isr:938:vad_set [in]  ]
[2016/12/15 15:23:13 019][Px1747][Tx777fe700][TRC] LMOD       luac_logge 170  [isr:973:vad_enable :  true  ]
[2016/12/15 15:23:13 019][Px1747][Tx777fe700][TRC] LMOD       luac_logge 170  [isr:991:vad_bos :  10000  ]
[2016/12/15 15:23:13 020][Px1747][Tx777fe700][TRC] LMOD       luac_logge 170  [isr:992:vad_eos :  2000  ]
[2016/12/15 15:23:13 020][Px1747][Tx777fe700][TRC] LMOD       luac_logge 170  [isr:897:enable_vad [in]  ]
[2016/12/15 15:23:13 020][Px1747][Tx777fe700][TRC] AUDIOCODEC audio_code 521  audioEncoder_New(640105f8, 0) [in]
[2016/12/15 15:23:13 021][Px1747][Tx777fe700][INF] AUDIOCODEC audio_code 527  codecsType = 114
[2016/12/15 15:23:13 021][Px1747][Tx777fe700][DBG] MSPTHREAD  MSPThreadP 733  POST grmWorker_build:1:1:1
[2016/12/15 15:23:13 021][Px1747][Tx777fe700][TRC] AUDIOCODEC audio_code 847  audioEncoder_EnableVAD() [in]
[2016/12/15 15:23:13 022][Px1747][Tx777fe700][DBG] AUDIOCODEC audio_code 854  iFlyFixFrontVersion = 1.0.1013
[2016/12/15 15:23:13 022][Px1747][Tx777fe700][DBG] AUDIOCODEC audio_code 856  iFlyFixFrontCreate() ret=0
[2016/12/15 15:23:13 022][Px1747][Tx777fe700][TRC] AUDIOCODEC audio_code 874  audioEncoder_SetVADParam(, 0, 10000) [in]
[2016/12/15 15:23:13 023][Px1747][Tx777fe700][TRC] AUDIOCODEC audio_code 874  audioEncoder_SetVADParam(, 1, 2000) [in]
[2016/12/15 15:23:13 023][Px1747][Tx777fe700][TRC] AUDIOCODEC audio_code 874  audioEncoder_SetVADParam(, 5, 0) [in]
[2016/12/15 15:23:13 023][Px1747][Tx767fc700][DBG] MSPTHREAD  MSPThreadP 867  grmWorker_build RUN <audioEncoder>
[2016/12/15 15:23:13 024][Px1747][Tx777fe700][TRC] LMOD       luac_logge 170  [isr:929:vad enabled!  2000  10000  ]
[2016/12/15 15:23:13 024][Px1747][Tx777fe700][TRC] LMOD       luac_logge 170  [isr:932:enable_vad [out]  ]
[2016/12/15 15:23:13 025][Px1747][Tx777fe700][TRC] LMOD       luac_logge 170  [isr:998:vad_set [out] | ret =  0  ]
[2016/12/15 15:23:13 026][Px1747][Tx777fe700][TRC] LMOD       luac_logge 170  [isr:1174:cur_engine_type =   local  ]
[2016/12/15 15:23:13 027][Px1747][Tx777fe700][TRC] LMOD       luac_logge 170  [isr:1003:local_session_begin  ]
[2016/12/15 15:23:13 027][Px1747][Tx777fe700][TRC] LENGINE    leng_shell 109  lEngine_Start(64005e18,64005e18,0,) [in]
[2016/12/15 15:23:13 027][Px1747][Tx777fe700][INF] LLOADER    lloader.c  327  load isr_local
[2016/12/15 15:23:13 027][Px1747][Tx777fe700][INF] LLOADER    lloader.c  339  a intalled entry
[2016/12/15 15:23:13 028][Px1747][Tx777fe700][INF] LLOADER    lloader.c  365  from rom
[2016/12/15 15:23:13 028][Px1747][Tx777fe700][PRF] LLOADER    lloader.c  397  load isr_local cost 0 (ms)
[2016/12/15 15:23:13 033][Px1747][Tx777fe700][DBG] LENGINE    leng_shell 193  env=6426de80,isr_local,isr_local
[2016/12/15 15:23:13 033][Px1747][Tx777fe700][DBG] MSPTHREAD  MSPThreadP 733  POST l_engine_2:6:1:1
[2016/12/15 15:23:13 033][Px1747][Tx77fff700][DBG] LENGINE    leng_main. 561  ENGINE_MSG_LOAD
[2016/12/15 15:23:13 033][Px1747][Tx77fff700][DBG] LENGINE    leng_main. 209  lEngine_LoadEnv(7f196360,6426de80) [in]
[2016/12/15 15:23:13 034][Px1747][Tx77fff700][INF] LLOADER    lloader.c  327  load ecode
[2016/12/15 15:23:13 035][Px1747][Tx77fff700][INF] LLOADER    lloader.c  339  a intalled entry
[2016/12/15 15:23:13 036][Px1747][Tx77fff700][INF] LLOADER    lloader.c  365  from rom
[2016/12/15 15:23:13 036][Px1747][Tx77fff700][PRF] LLOADER    lloader.c  397  load ecode cost 2 (ms)
[2016/12/15 15:23:13 036][Px1747][Tx77fff700][INF] LLOADER    lloader.c  327  load dkjson
[2016/12/15 15:23:13 037][Px1747][Tx77fff700][INF] LLOADER    lloader.c  339  a intalled entry
[2016/12/15 15:23:13 037][Px1747][Tx77fff700][INF] LLOADER    lloader.c  365  from rom
[2016/12/15 15:23:13 037][Px1747][Tx77fff700][PRF] LLOADER    lloader.c  397  load dkjson cost 1 (ms)
[2016/12/15 15:23:13 037][Px1747][Tx77fff700][INF] LLOADER    lloader.c  327  load debug
[2016/12/15 15:23:13 038][Px1747][Tx77fff700][INF] LLOADER    lloader.c  339  a intalled entry
[2016/12/15 15:23:13 038][Px1747][Tx77fff700][INF] LLOADER    lloader.c  365  from rom
[2016/12/15 15:23:13 039][Px1747][Tx77fff700][PRF] LLOADER    lloader.c  397  load debug cost 1 (ms)
[2016/12/15 15:23:13 039][Px1747][Tx77fff700][INF] LLOADER    lloader.c  327  load auth
[2016/12/15 15:23:13 039][Px1747][Tx77fff700][INF] LLOADER    lloader.c  339  a intalled entry
[2016/12/15 15:23:13 039][Px1747][Tx77fff700][INF] LLOADER    lloader.c  365  from rom
[2016/12/15 15:23:13 040][Px1747][Tx77fff700][PRF] LLOADER    lloader.c  397  load auth cost 2 (ms)
[2016/12/15 15:23:13 041][Px1747][Tx777fe700][TRC] LENGINE    leng_shell 264  lEngine_Start() [out] 0
[2016/12/15 15:23:13 042][Px1747][Tx777fe700][TRC] LENGINE    leng_shell 444  lEngine_RegisterCallBack(6426de80,64011b28,7ecdec30,777fd780,) [in]
[2016/12/15 15:23:13 042][Px1747][Tx777fe700][DBG] MSPTHREAD  MSPThreadP 733  POST l_engine_2:8:1:0
[2016/12/15 15:23:13 043][Px1747][Tx777fe700][TRC] LENGINE    leng_shell 481  lEngine_RegisterCallBack() [out] 0
[2016/12/15 15:23:13 043][Px1747][Tx777fe700][TRC] LENGINE    leng_shell 351  lEngine_PostMessage(6426de80,302,2,) [in]
[2016/12/15 15:23:13 043][Px1747][Tx777fe700][DBG] MSPTHREAD  MSPThreadP 733  POST l_engine_2:10:1:0
[2016/12/15 15:23:13 043][Px1747][Tx777fe700][TRC] LENGINE    leng_shell 374  lEngine_PostMessage() [out] 0
[2016/12/15 15:23:13 043][Px1747][Tx777fe700][DBG] LENGINE    leng_rpc.c 527  luacRPCFuncProto_Invoke() [out] ret = 0
[2016/12/15 15:23:13 044][Px1747][Tx77fff700][TRC] LENGINE    luac_auth. 106  luac_loadluacAuth enter
[2016/12/15 15:23:13 044][Px1747][Tx77fff700][TRC] LENGINE    luac_auth. 91   luac_openluacAuth enter
[2016/12/15 15:23:13 044][Px1747][Tx77fff700][TRC] LENGINE    luac_auth. 99   luac_openluacAuth leave
[2016/12/15 15:23:13 044][Px1747][Tx77fff700][TRC] LENGINE    luac_auth. 109  luac_loadluacAuth leave
[2016/12/15 15:23:13 045][Px1747][Tx77fff700][INF] LLOADER    lloader.c  327  load config
[2016/12/15 15:23:13 045][Px1747][Tx77fff700][INF] LLOADER    lloader.c  339  a intalled entry
[2016/12/15 15:23:13 045][Px1747][Tx77fff700][INF] LLOADER    lloader.c  365  from rom
[2016/12/15 15:23:13 045][Px1747][Tx77fff700][PRF] LLOADER    lloader.c  397  load config cost 1 (ms)
[2016/12/15 15:23:13 045][Px1747][Tx77fff700][INF] LMOD       luac_logge 172  [config:42:use general cloud  ]
[2016/12/15 15:23:13 046][Px1747][Tx77fff700][INF] LLOADER    lloader.c  327  load update
[2016/12/15 15:23:13 046][Px1747][Tx77fff700][INF] LLOADER    lloader.c  339  a intalled entry
[2016/12/15 15:23:13 046][Px1747][Tx77fff700][INF] LLOADER    lloader.c  365  from rom
[2016/12/15 15:23:13 046][Px1747][Tx77fff700][PRF] LLOADER    lloader.c  397  load update cost 1 (ms)
[2016/12/15 15:23:13 047][Px1747][Tx77fff700][INF] LLOADER    lloader.c  327  load transport
[2016/12/15 15:23:13 047][Px1747][Tx77fff700][INF] LLOADER    lloader.c  339  a intalled entry
[2016/12/15 15:23:13 047][Px1747][Tx77fff700][INF] LLOADER    lloader.c  365  from rom
[2016/12/15 15:23:13 047][Px1747][Tx77fff700][PRF] LLOADER    lloader.c  397  load transport cost 1 (ms)
[2016/12/15 15:23:13 048][Px1747][Tx77fff700][INF] LLOADER    lloader.c  327  load ns
[2016/12/15 15:23:13 048][Px1747][Tx7f39e700][TRC] LENGINE    leng_shell 428  lEngine_SendMessage() [out] 0
[2016/12/15 15:23:13 049][Px1747][Tx7f39e700][TRC] QISR       qisr.c     254  QISRSessionBegin() [out] 0
[2016/12/15 15:23:13 049][Px1747][Tx7f39e700][TRC] QISR       qisr.c     307  QISRAudioWrite(94b020,96f9d0,6400,1,,) [in]
[2016/12/15 15:23:13 049][Px1747][Tx7f39e700][TRC] QISR       qisr.c     313  QISRAudioWrite session addr:(94b020)
[2016/12/15 15:23:13 049][Px1747][Tx7f39e700][TRC] LENGINE    leng_shell 351  lEngine_PostMessage(94b860,2,2,) [in]
[2016/12/15 15:23:13 050][Px1747][Tx7f39e700][DBG] MSPTHREAD  MSPThreadP 733  POST l_engine_3:10:1:1
[2016/12/15 15:23:13 050][Px1747][Tx7f39e700][TRC] LENGINE    leng_shell 374  lEngine_PostMessage() [out] 0
[2016/12/15 15:23:13 050][Px1747][Tx7f39e700][TRC] QISR       qisr.c     370  QISRAudioWrite() [out] 0
[2016/12/15 15:23:13 051][Px1747][Tx7f39e700][TRC] QISR       qisr.c     307  QISRAudioWrite(94b020,9712d0,6400,2,,) [in]
[2016/12/15 15:23:13 051][Px1747][Tx7f39e700][TRC] QISR       qisr.c     313  QISRAudioWrite session addr:(94b020)
[2016/12/15 15:23:13 051][Px1747][Tx7f39e700][TRC] LENGINE    leng_shell 351  lEngine_PostMessage(94b860,2,2,) [in]
[2016/12/15 15:23:13 051][Px1747][Tx7f39e700][DBG] MSPTHREAD  MSPThreadP 733  POST l_engine_3:10:1:0
[2016/12/15 15:23:13 051][Px1747][Tx7f39e700][TRC] LENGINE    leng_shell 374  lEngine_PostMessage() [out] 0
[2016/12/15 15:23:13 051][Px1747][Tx7f39e700][TRC] QISR       qisr.c     370  QISRAudioWrite() [out] 0
[2016/12/15 15:23:13 052][Px1747][Tx7f39e700][TRC] QISR       qisr.c     307  QISRAudioWrite(94b020,972bd0,6400,2,,) [in]
[2016/12/15 15:23:13 052][Px1747][Tx7f39e700][TRC] QISR       qisr.c     313  QISRAudioWrite session addr:(94b020)
[2016/12/15 15:23:13 052][Px1747][Tx7f39e700][TRC] LENGINE    leng_shell 351  lEngine_PostMessage(94b860,2,2,) [in]
[2016/12/15 15:23:13 052][Px1747][Tx7f39e700][DBG] MSPTHREAD  MSPThreadP 733  POST l_engine_3:10:2:0
[2016/12/15 15:23:13 052][Px1747][Tx7f39e700][TRC] LENGINE    leng_shell 374  lEngine_PostMessage() [out] 0
[2016/12/15 15:23:13 053][Px1747][Tx7f39e700][TRC] QISR       qisr.c     370  QISRAudioWrite() [out] 0
[2016/12/15 15:23:13 053][Px1747][Tx7f39e700][TRC] QISR       qisr.c     307  QISRAudioWrite(94b020,9744d0,6400,2,,) [in]
[2016/12/15 15:23:13 053][Px1747][Tx7f39e700][TRC] QISR       qisr.c     313  QISRAudioWrite session addr:(94b020)
[2016/12/15 15:23:13 053][Px1747][Tx7f39e700][TRC] LENGINE    leng_shell 351  lEngine_PostMessage(94b860,2,2,) [in]
[2016/12/15 15:23:13 054][Px1747][Tx7f39e700][DBG] MSPTHREAD  MSPThreadP 733  POST l_engine_3:10:3:0
[2016/12/15 15:23:13 054][Px1747][Tx7f39e700][TRC] LENGINE    leng_shell 374  lEngine_PostMessage() [out] 0
[2016/12/15 15:23:13 054][Px1747][Tx7f39e700][TRC] QISR       qisr.c     370  QISRAudioWrite() [out] 0
[2016/12/15 15:23:13 055][Px1747][Tx7f39e700][TRC] QISR       qisr.c     307  QISRAudioWrite(94b020,975dd0,6400,2,,) [in]
[2016/12/15 15:23:13 055][Px1747][Tx7f39e700][TRC] QISR       qisr.c     313  QISRAudioWrite session addr:(94b020)
[2016/12/15 15:23:13 055][Px1747][Tx7f39e700][TRC] LENGINE    leng_shell 351  lEngine_PostMessage(94b860,2,2,) [in]
[2016/12/15 15:23:13 056][Px1747][Tx7f39e700][DBG] MSPTHREAD  MSPThreadP 733  POST l_engine_3:10:4:0
[2016/12/15 15:23:13 056][Px1747][Tx7f39e700][TRC] LENGINE    leng_shell 374  lEngine_PostMessage() [out] 0
[2016/12/15 15:23:13 057][Px1747][Tx7f39e700][TRC] QISR       qisr.c     370  QISRAudioWrite() [out] 0
[2016/12/15 15:23:13 057][Px1747][Tx7f39e700][TRC] QISR       qisr.c     307  QISRAudioWrite(94b020,9776d0,6400,2,,) [in]
[2016/12/15 15:23:13 057][Px1747][Tx7f39e700][TRC] QISR       qisr.c     313  QISRAudioWrite session addr:(94b020)
[2016/12/15 15:23:13 057][Px1747][Tx7f39e700][TRC] LENGINE    leng_shell 351  lEngine_PostMessage(94b860,2,2,) [in]
[2016/12/15 15:23:13 057][Px1747][Tx7f39e700][DBG] MSPTHREAD  MSPThreadP 733  POST l_engine_3:10:5:0
[2016/12/15 15:23:13 058][Px1747][Tx7f39e700][TRC] LENGINE    leng_shell 374  lEngine_PostMessage() [out] 0
[2016/12/15 15:23:13 058][Px1747][Tx7f39e700][TRC] QISR       qisr.c     370  QISRAudioWrite() [out] 0
[2016/12/15 15:23:13 058][Px1747][Tx7f39e700][TRC] QISR       qisr.c     307  QISRAudioWrite(94b020,978fd0,6400,2,,) [in]
[2016/12/15 15:23:13 058][Px1747][Tx7f39e700][TRC] QISR       qisr.c     313  QISRAudioWrite session addr:(94b020)
[2016/12/15 15:23:13 059][Px1747][Tx7f39e700][TRC] LENGINE    leng_shell 351  lEngine_PostMessage(94b860,2,2,) [in]
[2016/12/15 15:23:13 059][Px1747][Tx7f39e700][DBG] MSPTHREAD  MSPThreadP 733  POST l_engine_3:10:6:0
[2016/12/15 15:23:13 060][Px1747][Tx7f39e700][TRC] LENGINE    leng_shell 374  lEngine_PostMessage() [out] 0
[2016/12/15 15:23:13 060][Px1747][Tx7f39e700][TRC] QISR       qisr.c     370  QISRAudioWrite() [out] 0
[2016/12/15 15:23:13 060][Px1747][Tx7f39e700][TRC] QISR       qisr.c     307  QISRAudioWrite(94b020,97a8d0,6400,2,,) [in]
[2016/12/15 15:23:13 061][Px1747][Tx7f39e700][TRC] QISR       qisr.c     313  QISRAudioWrite session addr:(94b020)
[2016/12/15 15:23:13 061][Px1747][Tx7f39e700][TRC] LENGINE    leng_shell 351  lEngine_PostMessage(94b860,2,2,) [in]
[2016/12/15 15:23:13 061][Px1747][Tx7f39e700][DBG] MSPTHREAD  MSPThreadP 733  POST l_engine_3:10:7:0
[2016/12/15 15:23:13 061][Px1747][Tx7f39e700][TRC] LENGINE    leng_shell 374  lEngine_PostMessage() [out] 0
[2016/12/15 15:23:13 062][Px1747][Tx7f39e700][TRC] QISR       qisr.c     370  QISRAudioWrite() [out] 0
[2016/12/15 15:23:13 062][Px1747][Tx7f39e700][TRC] QISR       qisr.c     307  QISRAudioWrite(94b020,97c1d0,6400,2,,) [in]
[2016/12/15 15:23:13 062][Px1747][Tx7f39e700][TRC] QISR       qisr.c     313  QISRAudioWrite session addr:(94b020)
[2016/12/15 15:23:13 062][Px1747][Tx7f39e700][TRC] LENGINE    leng_shell 351  lEngine_PostMessage(94b860,2,2,) [in]
[2016/12/15 15:23:13 063][Px1747][Tx7f39e700][DBG] MSPTHREAD  MSPThreadP 733  POST l_engine_3:10:8:0
[2016/12/15 15:23:13 063][Px1747][Tx7f39e700][TRC] LENGINE    leng_shell 374  lEngine_PostMessage() [out] 0
[2016/12/15 15:23:13 063][Px1747][Tx7f39e700][TRC] QISR       qisr.c     370  QISRAudioWrite() [out] 0
[2016/12/15 15:23:13 063][Px1747][Tx7f39e700][TRC] QISR       qisr.c     307  QISRAudioWrite(94b020,97dad0,6400,2,,) [in]
[2016/12/15 15:23:13 064][Px1747][Tx7f39e700][TRC] QISR       qisr.c     313  QISRAudioWrite session addr:(94b020)
[2016/12/15 15:23:13 064][Px1747][Tx7f39e700][TRC] LENGINE    leng_shell 351  lEngine_PostMessage(94b860,2,2,) [in]
[2016/12/15 15:23:13 069][Px1747][Tx7f39e700][DBG] MSPTHREAD  MSPThreadP 733  POST l_engine_3:10:9:0
[2016/12/15 15:23:13 069][Px1747][Tx7f39e700][TRC] LENGINE    leng_shell 374  lEngine_PostMessage() [out] 0
[2016/12/15 15:23:13 069][Px1747][Tx7f39e700][TRC] QISR       qisr.c     370  QISRAudioWrite() [out] 0
[2016/12/15 15:23:13 070][Px1747][Tx7f39e700][TRC] QISR       qisr.c     307  QISRAudioWrite(94b020,97f3d0,6400,2,,) [in]
[2016/12/15 15:23:13 070][Px1747][Tx7f39e700][TRC] QISR       qisr.c     313  QISRAudioWrite session addr:(94b020)
[2016/12/15 15:23:13 070][Px1747][Tx7f39e700][TRC] LENGINE    leng_shell 351  lEngine_PostMessage(94b860,2,2,) [in]
[2016/12/15 15:23:13 071][Px1747][Tx7f39e700][DBG] MSPTHREAD  MSPThreadP 733  POST l_engine_3:10:10:0
[2016/12/15 15:23:13 071][Px1747][Tx7f39e700][TRC] LENGINE    leng_shell 374  lEngine_PostMessage() [out] 0
[2016/12/15 15:23:13 072][Px1747][Tx7f39e700][TRC] QISR       qisr.c     370  QISRAudioWrite() [out] 0
[2016/12/15 15:23:13 072][Px1747][Tx7f39e700][TRC] QISR       qisr.c     307  QISRAudioWrite(94b020,980cd0,6400,2,,) [in]
[2016/12/15 15:23:13 073][Px1747][Tx7f39e700][TRC] QISR       qisr.c     313  QISRAudioWrite session addr:(94b020)
[2016/12/15 15:23:13 073][Px1747][Tx7f39e700][TRC] LENGINE    leng_shell 351  lEngine_PostMessage(94b860,2,2,) [in]
[2016/12/15 15:23:13 073][Px1747][Tx7f39e700][DBG] MSPTHREAD  MSPThreadP 733  POST l_engine_3:10:11:0
[2016/12/15 15:23:13 074][Px1747][Tx7f39e700][TRC] LENGINE    leng_shell 374  lEngine_PostMessage() [out] 0
[2016/12/15 15:23:13 074][Px1747][Tx7f39e700][TRC] QISR       qisr.c     370  QISRAudioWrite() [out] 0
[2016/12/15 15:23:13 074][Px1747][Tx7f39e700][TRC] QISR       qisr.c     307  QISRAudioWrite(94b020,9825d0,6400,2,,) [in]
[2016/12/15 15:23:13 074][Px1747][Tx7f39e700][TRC] QISR       qisr.c     313  QISRAudioWrite session addr:(94b020)
[2016/12/15 15:23:13 074][Px1747][Tx7f39e700][TRC] LENGINE    leng_shell 351  lEngine_PostMessage(94b860,2,2,) [in]
[2016/12/15 15:23:13 074][Px1747][Tx7f39e700][DBG] MSPTHREAD  MSPThreadP 733  POST l_engine_3:10:12:0
[2016/12/15 15:23:13 075][Px1747][Tx7f39e700][TRC] LENGINE    leng_shell 374  lEngine_PostMessage() [out] 0
[2016/12/15 15:23:13 075][Px1747][Tx7f39e700][TRC] QISR       qisr.c     370  QISRAudioWrite() [out] 0
[2016/12/15 15:23:13 075][Px1747][Tx7f39e700][TRC] QISR       qisr.c     307  QISRAudioWrite(94b020,983ed0,6400,2,,) [in]
[2016/12/15 15:23:13 076][Px1747][Tx7f39e700][TRC] QISR       qisr.c     313  QISRAudioWrite session addr:(94b020)
[2016/12/15 15:23:13 077][Px1747][Tx7f39e700][TRC] LENGINE    leng_shell 351  lEngine_PostMessage(94b860,2,2,) [in]
[2016/12/15 15:23:13 077][Px1747][Tx7f39e700][DBG] MSPTHREAD  MSPThreadP 733  POST l_engine_3:10:13:0
[2016/12/15 15:23:13 077][Px1747][Tx7f39e700][TRC] LENGINE    leng_shell 374  lEngine_PostMessage() [out] 0
[2016/12/15 15:23:13 077][Px1747][Tx7f39e700][TRC] QISR       qisr.c     370  QISRAudioWrite() [out] 0
[2016/12/15 15:23:13 078][Px1747][Tx7f39e700][TRC] QISR       qisr.c     307  QISRAudioWrite(94b020,9857d0,6400,2,,) [in]
[2016/12/15 15:23:13 079][Px1747][Tx7f39e700][TRC] QISR       qisr.c     313  QISRAudioWrite session addr:(94b020)
[2016/12/15 15:23:13 079][Px1747][Tx7f39e700][TRC] LENGINE    leng_shell 351  lEngine_PostMessage(94b860,2,2,) [in]
[2016/12/15 15:23:13 080][Px1747][Tx7f39e700][DBG] MSPTHREAD  MSPThreadP 733  POST l_engine_3:10:14:0
[2016/12/15 15:23:13 080][Px1747][Tx7f39e700][TRC] LENGINE    leng_shell 374  lEngine_PostMessage() [out] 0
[2016/12/15 15:23:13 081][Px1747][Tx777fe700][DBG] LENGINE    leng_main. 513  ENGINE_MSG_RPC_ASYNC
[2016/12/15 15:23:13 081][Px1747][Tx777fe700][DBG] LENGINE    leng_main. 521  [cisr1PdHHBHNrqyJXZPVaad4DB2JBviknj], stat = 1
[2016/12/15 15:23:13 081][Px1747][Tx777fe700][DBG] LENGINE    leng_rpc.c 413  luacRPCFuncProto_Invoke(94bf00,94b860) [in]
[2016/12/15 15:23:13 082][Px1747][Tx77fff700][INF] LLOADER    lloader.c  339  a intalled entry
[2016/12/15 15:23:13 083][Px1747][Tx77fff700][INF] LLOADER    lloader.c  365  from rom
[2016/12/15 15:23:13 083][Px1747][Tx77fff700][PRF] LLOADER    lloader.c  397  load ns cost 35 (ms)
[2016/12/15 15:23:13 083][Px1747][Tx7f39e700][TRC] QISR       qisr.c     370  QISRAudioWrite() [out] 0
[2016/12/15 15:23:13 084][Px1747][Tx7f39e700][TRC] QISR       qisr.c     307  QISRAudioWrite(94b020,0,0,4,,) [in]
[2016/12/15 15:23:13 084][Px1747][Tx7f39e700][TRC] QISR       qisr.c     313  QISRAudioWrite session addr:(94b020)
[2016/12/15 15:23:13 084][Px1747][Tx7f39e700][TRC] LENGINE    leng_shell 351  lEngine_PostMessage(94b860,2,2,) [in]
[2016/12/15 15:23:13 085][Px1747][Tx7f39e700][DBG] MSPTHREAD  MSPThreadP 733  POST l_engine_3:10:15:0
[2016/12/15 15:23:13 085][Px1747][Tx7f39e700][TRC] LENGINE    leng_shell 374  lEngine_PostMessage() [out] 0
[2016/12/15 15:23:13 085][Px1747][Tx7f39e700][TRC] QISR       qisr.c     370  QISRAudioWrite() [out] 0
[2016/12/15 15:23:13 085][Px1747][Tx7f39e700][TRC] QISR       qisr.c     390  QISRGetResult(94b020,3d267b0c,0,3d267a4c) [in]
[2016/12/15 15:23:13 085][Px1747][Tx7f39e700][TRC] QISR       qisr.c     396  QISRGetResult session addr:(94b020)
[2016/12/15 15:23:13 086][Px1747][Tx777fe700][TRC] LMOD       luac_logge 170  [isr:1535:ASR_MSG_AUW,   local  ]
[2016/12/15 15:23:13 086][Px1747][Tx77fff700][INF] LLOADER    lloader.c  327  load network
[2016/12/15 15:23:13 086][Px1747][Tx77fff700][INF] LLOADER    lloader.c  339  a intalled entry
[2016/12/15 15:23:13 086][Px1747][Tx77fff700][INF] LLOADER    lloader.c  365  from rom
[2016/12/15 15:23:13 087][Px1747][Tx77fff700][PRF] LLOADER    lloader.c  397  load network cost 3 (ms)
[2016/12/15 15:23:13 087][Px1747][Tx77fff700][TRC] LENGINE    luac_auth. 118  luac_auth_new enter
[2016/12/15 15:23:13 087][Px1747][Tx77fff700][TRC] LENGINE    luac_auth. 126  luac_auth_new leave
[2016/12/15 15:23:13 088][Px1747][Tx77fff700][DBG] LENGINE    leng_main. 263  precall return 0
[2016/12/15 15:23:13 088][Px1747][Tx77fff700][DBG] LENGINE    leng_main. 288  [isr_local], ACTIVE
[2016/12/15 15:23:13 088][Px1747][Tx77fff700][DBG] LENGINE    leng_rpc.c 413  luacRPCFuncProto_Invoke(6c093a10,6426de80) [in]
[2016/12/15 15:23:13 089][Px1747][Tx7f39e700][TRC] LENGINE    leng_shell 385  lEngine_SendMessage(94b860,3,0,,,) [in]
[2016/12/15 15:23:13 090][Px1747][Tx777fe700][TRC] LMOD       luac_logge 170  [isr:1546:6400  1  ]
[2016/12/15 15:23:13 090][Px1747][Tx7f39e700][DBG] MSPTHREAD  MSPThreadP 733  POST l_engine_3:11:1:0
[2016/12/15 15:23:13 091][Px1747][Tx77fff700][TRC] LMOD       luac_logge 170  [isr_local:2145:os_type is:  Linux  ]
[2016/12/15 15:23:13 091][Px1747][Tx777fe700][TRC] LMOD       luac_logge 170  [isr:1550:once_bytes:   6400  ]
[2016/12/15 15:23:13 092][Px1747][Tx777fe700][TRC] AUDIOCODEC audio_code 944  audioEncoder_Encode() [in]
[2016/12/15 15:23:13 092][Px1747][Tx777fe700][INF] AUDIOCODEC audio_code 950  stat = 1, len = 6400
[2016/12/15 15:23:13 092][Px1747][Tx777fe700][DBG] AUDIOCODEC audio_code 953  divided into 0 blocks
[2016/12/15 15:23:13 092][Px1747][Tx777fe700][DBG] MSPTHREAD  MSPThreadP 733  POST audioEncoder:6:1:1
[2016/12/15 15:23:13 093][Px1747][Tx777fe700][TRC] AUDIOCODEC audio_code 898  audioEncoder_GetVADParam(, 10001) [in]
[2016/12/15 15:23:13 093][Px1747][Tx777fe700][DBG] LENGINE    leng_rpc.c 527  luacRPCFuncProto_Invoke() [out] ret = 0
[2016/12/15 15:23:13 094][Px1747][Tx777fe700][DBG] LENGINE    leng_main. 513  ENGINE_MSG_RPC_ASYNC
[2016/12/15 15:23:13 094][Px1747][Tx777fe700][DBG] LENGINE    leng_main. 521  [cisr1PdHHBHNrqyJXZPVaad4DB2JBviknj], stat = 1
[2016/12/15 15:23:13 094][Px1747][Tx777fe700][DBG] LENGINE    leng_rpc.c 413  luacRPCFuncProto_Invoke(943cc0,94b860) [in]
[2016/12/15 15:23:13 094][Px1747][Tx767fc700][TRC] AUDIOCODEC audio_code 175  ENCODE 6400, 1
[2016/12/15 15:23:13 095][Px1747][Tx767fc700][DBG] AUDIOCODEC audio_code 218  iFlyFixFrontAppendData 6400
[2016/12/15 15:23:13 095][Px1747][Tx767fc700][DBG] MSPTHREAD  MSPThreadP 733  POST l_engine_3:10:15:0
[2016/12/15 15:23:13 095][Px1747][Tx767fc700][TRC] AUDIOCODEC audio_code 245  fetch from VAD 5760 Bytes WaveData
[2016/12/15 15:23:13 096][Px1747][Tx767fc700][PRF] AUDIOCODEC audio_code 246  fetch 5760(Bytes) Wav cost 2(ms) (fea=0)
[2016/12/15 15:23:13 096][Px1747][Tx767fc700][DBG] AUDIOCODEC audio_code 262  vadStat = 5
[2016/12/15 15:23:13 096][Px1747][Tx767fc700][TRC] AUDIOCODEC audio_code 266  VAD: find start!
[2016/12/15 15:23:13 096][Px1747][Tx767fc700][DBG] MSPTHREAD  MSPThreadP 733  POST l_engine_3:10:16:0
[2016/12/15 15:23:13 097][Px1747][Tx767fc700][DBG] MSPTHREAD  MSPThreadP 733  POST l_engine_3:10:17:0
[2016/12/15 15:23:13 097][Px1747][Tx77fff700][TRC] LMOD       luac_logge 170  [isr_local:2154:SYS_MSG_LOAD_LOCAL  ]
[2016/12/15 15:23:13 097][Px1747][Tx777fe700][TRC] LMOD       luac_logge 170  [isr:1535:ASR_MSG_AUW,   local  ]
[2016/12/15 15:23:13 097][Px1747][Tx77fff700][INF] LMOD       luac_logge 172  [isr_local:2242:last gc at  1481844179  ]
[2016/12/15 15:23:13 098][Px1747][Tx77fff700][DBG] LENGINE    leng_rpc.c 527  luacRPCFuncProto_Invoke() [out] ret = 0
[2016/12/15 15:23:13 098][Px1747][Tx77fff700][DBG] LENGINE    leng_main. 312  [isr_local], loaded
[2016/12/15 15:23:13 098][Px1747][Tx77fff700][DBG] LENGINE    leng_rpc.c 413  luacRPCFuncProto_Invoke(6c02c490,6426de80) [in]
[2016/12/15 15:23:13 099][Px1747][Tx777fe700][TRC] LMOD       luac_logge 170  [isr:1546:6400  2  ]
[2016/12/15 15:23:13 099][Px1747][Tx777fe700][TRC] AUDIOCODEC audio_code 944  audioEncoder_Encode() [in]
[2016/12/15 15:23:13 100][Px1747][Tx777fe700][INF] AUDIOCODEC audio_code 950  stat = 2, len = 6400
[2016/12/15 15:23:13 100][Px1747][Tx777fe700][DBG] AUDIOCODEC audio_code 953  divided into 0 blocks
[2016/12/15 15:23:13 100][Px1747][Tx777fe700][DBG] MSPTHREAD  MSPThreadP 733  POST audioEncoder:6:1:1
[2016/12/15 15:23:13 101][Px1747][Tx777fe700][TRC] AUDIOCODEC audio_code 898  audioEncoder_GetVADParam(, 10001) [in]
[2016/12/15 15:23:13 101][Px1747][Tx777fe700][DBG] LENGINE    leng_rpc.c 527  luacRPCFuncProto_Invoke() [out] ret = 0
[2016/12/15 15:23:13 102][Px1747][Tx777fe700][DBG] LENGINE    leng_main. 513  ENGINE_MSG_RPC_ASYNC
[2016/12/15 15:23:13 102][Px1747][Tx777fe700][DBG] LENGINE    leng_main. 521  [cisr1PdHHBHNrqyJXZPVaad4DB2JBviknj], stat = 1
[2016/12/15 15:23:13 102][Px1747][Tx777fe700][DBG] LENGINE    leng_rpc.c 413  luacRPCFuncProto_Invoke(957a50,94b860) [in]
[2016/12/15 15:23:13 102][Px1747][Tx767fc700][TRC] AUDIOCODEC audio_code 175  ENCODE 6400, 2
[2016/12/15 15:23:13 103][Px1747][Tx767fc700][DBG] AUDIOCODEC audio_code 218  iFlyFixFrontAppendData 6400
[2016/12/15 15:23:13 103][Px1747][Tx767fc700][TRC] AUDIOCODEC audio_code 245  fetch from VAD 6400 Bytes WaveData
[2016/12/15 15:23:13 104][Px1747][Tx767fc700][PRF] AUDIOCODEC audio_code 246  fetch 6400(Bytes) Wav cost 0(ms) (fea=0)
[2016/12/15 15:23:13 104][Px1747][Tx767fc700][DBG] AUDIOCODEC audio_code 262  vadStat = 0
[2016/12/15 15:23:13 104][Px1747][Tx767fc700][DBG] MSPTHREAD  MSPThreadP 733  POST l_engine_3:10:17:0
[2016/12/15 15:23:13 104][Px1747][Tx777fe700][TRC] LMOD       luac_logge 170  [isr:1535:ASR_MSG_AUW,   local  ]
[2016/12/15 15:23:13 105][Px1747][Tx77fff700][TRC] LMOD       luac_logge 170  [isr_local:2183:SYS_MSG_REGCB_LOCAL| param0 =  msp_status_cb  ]
[2016/12/15 15:23:13 105][Px1747][Tx777fe700][TRC] LMOD       luac_logge 170  [isr:1546:6400  2  ]
[2016/12/15 15:23:13 106][Px1747][Tx777fe700][TRC] AUDIOCODEC audio_code 944  audioEncoder_Encode() [in]
[2016/12/15 15:23:13 106][Px1747][Tx777fe700][INF] AUDIOCODEC audio_code 950  stat = 2, len = 6400
[2016/12/15 15:23:13 106][Px1747][Tx777fe700][DBG] AUDIOCODEC audio_code 953  divided into 0 blocks
[2016/12/15 15:23:13 106][Px1747][Tx777fe700][DBG] MSPTHREAD  MSPThreadP 733  POST audioEncoder:6:1:1
[2016/12/15 15:23:13 106][Px1747][Tx777fe700][TRC] AUDIOCODEC audio_code 898  audioEncoder_GetVADParam(, 10001) [in]
[2016/12/15 15:23:13 106][Px1747][Tx777fe700][DBG] LENGINE    leng_rpc.c 527  luacRPCFuncProto_Invoke() [out] ret = 0
[2016/12/15 15:23:13 107][Px1747][Tx777fe700][DBG] LENGINE    leng_main. 513  ENGINE_MSG_RPC_ASYNC
[2016/12/15 15:23:13 107][Px1747][Tx777fe700][DBG] LENGINE    leng_main. 521  [cisr1PdHHBHNrqyJXZPVaad4DB2JBviknj], stat = 1
[2016/12/15 15:23:13 107][Px1747][Tx777fe700][DBG] LENGINE    leng_rpc.c 413  luacRPCFuncProto_Invoke(9530c0,94b860) [in]
[2016/12/15 15:23:13 107][Px1747][Tx767fc700][TRC] AUDIOCODEC audio_code 175  ENCODE 6400, 2
[2016/12/15 15:23:13 108][Px1747][Tx767fc700][DBG] AUDIOCODEC audio_code 218  iFlyFixFrontAppendData 6400
[2016/12/15 15:23:13 108][Px1747][Tx767fc700][TRC] AUDIOCODEC audio_code 245  fetch from VAD 6400 Bytes WaveData
[2016/12/15 15:23:13 108][Px1747][Tx767fc700][PRF] AUDIOCODEC audio_code 246  fetch 6400(Bytes) Wav cost 1(ms) (fea=0)
[2016/12/15 15:23:13 109][Px1747][Tx767fc700][DBG] AUDIOCODEC audio_code 262  vadStat = 0
[2016/12/15 15:23:13 109][Px1747][Tx767fc700][DBG] MSPTHREAD  MSPThreadP 733  POST l_engine_3:10:17:0
[2016/12/15 15:23:13 109][Px1747][Tx777fe700][TRC] LMOD       luac_logge 170  [isr:1535:ASR_MSG_AUW,   local  ]
[2016/12/15 15:23:13 109][Px1747][Tx77fff700][INF] LMOD       luac_logge 172  [isr_local:2242:last gc at  1481844179  ]
[2016/12/15 15:23:13 110][Px1747][Tx77fff700][DBG] LENGINE    leng_rpc.c 527  luacRPCFuncProto_Invoke() [out] ret = 0
[2016/12/15 15:23:13 110][Px1747][Tx77fff700][DBG] LENGINE    leng_main. 345  lEngine_LoadEnv() [out] successfully
[2016/12/15 15:23:13 110][Px1747][Tx77fff700][DBG] LENGINE    leng_main. 567  isr_local, eng = l_engine_2, env = 6426de80, L = 6426df10
[2016/12/15 15:23:13 110][Px1747][Tx77fff700][INF] LENGINE    leng_main. 568  l_engine_2 occupancy: 1 (33%)
[2016/12/15 15:23:13 110][Px1747][Tx77fff700][DBG] LENGINE    leng_main. 686  ENGINE_MSG_REGCB
[2016/12/15 15:23:13 111][Px1747][Tx77fff700][DBG] LENGINE    leng_main. 711  isr_local (local_service_cbmsg)
[2016/12/15 15:23:13 111][Px1747][Tx77fff700][DBG] LENGINE    leng_rpc.c 413  luacRPCFuncProto_Invoke(6c02c5e0,6426de80) [in]
[2016/12/15 15:23:13 111][Px1747][Tx777fe700][TRC] LMOD       luac_logge 170  [isr:1546:6400  2  ]
[2016/12/15 15:23:13 113][Px1747][Tx777fe700][TRC] AUDIOCODEC audio_code 944  audioEncoder_Encode() [in]
[2016/12/15 15:23:13 114][Px1747][Tx777fe700][INF] AUDIOCODEC audio_code 950  stat = 2, len = 6400
[2016/12/15 15:23:13 114][Px1747][Tx777fe700][DBG] AUDIOCODEC audio_code 953  divided into 0 blocks
[2016/12/15 15:23:13 114][Px1747][Tx777fe700][DBG] MSPTHREAD  MSPThreadP 733  POST audioEncoder:6:1:1
[2016/12/15 15:23:13 114][Px1747][Tx777fe700][TRC] AUDIOCODEC audio_code 898  audioEncoder_GetVADParam(, 10001) [in]
[2016/12/15 15:23:13 114][Px1747][Tx777fe700][DBG] LENGINE    leng_rpc.c 527  luacRPCFuncProto_Invoke() [out] ret = 0
[2016/12/15 15:23:13 114][Px1747][Tx777fe700][DBG] LENGINE    leng_main. 513  ENGINE_MSG_RPC_ASYNC
[2016/12/15 15:23:13 115][Px1747][Tx777fe700][DBG] LENGINE    leng_main. 521  [cisr1PdHHBHNrqyJXZPVaad4DB2JBviknj], stat = 1
[2016/12/15 15:23:13 115][Px1747][Tx777fe700][DBG] LENGINE    leng_rpc.c 413  luacRPCFuncProto_Invoke(9533f0,94b860) [in]
[2016/12/15 15:23:13 115][Px1747][Tx767fc700][TRC] AUDIOCODEC audio_code 175  ENCODE 6400, 2
[2016/12/15 15:23:13 115][Px1747][Tx767fc700][DBG] AUDIOCODEC audio_code 218  iFlyFixFrontAppendData 6400
[2016/12/15 15:23:13 116][Px1747][Tx767fc700][TRC] AUDIOCODEC audio_code 245  fetch from VAD 6400 Bytes WaveData
[2016/12/15 15:23:13 116][Px1747][Tx767fc700][PRF] AUDIOCODEC audio_code 246  fetch 6400(Bytes) Wav cost 1(ms) (fea=0)
[2016/12/15 15:23:13 117][Px1747][Tx767fc700][DBG] AUDIOCODEC audio_code 262  vadStat = 0
[2016/12/15 15:23:13 117][Px1747][Tx767fc700][DBG] MSPTHREAD  MSPThreadP 733  POST l_engine_3:10:17:0
[2016/12/15 15:23:13 117][Px1747][Tx777fe700][TRC] LMOD       luac_logge 170  [isr:1535:ASR_MSG_AUW,   local  ]
[2016/12/15 15:23:13 117][Px1747][Tx777fe700][TRC] LMOD       luac_logge 170  [isr:1546:6400  2  ]
[2016/12/15 15:23:13 118][Px1747][Tx777fe700][TRC] AUDIOCODEC audio_code 944  audioEncoder_Encode() [in]
[2016/12/15 15:23:13 118][Px1747][Tx777fe700][INF] AUDIOCODEC audio_code 950  stat = 2, len = 6400
[2016/12/15 15:23:13 118][Px1747][Tx777fe700][DBG] AUDIOCODEC audio_code 953  divided into 0 blocks
[2016/12/15 15:23:13 119][Px1747][Tx777fe700][DBG] MSPTHREAD  MSPThreadP 733  POST audioEncoder:6:1:1
[2016/12/15 15:23:13 119][Px1747][Tx777fe700][TRC] AUDIOCODEC audio_code 898  audioEncoder_GetVADParam(, 10001) [in]
[2016/12/15 15:23:13 119][Px1747][Tx777fe700][DBG] LENGINE    leng_rpc.c 527  luacRPCFuncProto_Invoke() [out] ret = 0
[2016/12/15 15:23:13 119][Px1747][Tx777fe700][DBG] LENGINE    leng_main. 513  ENGINE_MSG_RPC_ASYNC
[2016/12/15 15:23:13 120][Px1747][Tx777fe700][DBG] LENGINE    leng_main. 521  [cisr1PdHHBHNrqyJXZPVaad4DB2JBviknj], stat = 1
[2016/12/15 15:23:13 120][Px1747][Tx777fe700][DBG] LENGINE    leng_rpc.c 413  luacRPCFuncProto_Invoke(98b730,94b860) [in]
[2016/12/15 15:23:13 120][Px1747][Tx767fc700][TRC] AUDIOCODEC audio_code 175  ENCODE 6400, 2
[2016/12/15 15:23:13 120][Px1747][Tx767fc700][DBG] AUDIOCODEC audio_code 218  iFlyFixFrontAppendData 6400
[2016/12/15 15:23:13 121][Px1747][Tx767fc700][TRC] AUDIOCODEC audio_code 245  fetch from VAD 6400 Bytes WaveData
[2016/12/15 15:23:13 121][Px1747][Tx777fe700][TRC] LMOD       luac_logge 170  [isr:1535:ASR_MSG_AUW,   local  ]
[2016/12/15 15:23:13 122][Px1747][Tx767fc700][PRF] AUDIOCODEC audio_code 246  fetch 6400(Bytes) Wav cost 1(ms) (fea=0)
[2016/12/15 15:23:13 122][Px1747][Tx767fc700][DBG] AUDIOCODEC audio_code 262  vadStat = 5
[2016/12/15 15:23:13 122][Px1747][Tx777fe700][TRC] LMOD       luac_logge 170  [isr:1546:6400  2  ]
[2016/12/15 15:23:13 122][Px1747][Tx777fe700][TRC] AUDIOCODEC audio_code 944  audioEncoder_Encode() [in]
[2016/12/15 15:23:13 123][Px1747][Tx777fe700][INF] AUDIOCODEC audio_code 950  stat = 2, len = 6400
[2016/12/15 15:23:13 123][Px1747][Tx777fe700][DBG] AUDIOCODEC audio_code 953  divided into 0 blocks
[2016/12/15 15:23:13 123][Px1747][Tx777fe700][DBG] MSPTHREAD  MSPThreadP 733  POST audioEncoder:6:1:0
[2016/12/15 15:23:13 123][Px1747][Tx777fe700][TRC] AUDIOCODEC audio_code 898  audioEncoder_GetVADParam(, 10001) [in]
[2016/12/15 15:23:13 123][Px1747][Tx777fe700][DBG] LENGINE    leng_rpc.c 527  luacRPCFuncProto_Invoke() [out] ret = 0
[2016/12/15 15:23:13 124][Px1747][Tx767fc700][DBG] MSPTHREAD  MSPThreadP 733  POST l_engine_3:10:17:0
[2016/12/15 15:23:13 124][Px1747][Tx767fc700][TRC] AUDIOCODEC audio_code 175  ENCODE 6400, 2
[2016/12/15 15:23:13 124][Px1747][Tx767fc700][DBG] AUDIOCODEC audio_code 218  iFlyFixFrontAppendData 6400
[2016/12/15 15:23:13 124][Px1747][Tx777fe700][DBG] LENGINE    leng_main. 513  ENGINE_MSG_RPC_ASYNC
[2016/12/15 15:23:13 125][Px1747][Tx777fe700][DBG] LENGINE    leng_main. 521  [cisr1PdHHBHNrqyJXZPVaad4DB2JBviknj], stat = 1
[2016/12/15 15:23:13 125][Px1747][Tx777fe700][DBG] LENGINE    leng_rpc.c 413  luacRPCFuncProto_Invoke(98b9d0,94b860) [in]
[2016/12/15 15:23:13 125][Px1747][Tx767fc700][TRC] AUDIOCODEC audio_code 245  fetch from VAD 6400 Bytes WaveData
[2016/12/15 15:23:13 125][Px1747][Tx777fe700][TRC] LMOD       luac_logge 170  [isr:1535:ASR_MSG_AUW,   local  ]
[2016/12/15 15:23:13 126][Px1747][Tx767fc700][PRF] AUDIOCODEC audio_code 246  fetch 6400(Bytes) Wav cost 1(ms) (fea=0)
[2016/12/15 15:23:13 126][Px1747][Tx777fe700][TRC] LMOD       luac_logge 170  [isr:1546:6400  2  ]
[2016/12/15 15:23:13 126][Px1747][Tx777fe700][TRC] AUDIOCODEC audio_code 944  audioEncoder_Encode() [in]
[2016/12/15 15:23:13 126][Px1747][Tx777fe700][INF] AUDIOCODEC audio_code 950  stat = 2, len = 6400
[2016/12/15 15:23:13 127][Px1747][Tx777fe700][DBG] AUDIOCODEC audio_code 953  divided into 0 blocks
[2016/12/15 15:23:13 127][Px1747][Tx777fe700][DBG] MSPTHREAD  MSPThreadP 733  POST audioEncoder:6:1:0
[2016/12/15 15:23:13 127][Px1747][Tx777fe700][TRC] AUDIOCODEC audio_code 898  audioEncoder_GetVADParam(, 10001) [in]
[2016/12/15 15:23:13 127][Px1747][Tx777fe700][DBG] LENGINE    leng_rpc.c 527  luacRPCFuncProto_Invoke() [out] ret = 0
[2016/12/15 15:23:13 127][Px1747][Tx777fe700][DBG] LENGINE    leng_main. 513  ENGINE_MSG_RPC_ASYNC
[2016/12/15 15:23:13 127][Px1747][Tx777fe700][DBG] LENGINE    leng_main. 521  [cisr1PdHHBHNrqyJXZPVaad4DB2JBviknj], stat = 1
[2016/12/15 15:23:13 127][Px1747][Tx777fe700][DBG] LENGINE    leng_rpc.c 413  luacRPCFuncProto_Invoke(98bd20,94b860) [in]
[2016/12/15 15:23:13 128][Px1747][Tx767fc700][DBG] AUDIOCODEC audio_code 262  vadStat = 0
[2016/12/15 15:23:13 128][Px1747][Tx777fe700][TRC] LMOD       luac_logge 170  [isr:1535:ASR_MSG_AUW,   local  ]
[2016/12/15 15:23:13 128][Px1747][Tx767fc700][DBG] MSPTHREAD  MSPThreadP 733  POST l_engine_3:10:16:0
[2016/12/15 15:23:13 129][Px1747][Tx777fe700][TRC] LMOD       luac_logge 170  [isr:1546:6400  2  ]
[2016/12/15 15:23:13 129][Px1747][Tx777fe700][TRC] AUDIOCODEC audio_code 944  audioEncoder_Encode() [in]
[2016/12/15 15:23:13 129][Px1747][Tx777fe700][INF] AUDIOCODEC audio_code 950  stat = 2, len = 6400
[2016/12/15 15:23:13 129][Px1747][Tx777fe700][DBG] AUDIOCODEC audio_code 953  divided into 0 blocks
[2016/12/15 15:23:13 130][Px1747][Tx777fe700][DBG] MSPTHREAD  MSPThreadP 733  POST audioEncoder:6:1:0
[2016/12/15 15:23:13 130][Px1747][Tx777fe700][TRC] AUDIOCODEC audio_code 898  audioEncoder_GetVADParam(, 10001) [in]
[2016/12/15 15:23:13 130][Px1747][Tx777fe700][DBG] LENGINE    leng_rpc.c 527  luacRPCFuncProto_Invoke() [out] ret = 0
[2016/12/15 15:23:13 130][Px1747][Tx777fe700][DBG] LENGINE    leng_main. 513  ENGINE_MSG_RPC_ASYNC
[2016/12/15 15:23:13 130][Px1747][Tx777fe700][DBG] LENGINE    leng_main. 521  [cisr1PdHHBHNrqyJXZPVaad4DB2JBviknj], stat = 1
[2016/12/15 15:23:13 130][Px1747][Tx777fe700][DBG] LENGINE    leng_rpc.c 413  luacRPCFuncProto_Invoke(9aad00,94b860) [in]
[2016/12/15 15:23:13 130][Px1747][Tx767fc700][TRC] AUDIOCODEC audio_code 175  ENCODE 6400, 2
[2016/12/15 15:23:13 131][Px1747][Tx777fe700][TRC] LMOD       luac_logge 170  [isr:1535:ASR_MSG_AUW,   local  ]
[2016/12/15 15:23:13 131][Px1747][Tx767fc700][DBG] AUDIOCODEC audio_code 218  iFlyFixFrontAppendData 6400
[2016/12/15 15:23:13 132][Px1747][Tx767fc700][TRC] AUDIOCODEC audio_code 245  fetch from VAD 6400 Bytes WaveData
[2016/12/15 15:23:13 132][Px1747][Tx777fe700][TRC] LMOD       luac_logge 170  [isr:1546:6400  2  ]
[2016/12/15 15:23:13 132][Px1747][Tx777fe700][TRC] AUDIOCODEC audio_code 944  audioEncoder_Encode() [in]
[2016/12/15 15:23:13 132][Px1747][Tx777fe700][INF] AUDIOCODEC audio_code 950  stat = 2, len = 6400
[2016/12/15 15:23:13 132][Px1747][Tx777fe700][DBG] AUDIOCODEC audio_code 953  divided into 0 blocks
[2016/12/15 15:23:13 133][Px1747][Tx777fe700][DBG] MSPTHREAD  MSPThreadP 733  POST audioEncoder:6:2:0
[2016/12/15 15:23:13 133][Px1747][Tx777fe700][TRC] AUDIOCODEC audio_code 898  audioEncoder_GetVADParam(, 10001) [in]
[2016/12/15 15:23:13 133][Px1747][Tx777fe700][DBG] LENGINE    leng_rpc.c 527  luacRPCFuncProto_Invoke() [out] ret = 0
[2016/12/15 15:23:13 133][Px1747][Tx777fe700][DBG] LENGINE    leng_main. 513  ENGINE_MSG_RPC_ASYNC
[2016/12/15 15:23:13 133][Px1747][Tx777fe700][DBG] LENGINE    leng_main. 521  [cisr1PdHHBHNrqyJXZPVaad4DB2JBviknj], stat = 1
[2016/12/15 15:23:13 133][Px1747][Tx777fe700][DBG] LENGINE    leng_rpc.c 413  luacRPCFuncProto_Invoke(9ac8e0,94b860) [in]
[2016/12/15 15:23:13 134][Px1747][Tx767fc700][PRF] AUDIOCODEC audio_code 246  fetch 6400(Bytes) Wav cost 0(ms) (fea=0)
[2016/12/15 15:23:13 134][Px1747][Tx777fe700][TRC] LMOD       luac_logge 170  [isr:1535:ASR_MSG_AUW,   local  ]
[2016/12/15 15:23:13 134][Px1747][Tx767fc700][DBG] AUDIOCODEC audio_code 262  vadStat = 0
[2016/12/15 15:23:13 135][Px1747][Tx777fe700][TRC] LMOD       luac_logge 170  [isr:1546:6400  2  ]
[2016/12/15 15:23:13 135][Px1747][Tx777fe700][TRC] AUDIOCODEC audio_code 944  audioEncoder_Encode() [in]
[2016/12/15 15:23:13 135][Px1747][Tx777fe700][INF] AUDIOCODEC audio_code 950  stat = 2, len = 6400
[2016/12/15 15:23:13 135][Px1747][Tx777fe700][DBG] AUDIOCODEC audio_code 953  divided into 0 blocks
[2016/12/15 15:23:13 135][Px1747][Tx777fe700][DBG] MSPTHREAD  MSPThreadP 733  POST audioEncoder:6:3:0
[2016/12/15 15:23:13 136][Px1747][Tx777fe700][TRC] AUDIOCODEC audio_code 898  audioEncoder_GetVADParam(, 10001) [in]
[2016/12/15 15:23:13 136][Px1747][Tx777fe700][DBG] LENGINE    leng_rpc.c 527  luacRPCFuncProto_Invoke() [out] ret = 0
[2016/12/15 15:23:13 136][Px1747][Tx767fc700][DBG] MSPTHREAD  MSPThreadP 733  POST l_engine_3:10:15:0
[2016/12/15 15:23:13 136][Px1747][Tx777fe700][DBG] LENGINE    leng_main. 513  ENGINE_MSG_RPC_ASYNC
[2016/12/15 15:23:13 137][Px1747][Tx777fe700][DBG] LENGINE    leng_main. 521  [cisr1PdHHBHNrqyJXZPVaad4DB2JBviknj], stat = 1
[2016/12/15 15:23:13 137][Px1747][Tx777fe700][DBG] LENGINE    leng_rpc.c 413  luacRPCFuncProto_Invoke(9ae540,94b860) [in]
[2016/12/15 15:23:13 137][Px1747][Tx767fc700][TRC] AUDIOCODEC audio_code 175  ENCODE 6400, 2
[2016/12/15 15:23:13 137][Px1747][Tx777fe700][TRC] LMOD       luac_logge 170  [isr:1535:ASR_MSG_AUW,   local  ]
[2016/12/15 15:23:13 137][Px1747][Tx767fc700][DBG] AUDIOCODEC audio_code 218  iFlyFixFrontAppendData 6400
[2016/12/15 15:23:13 138][Px1747][Tx77fff700][TRC] LMOD       luac_logge 170  [isr_local:2183:SYS_MSG_REGCB_LOCAL| param0 =  local_service_cbmsg  ]
[2016/12/15 15:23:13 138][Px1747][Tx777fe700][TRC] LMOD       luac_logge 170  [isr:1546:6400  2  ]
[2016/12/15 15:23:13 139][Px1747][Tx777fe700][TRC] AUDIOCODEC audio_code 944  audioEncoder_Encode() [in]
[2016/12/15 15:23:13 139][Px1747][Tx77fff700][INF] LMOD       luac_logge 172  [isr_local:2242:last gc at  1481844179  ]
[2016/12/15 15:23:13 139][Px1747][Tx77fff700][DBG] LENGINE    leng_rpc.c 527  luacRPCFuncProto_Invoke() [out] ret = 0
[2016/12/15 15:23:13 139][Px1747][Tx77fff700][DBG] LENGINE    leng_main. 513  ENGINE_MSG_RPC_ASYNC
[2016/12/15 15:23:13 139][Px1747][Tx77fff700][DBG] LENGINE    leng_main. 521  [isr_local], stat = 1
[2016/12/15 15:23:13 140][Px1747][Tx77fff700][DBG] LENGINE    leng_rpc.c 413  luacRPCFuncProto_Invoke(64272780,6426de80) [in]
[2016/12/15 15:23:13 140][Px1747][Tx767fc700][TRC] AUDIOCODEC audio_code 245  fetch from VAD 6400 Bytes WaveData
[2016/12/15 15:23:13 140][Px1747][Tx777fe700][INF] AUDIOCODEC audio_code 950  stat = 2, len = 6400
[2016/12/15 15:23:13 140][Px1747][Tx77fff700][TRC] LMOD       luac_logge 170  [isr_local:2091:ASR_LOCAL_MSG_SSB  ]
[2016/12/15 15:23:13 140][Px1747][Tx767fc700][PRF] AUDIOCODEC audio_code 246  fetch 6400(Bytes) Wav cost 3(ms) (fea=0)
[2016/12/15 15:23:13 141][Px1747][Tx777fe700][DBG] AUDIOCODEC audio_code 953  divided into 0 blocks
[2016/12/15 15:23:13 141][Px1747][Tx77fff700][TRC] LMOD       luac_logge 170  [isr_local:1229:esr_session_begin | params:  engine_type=local,asr_res_path=fo|res/asr/common.jet,sample_rate=16000,grm_build_path=res/asr/GrmBuilld,local_grammar=cmd,result_type=xml,result_encoding=UTF-8  ]
[2016/12/15 15:23:13 141][Px1747][Tx767fc700][DBG] AUDIOCODEC audio_code 262  vadStat = 0
[2016/12/15 15:23:13 141][Px1747][Tx777fe700][DBG] MSPTHREAD  MSPThreadP 733  POST audioEncoder:6:3:0
[2016/12/15 15:23:13 142][Px1747][Tx777fe700][TRC] AUDIOCODEC audio_code 898  audioEncoder_GetVADParam(, 10001) [in]
[2016/12/15 15:23:13 142][Px1747][Tx77fff700][TRC] LMOD       luac_logge 170  [isr_local:801:engine_type  :  local  ]
[2016/12/15 15:23:13 142][Px1747][Tx767fc700][DBG] MSPTHREAD  MSPThreadP 733  POST l_engine_3:10:15:0
[2016/12/15 15:23:13 142][Px1747][Tx777fe700][DBG] LENGINE    leng_rpc.c 527  luacRPCFuncProto_Invoke() [out] ret = 0
[2016/12/15 15:23:13 143][Px1747][Tx77fff700][TRC] LMOD       luac_logge 170  [isr_local:801:asr_res_path  :  fo|res/asr/common.jet  ]
[2016/12/15 15:23:13 143][Px1747][Tx767fc700][TRC] AUDIOCODEC audio_code 175  ENCODE 6400, 2
[2016/12/15 15:23:13 144][Px1747][Tx777fe700][DBG] LENGINE    leng_main. 513  ENGINE_MSG_RPC_ASYNC
[2016/12/15 15:23:13 144][Px1747][Tx777fe700][DBG] LENGINE    leng_main. 521  [cisr1PdHHBHNrqyJXZPVaad4DB2JBviknj], stat = 1
[2016/12/15 15:23:13 144][Px1747][Tx777fe700][DBG] LENGINE    leng_rpc.c 413  luacRPCFuncProto_Invoke(9b01a0,94b860) [in]
[2016/12/15 15:23:13 144][Px1747][Tx77fff700][TRC] LMOD       luac_logge 170  [isr_local:801:sample_rate  :  16000  ]
[2016/12/15 15:23:13 145][Px1747][Tx767fc700][DBG] AUDIOCODEC audio_code 218  iFlyFixFrontAppendData 6400
[2016/12/15 15:23:13 145][Px1747][Tx777fe700][TRC] LMOD       luac_logge 170  [isr:1535:ASR_MSG_AUW,   local  ]
[2016/12/15 15:23:13 146][Px1747][Tx77fff700][TRC] LMOD       luac_logge 170  [isr_local:801:grm_build_path  :  res/asr/GrmBuilld  ]
[2016/12/15 15:23:13 146][Px1747][Tx767fc700][TRC] AUDIOCODEC audio_code 245  fetch from VAD 6400 Bytes WaveData
[2016/12/15 15:23:13 147][Px1747][Tx777fe700][TRC] LMOD       luac_logge 170  [isr:1546:6400  2  ]
[2016/12/15 15:23:13 147][Px1747][Tx777fe700][TRC] AUDIOCODEC audio_code 944  audioEncoder_Encode() [in]
[2016/12/15 15:23:13 147][Px1747][Tx777fe700][INF] AUDIOCODEC audio_code 950  stat = 2, len = 6400
[2016/12/15 15:23:13 147][Px1747][Tx77fff700][TRC] LMOD       luac_logge 170  [isr_local:801:local_grammar  :  cmd  ]
[2016/12/15 15:23:13 148][Px1747][Tx767fc700][PRF] AUDIOCODEC audio_code 246  fetch 6400(Bytes) Wav cost 1(ms) (fea=0)
[2016/12/15 15:23:13 148][Px1747][Tx777fe700][DBG] AUDIOCODEC audio_code 953  divided into 0 blocks
[2016/12/15 15:23:13 148][Px1747][Tx77fff700][TRC] LMOD       luac_logge 170  [isr_local:801:result_type  :  xml  ]
[2016/12/15 15:23:13 148][Px1747][Tx767fc700][DBG] AUDIOCODEC audio_code 262  vadStat = 0
[2016/12/15 15:23:13 149][Px1747][Tx777fe700][DBG] MSPTHREAD  MSPThreadP 733  POST audioEncoder:6:3:0
[2016/12/15 15:23:13 149][Px1747][Tx777fe700][TRC] AUDIOCODEC audio_code 898  audioEncoder_GetVADParam(, 10001) [in]
[2016/12/15 15:23:13 149][Px1747][Tx777fe700][DBG] LENGINE    leng_rpc.c 527  luacRPCFuncProto_Invoke() [out] ret = 0
[2016/12/15 15:23:13 149][Px1747][Tx77fff700][TRC] LMOD       luac_logge 170  [isr_local:801:result_encoding  :  UTF-8  ]
[2016/12/15 15:23:13 150][Px1747][Tx767fc700][DBG] MSPTHREAD  MSPThreadP 733  POST l_engine_3:10:15:0
[2016/12/15 15:23:13 150][Px1747][Tx77fff700][TRC] LMOD       luac_logge 170  [isr_local:1258:init aitalk in ssb  ]
[2016/12/15 15:23:13 150][Px1747][Tx777fe700][DBG] LENGINE    leng_main. 513  ENGINE_MSG_RPC_ASYNC
[2016/12/15 15:23:13 150][Px1747][Tx777fe700][DBG] LENGINE    leng_main. 521  [cisr1PdHHBHNrqyJXZPVaad4DB2JBviknj], stat = 1
[2016/12/15 15:23:13 151][Px1747][Tx77fff700][TRC] LMOD       luac_logge 170  [isr_local:1142:esr_init | params:  engine_type=local,asr_res_path=fo|res/asr/common.jet,sample_rate=16000,grm_build_path=res/asr/GrmBuilld,local_grammar=cmd,result_type=xml,result_encoding=UTF-8  ]
[2016/12/15 15:23:13 151][Px1747][Tx767fc700][TRC] AUDIOCODEC audio_code 175  ENCODE 6400, 2
[2016/12/15 15:23:13 151][Px1747][Tx777fe700][DBG] LENGINE    leng_rpc.c 413  luacRPCFuncProto_Invoke(9b1e00,94b860) [in]
[2016/12/15 15:23:13 152][Px1747][Tx77fff700][TRC] LMOD       luac_logge 170  [isr_local:801:engine_type  :  local  ]
[2016/12/15 15:23:13 152][Px1747][Tx767fc700][DBG] AUDIOCODEC audio_code 218  iFlyFixFrontAppendData 6400
[2016/12/15 15:23:13 152][Px1747][Tx777fe700][TRC] LMOD       luac_logge 170  [isr:1535:ASR_MSG_AUW,   local  ]
[2016/12/15 15:23:13 153][Px1747][Tx77fff700][TRC] LMOD       luac_logge 170  [isr_local:801:asr_res_path  :  fo|res/asr/common.jet  ]
[2016/12/15 15:23:13 153][Px1747][Tx767fc700][TRC] AUDIOCODEC audio_code 245  fetch from VAD 6400 Bytes WaveData
[2016/12/15 15:23:13 154][Px1747][Tx777fe700][TRC] LMOD       luac_logge 170  [isr:1546:6400  2  ]
[2016/12/15 15:23:13 154][Px1747][Tx77fff700][TRC] LMOD       luac_logge 170  [isr_local:801:sample_rate  :  16000  ]
[2016/12/15 15:23:13 155][Px1747][Tx767fc700][PRF] AUDIOCODEC audio_code 246  fetch 6400(Bytes) Wav cost 1(ms) (fea=0)
[2016/12/15 15:23:13 155][Px1747][Tx777fe700][TRC] AUDIOCODEC audio_code 944  audioEncoder_Encode() [in]
[2016/12/15 15:23:13 155][Px1747][Tx777fe700][INF] AUDIOCODEC audio_code 950  stat = 2, len = 6400
[2016/12/15 15:23:13 156][Px1747][Tx777fe700][DBG] AUDIOCODEC audio_code 953  divided into 0 blocks
[2016/12/15 15:23:13 156][Px1747][Tx777fe700][DBG] MSPTHREAD  MSPThreadP 733  POST audioEncoder:6:3:0
[2016/12/15 15:23:13 156][Px1747][Tx77fff700][TRC] LMOD       luac_logge 170  [isr_local:801:grm_build_path  :  res/asr/GrmBuilld  ]
[2016/12/15 15:23:13 156][Px1747][Tx767fc700][DBG] AUDIOCODEC audio_code 262  vadStat = 0
[2016/12/15 15:23:13 156][Px1747][Tx777fe700][TRC] AUDIOCODEC audio_code 898  audioEncoder_GetVADParam(, 10001) [in]
[2016/12/15 15:23:13 157][Px1747][Tx77fff700][TRC] LMOD       luac_logge 170  [isr_local:801:local_grammar  :  cmd  ]
[2016/12/15 15:23:13 157][Px1747][Tx767fc700][DBG] MSPTHREAD  MSPThreadP 733  POST l_engine_3:10:15:0
[2016/12/15 15:23:13 158][Px1747][Tx777fe700][DBG] LENGINE    leng_rpc.c 527  luacRPCFuncProto_Invoke() [out] ret = 0
[2016/12/15 15:23:13 158][Px1747][Tx77fff700][TRC] LMOD       luac_logge 170  [isr_local:801:result_type  :  xml  ]
[2016/12/15 15:23:13 158][Px1747][Tx767fc700][TRC] AUDIOCODEC audio_code 175  ENCODE 6400, 2
[2016/12/15 15:23:13 159][Px1747][Tx777fe700][DBG] LENGINE    leng_main. 513  ENGINE_MSG_RPC_ASYNC
[2016/12/15 15:23:13 159][Px1747][Tx777fe700][DBG] LENGINE    leng_main. 521  [cisr1PdHHBHNrqyJXZPVaad4DB2JBviknj], stat = 1
[2016/12/15 15:23:13 159][Px1747][Tx777fe700][DBG] LENGINE    leng_rpc.c 413  luacRPCFuncProto_Invoke(9b3a60,94b860) [in]
[2016/12/15 15:23:13 159][Px1747][Tx77fff700][TRC] LMOD       luac_logge 170  [isr_local:801:result_encoding  :  UTF-8  ]
[2016/12/15 15:23:13 160][Px1747][Tx767fc700][DBG] AUDIOCODEC audio_code 218  iFlyFixFrontAppendData 6400
[2016/12/15 15:23:13 160][Px1747][Tx777fe700][TRC] LMOD       luac_logge 170  [isr:1535:ASR_MSG_AUW,   local  ]
[2016/12/15 15:23:13 161][Px1747][Tx77fff700][TRC] LMOD       luac_logge 170  [isr_local:1081: lucEsr.new   ]
[2016/12/15 15:23:13 161][Px1747][Tx77fff700][TRC] LENGINE    aitalk.c   209  Esr_New(6c02d068, 6c02d488, 77ffe7fc) [in]
[2016/12/15 15:23:13 161][Px1747][Tx77fff700][TRC] LENGINE    aitalk.c   253  Esr_New(6c02d580, 0) [out]
[2016/12/15 15:23:13 161][Px1747][Tx767fc700][DBG] MSPTHREAD  MSPThreadP 733  POST l_engine_3:10:15:0
[2016/12/15 15:23:13 162][Px1747][Tx777fe700][TRC] LMOD       luac_logge 170  [isr:1546:6400  2  ]
[2016/12/15 15:23:13 162][Px1747][Tx777fe700][TRC] AUDIOCODEC audio_code 944  audioEncoder_Encode() [in]
[2016/12/15 15:23:13 162][Px1747][Tx777fe700][INF] AUDIOCODEC audio_code 950  stat = 2, len = 6400
[2016/12/15 15:23:13 162][Px1747][Tx777fe700][DBG] AUDIOCODEC audio_code 953  divided into 0 blocks
[2016/12/15 15:23:13 163][Px1747][Tx777fe700][DBG] MSPTHREAD  MSPThreadP 733  POST audioEncoder:6:3:0
[2016/12/15 15:23:13 163][Px1747][Tx777fe700][TRC] AUDIOCODEC audio_code 898  audioEncoder_GetVADParam(, 10001) [in]
[2016/12/15 15:23:13 163][Px1747][Tx777fe700][DBG] LENGINE    leng_rpc.c 527  luacRPCFuncProto_Invoke() [out] ret = 0
[2016/12/15 15:23:13 163][Px1747][Tx777fe700][DBG] LENGINE    leng_main. 513  ENGINE_MSG_RPC_ASYNC
[2016/12/15 15:23:13 163][Px1747][Tx777fe700][DBG] LENGINE    leng_main. 521  [cisr1PdHHBHNrqyJXZPVaad4DB2JBviknj], stat = 1
[2016/12/15 15:23:13 163][Px1747][Tx777fe700][DBG] LENGINE    leng_rpc.c 413  luacRPCFuncProto_Invoke(9b56c0,94b860) [in]
[2016/12/15 15:23:13 164][Px1747][Tx767fc700][TRC] AUDIOCODEC audio_code 245  fetch from VAD 6400 Bytes WaveData
[2016/12/15 15:23:13 164][Px1747][Tx77fff700][TRC] LMOD       luac_logge 170  [isr_local:998:file count =   1  ]
[2016/12/15 15:23:13 164][Px1747][Tx767fc700][PRF] AUDIOCODEC audio_code 246  fetch 6400(Bytes) Wav cost 3(ms) (fea=0)
[2016/12/15 15:23:13 165][Px1747][Tx777fe700][TRC] LMOD       luac_logge 170  [isr:1535:ASR_MSG_AUW,   local  ]
[2016/12/15 15:23:13 165][Px1747][Tx77fff700][TRC] LMOD       luac_logge 170  [isr_local:921:file open type is:   fo  ]
[2016/12/15 15:23:13 165][Px1747][Tx767fc700][DBG] AUDIOCODEC audio_code 262  vadStat = 0
[2016/12/15 15:23:13 166][Px1747][Tx777fe700][TRC] LMOD       luac_logge 170  [isr:1546:6400  2  ]
[2016/12/15 15:23:13 166][Px1747][Tx777fe700][TRC] AUDIOCODEC audio_code 944  audioEncoder_Encode() [in]
[2016/12/15 15:23:13 166][Px1747][Tx777fe700][INF] AUDIOCODEC audio_code 950  stat = 2, len = 6400
[2016/12/15 15:23:13 166][Px1747][Tx777fe700][DBG] AUDIOCODEC audio_code 953  divided into 0 blocks
[2016/12/15 15:23:13 166][Px1747][Tx777fe700][DBG] MSPTHREAD  MSPThreadP 733  POST audioEncoder:6:4:0
[2016/12/15 15:23:13 166][Px1747][Tx77fff700][TRC] LMOD       luac_logge 170  [isr_local:954:res/asr/common.jet  0  0  ]
[2016/12/15 15:23:13 167][Px1747][Tx767fc700][DBG] MSPTHREAD  MSPThreadP 733  POST l_engine_3:10:15:0
[2016/12/15 15:23:13 167][Px1747][Tx777fe700][TRC] AUDIOCODEC audio_code 898  audioEncoder_GetVADParam(, 10001) [in]
[2016/12/15 15:23:13 167][Px1747][Tx777fe700][DBG] LENGINE    leng_rpc.c 527  luacRPCFuncProto_Invoke() [out] ret = 0
[2016/12/15 15:23:13 167][Px1747][Tx777fe700][DBG] LENGINE    leng_main. 513  ENGINE_MSG_RPC_ASYNC
[2016/12/15 15:23:13 168][Px1747][Tx77fff700][TRC] LMOD       luac_logge 170  [isr_local:1016:speech_plus_setting  0  ]
[2016/12/15 15:23:13 168][Px1747][Tx767fc700][TRC] AUDIOCODEC audio_code 175  ENCODE 6400, 2
[2016/12/15 15:23:13 168][Px1747][Tx777fe700][DBG] LENGINE    leng_main. 521  [cisr1PdHHBHNrqyJXZPVaad4DB2JBviknj], stat = 1
[2016/12/15 15:23:13 169][Px1747][Tx777fe700][DBG] LENGINE    leng_rpc.c 413  luacRPCFuncProto_Invoke(99cb70,94b860) [in]
[2016/12/15 15:23:13 169][Px1747][Tx767fc700][DBG] AUDIOCODEC audio_code 218  iFlyFixFrontAppendData 6400
[2016/12/15 15:23:13 169][Px1747][Tx77fff700][TRC] LMOD       luac_logge 170  [isr_local:1029:2  nil  res/asr/common.jet  0  0  ]
[2016/12/15 15:23:13 170][Px1747][Tx77fff700][TRC] LENGINE    aitalk.c   123  Esr_ResCheck(2, 77ffe750) [in]
[2016/12/15 15:23:13 170][Px1747][Tx77fff700][TRC] LENGINE    aitalk.c   124  Esr_ResCheck(2, 6c02dd88, 0, 0) [in]
[2016/12/15 15:23:13 170][Px1747][Tx777fe700][TRC] LMOD       luac_logge 170  [isr:1535:ASR_MSG_AUW,   local  ]
[2016/12/15 15:23:13 170][Px1747][Tx767fc700][DBG] MSPTHREAD  MSPThreadP 733  POST l_engine_3:10:15:0
[2016/12/15 15:23:13 171][Px1747][Tx777fe700][TRC] LMOD       luac_logge 170  [isr:1546:0  4  ]
[2016/12/15 15:23:13 171][Px1747][Tx767fc700][TRC] AUDIOCODEC audio_code 245  fetch from VAD 6400 Bytes WaveData
[2016/12/15 15:23:13 172][Px1747][Tx77fff700][TRC] LENGINE    aitalk.c   200  Esr_ResCheck( 0) [out]
[2016/12/15 15:23:13 172][Px1747][Tx777fe700][TRC] LMOD       luac_logge 170  [isr:1579:aud end, USER  ]
[2016/12/15 15:23:13 172][Px1747][Tx777fe700][TRC] AUDIOCODEC audio_code 944  audioEncoder_Encode() [in]
[2016/12/15 15:23:13 173][Px1747][Tx777fe700][INF] AUDIOCODEC audio_code 950  stat = 4, len = 0
[2016/12/15 15:23:13 173][Px1747][Tx777fe700][DBG] AUDIOCODEC audio_code 953  divided into 0 blocks
[2016/12/15 15:23:13 173][Px1747][Tx777fe700][DBG] MSPTHREAD  MSPThreadP 733  POST audioEncoder:6:4:0
[2016/12/15 15:23:13 173][Px1747][Tx777fe700][TRC] AUDIOCODEC audio_code 898  audioEncoder_GetVADParam(, 10001) [in]
[2016/12/15 15:23:13 173][Px1747][Tx777fe700][DBG] LENGINE    leng_rpc.c 527  luacRPCFuncProto_Invoke() [out] ret = 0
[2016/12/15 15:23:13 173][Px1747][Tx777fe700][DBG] LENGINE    leng_main. 513  ENGINE_MSG_RPC_ASYNC
[2016/12/15 15:23:13 173][Px1747][Tx777fe700][DBG] LENGINE    leng_main. 521  [cisr1PdHHBHNrqyJXZPVaad4DB2JBviknj], stat = 1
[2016/12/15 15:23:13 174][Px1747][Tx777fe700][DBG] LENGINE    leng_rpc.c 413  luacRPCFuncProto_Invoke(5c004ae0,94b860) [in]
[2016/12/15 15:23:13 174][Px1747][Tx777fe700][TRC] AUDIOCODEC audio_code 1023 audioEncoder_Read(, 2004867180) [in]
[2016/12/15 15:23:13 174][Px1747][Tx777fe700][DBG] AUDIOCODEC audio_code 1037 completed = 0, availEncodedSize = 69760
[2016/12/15 15:23:13 174][Px1747][Tx777fe700][DBG] AUDIOCODEC audio_code 1055 after read, availEncodedSize = 63360
[2016/12/15 15:23:13 174][Px1747][Tx777fe700][DBG] AUDIOCODEC audio_code 1067 stat = 1, data = 6426f200
[2016/12/15 15:23:13 175][Px1747][Tx777fe700][TRC] LENGINE    leng_shell 351  lEngine_PostMessage(6426de80,303,2,) [in]
[2016/12/15 15:23:13 175][Px1747][Tx777fe700][DBG] MSPTHREAD  MSPThreadP 733  POST l_engine_2:10:1:0
[2016/12/15 15:23:13 175][Px1747][Tx777fe700][TRC] LENGINE    leng_shell 374  lEngine_PostMessage() [out] 0
[2016/12/15 15:23:13 175][Px1747][Tx777fe700][TRC] AUDIOCODEC audio_code 1023 audioEncoder_Read(, 2004867180) [in]
[2016/12/15 15:23:13 175][Px1747][Tx777fe700][DBG] AUDIOCODEC audio_code 1037 completed = 0, availEncodedSize = 63360
[2016/12/15 15:23:13 176][Px1747][Tx777fe700][DBG] AUDIOCODEC audio_code 1055 after read, availEncodedSize = 56960
[2016/12/15 15:23:13 176][Px1747][Tx777fe700][DBG] AUDIOCODEC audio_code 1067 stat = 2, data = 6426f200
[2016/12/15 15:23:13 176][Px1747][Tx777fe700][TRC] LENGINE    leng_shell 351  lEngine_PostMessage(6426de80,303,2,) [in]
[2016/12/15 15:23:13 176][Px1747][Tx777fe700][DBG] MSPTHREAD  MSPThreadP 733  POST l_engine_2:10:2:0
[2016/12/15 15:23:13 177][Px1747][Tx777fe700][TRC] LENGINE    leng_shell 374  lEngine_PostMessage() [out] 0
[2016/12/15 15:23:13 177][Px1747][Tx77fff700][TRC] LMOD       luac_logge 170  [isr_local:1031:res_ver  2  ]
[2016/12/15 15:23:13 177][Px1747][Tx767fc700][PRF] AUDIOCODEC audio_code 246  fetch 6400(Bytes) Wav cost 2(ms) (fea=0)
[2016/12/15 15:23:13 177][Px1747][Tx777fe700][TRC] AUDIOCODEC audio_code 1023 audioEncoder_Read(, 2004867180) [in]
[2016/12/15 15:23:13 177][Px1747][Tx77fff700][TRC] LMOD       luac_logge 170  [isr_local:1032:res 5  a67ec4631cc3043e4b7fce4a4b7234d9  ]
[2016/12/15 15:23:13 178][Px1747][Tx767fc700][DBG] AUDIOCODEC audio_code 262  vadStat = 6
[2016/12/15 15:23:13 178][Px1747][Tx777fe700][DBG] AUDIOCODEC audio_code 1037 completed = 0, availEncodedSize = 56960
[2016/12/15 15:23:13 178][Px1747][Tx777fe700][DBG] AUDIOCODEC audio_code 1055 after read, availEncodedSize = 50560
[2016/12/15 15:23:13 179][Px1747][Tx777fe700][DBG] AUDIOCODEC audio_code 1067 stat = 2, data = 6426f200
[2016/12/15 15:23:13 179][Px1747][Tx77fff700][TRC] LMOD       luac_logge 170  [isr_local:1033:res_new_old_mark  v5pp  ]
[2016/12/15 15:23:13 179][Px1747][Tx777fe700][TRC] LENGINE    leng_shell 351  lEngine_PostMessage(6426de80,303,2,) [in]
[2016/12/15 15:23:13 180][Px1747][Tx777fe700][DBG] MSPTHREAD  MSPThreadP 733  POST l_engine_2:10:3:0
[2016/12/15 15:23:13 180][Px1747][Tx77fff700][TRC] LMOD       luac_logge 170  [isr_local:1034:res_usr_name    ]
[2016/12/15 15:23:13 180][Px1747][Tx767fc700][DBG] MSPTHREAD  MSPThreadP 733  POST l_engine_3:10:15:0
[2016/12/15 15:23:13 180][Px1747][Tx777fe700][TRC] LENGINE    leng_shell 374  lEngine_PostMessage() [out] 0
[2016/12/15 15:23:13 181][Px1747][Tx777fe700][TRC] AUDIOCODEC audio_code 1023 audioEncoder_Read(, 2004867180) [in]
[2016/12/15 15:23:13 181][Px1747][Tx777fe700][DBG] AUDIOCODEC audio_code 1037 completed = 0, availEncodedSize = 56960
[2016/12/15 15:23:13 181][Px1747][Tx77fff700][TRC] LMOD       luac_logge 170  [isr_local:1035:res_expires  1485072161  ]
[2016/12/15 15:23:13 182][Px1747][Tx767fc700][TRC] AUDIOCODEC audio_code 175  ENCODE 6400, 2
[2016/12/15 15:23:13 182][Px1747][Tx777fe700][DBG] AUDIOCODEC audio_code 1055 after read, availEncodedSize = 50560
[2016/12/15 15:23:13 183][Px1747][Tx777fe700][DBG] AUDIOCODEC audio_code 1067 stat = 2, data = 6426f200
[2016/12/15 15:23:13 183][Px1747][Tx777fe700][TRC] LENGINE    leng_shell 351  lEngine_PostMessage(6426de80,303,2,) [in]
[2016/12/15 15:23:13 183][Px1747][Tx77fff700][TRC] LMOD       luac_logge 170  [isr_local:1036:err  0  ]
[2016/12/15 15:23:13 183][Px1747][Tx767fc700][DBG] AUDIOCODEC audio_code 218  iFlyFixFrontAppendData 6400
[2016/12/15 15:23:13 184][Px1747][Tx777fe700][DBG] MSPTHREAD  MSPThreadP 733  POST l_engine_2:10:4:0
[2016/12/15 15:23:13 184][Px1747][Tx777fe700][TRC] LENGINE    leng_shell 374  lEngine_PostMessage() [out] 0
[2016/12/15 15:23:13 185][Px1747][Tx777fe700][TRC] AUDIOCODEC audio_code 1023 audioEncoder_Read(, 2004867180) [in]
[2016/12/15 15:23:13 185][Px1747][Tx777fe700][DBG] AUDIOCODEC audio_code 1037 completed = 0, availEncodedSize = 50560
[2016/12/15 15:23:13 185][Px1747][Tx777fe700][DBG] AUDIOCODEC audio_code 1055 after read, availEncodedSize = 44160
[2016/12/15 15:23:13 186][Px1747][Tx77fff700][TRC] LMOD       luac_logge 170  [isr_local:1052:lgi appid 5  a67ec4631cc3043e4b7fce4a4b7234d9  ]
[2016/12/15 15:23:13 186][Px1747][Tx767fc700][DBG] MSPTHREAD  MSPThreadP 733  POST l_engine_3:10:16:0
[2016/12/15 15:23:13 187][Px1747][Tx777fe700][DBG] AUDIOCODEC audio_code 1067 stat = 2, data = 642915a0
[2016/12/15 15:23:13 187][Px1747][Tx777fe700][TRC] LENGINE    leng_shell 351  lEngine_PostMessage(6426de80,303,2,) [in]
[2016/12/15 15:23:13 188][Px1747][Tx777fe700][DBG] MSPTHREAD  MSPThreadP 733  POST l_engine_2:10:5:0
[2016/12/15 15:23:13 188][Px1747][Tx777fe700][TRC] LENGINE    leng_shell 374  lEngine_PostMessage() [out] 0
[2016/12/15 15:23:13 188][Px1747][Tx777fe700][TRC] AUDIOCODEC audio_code 1023 audioEncoder_Read(, 2004867180) [in]
[2016/12/15 15:23:13 189][Px1747][Tx77fff700][TRC] LMOD       luac_logge 170  [isr_local:1067:now expires:  1481844193  1485072161  ]
[2016/12/15 15:23:13 189][Px1747][Tx77fff700][TRC] LENGINE    aitalk.c   1749 GetResFileInfoList_FO(6c02d580, 6c02dd88, 256, 0)
[2016/12/15 15:23:13 189][Px1747][Tx77fff700][TRC] LENGINE    aitalk.c   1627 GetResPathInfo [in]
[2016/12/15 15:23:13 189][Px1747][Tx767fc700][TRC] AUDIOCODEC audio_code 245  fetch from VAD 6400 Bytes WaveData
[2016/12/15 15:23:13 189][Px1747][Tx777fe700][DBG] AUDIOCODEC audio_code 1037 completed = 0, availEncodedSize = 44160
[2016/12/15 15:23:13 190][Px1747][Tx777fe700][DBG] AUDIOCODEC audio_code 1055 after read, availEncodedSize = 37760
[2016/12/15 15:23:13 190][Px1747][Tx777fe700][DBG] AUDIOCODEC audio_code 1067 stat = 2, data = 642915a0
[2016/12/15 15:23:13 190][Px1747][Tx777fe700][TRC] LENGINE    leng_shell 351  lEngine_PostMessage(6426de80,303,2,) [in]
[2016/12/15 15:23:13 190][Px1747][Tx777fe700][DBG] MSPTHREAD  MSPThreadP 733  POST l_engine_2:10:6:0
[2016/12/15 15:23:13 190][Px1747][Tx777fe700][TRC] LENGINE    leng_shell 374  lEngine_PostMessage() [out] 0
[2016/12/15 15:23:13 191][Px1747][Tx77fff700][TRC] LENGINE    aitalk.c   1485 ParseHeaderInfo() [in]
[2016/12/15 15:23:13 191][Px1747][Tx77fff700][TRC] LENGINE    aitalk.c   1606 ParseHeaderInfo() [out]
[2016/12/15 15:23:13 191][Px1747][Tx77fff700][TRC] LENGINE    aitalk.c   1735 GetResPathInfo(ret=0) [out]
[2016/12/15 15:23:13 191][Px1747][Tx77fff700][TRC] LENGINE    aitalk.c   1788 GetResFileInfoList_FO(0)[out]
[2016/12/15 15:23:13 191][Px1747][Tx77fff700][TRC] LENGINE    luac_auth. 182  luac_auth_read| enter
[2016/12/15 15:23:13 192][Px1747][Tx77fff700][TRC] LENGINE    luac_auth. 266  read_cnt| enter
[2016/12/15 15:23:13 192][Px1747][Tx777fe700][TRC] AUDIOCODEC audio_code 1023 audioEncoder_Read(, 2004867180) [in]
[2016/12/15 15:23:13 192][Px1747][Tx777fe700][DBG] AUDIOCODEC audio_code 1037 completed = 0, availEncodedSize = 37760
[2016/12/15 15:23:13 193][Px1747][Tx777fe700][DBG] AUDIOCODEC audio_code 1055 after read, availEncodedSize = 31360
[2016/12/15 15:23:13 193][Px1747][Tx777fe700][DBG] AUDIOCODEC audio_code 1067 stat = 2, data = 642915a0
[2016/12/15 15:23:13 193][Px1747][Tx777fe700][TRC] LENGINE    leng_shell 351  lEngine_PostMessage(6426de80,303,2,) [in]
[2016/12/15 15:23:13 193][Px1747][Tx777fe700][DBG] MSPTHREAD  MSPThreadP 733  POST l_engine_2:10:7:0
[2016/12/15 15:23:13 193][Px1747][Tx77fff700][WAR] LENGINE    luac_auth. 286  read_cnt| no license file, ret = 11200
[2016/12/15 15:23:13 194][Px1747][Tx767fc700][PRF] AUDIOCODEC audio_code 246  fetch 6400(Bytes) Wav cost 6(ms) (fea=0)
[2016/12/15 15:23:13 194][Px1747][Tx777fe700][TRC] LENGINE    leng_shell 374  lEngine_PostMessage() [out] 0
[2016/12/15 15:23:13 194][Px1747][Tx777fe700][TRC] AUDIOCODEC audio_code 1023 audioEncoder_Read(, 2004867180) [in]
[2016/12/15 15:23:13 194][Px1747][Tx777fe700][DBG] AUDIOCODEC audio_code 1037 completed = 0, availEncodedSize = 31360
[2016/12/15 15:23:13 194][Px1747][Tx77fff700][ERR] LMOD       luac_logge 166  [auth:252:read auth file failed! err=  11200  ]
[2016/12/15 15:23:13 195][Px1747][Tx77fff700][TRC] LENGINE    aitalk.c   263  Esr_Create(6c02d580, 160, 6c0368b8) [in]
[2016/12/15 15:23:13 195][Px1747][Tx77fff700][TRC] LENGINE    aitalk.c   1088 CBOpenFile: open file name:ivEsrSes
[2016/12/15 15:23:13 196][Px1747][Tx767fc700][DBG] AUDIOCODEC audio_code 262  vadStat = 0
[2016/12/15 15:23:13 196][Px1747][Tx777fe700][DBG] AUDIOCODEC audio_code 1055 after read, availEncodedSize = 24960
[2016/12/15 15:23:13 196][Px1747][Tx777fe700][DBG] AUDIOCODEC audio_code 1067 stat = 2, data = 642915a0
[2016/12/15 15:23:13 197][Px1747][Tx777fe700][TRC] LENGINE    leng_shell 351  lEngine_PostMessage(6426de80,303,2,) [in]
[2016/12/15 15:23:13 197][Px1747][Tx777fe700][DBG] MSPTHREAD  MSPThreadP 733  POST l_engine_2:10:8:0
[2016/12/15 15:23:13 197][Px1747][Tx777fe700][TRC] LENGINE    leng_shell 374  lEngine_PostMessage() [out] 0
[2016/12/15 15:23:13 197][Px1747][Tx777fe700][TRC] AUDIOCODEC audio_code 1023 audioEncoder_Read(, 2004867180) [in]
[2016/12/15 15:23:13 198][Px1747][Tx767fc700][DBG] MSPTHREAD  MSPThreadP 733  POST l_engine_3:10:17:0
[2016/12/15 15:23:13 198][Px1747][Tx77fff700][TRC] LENGINE    aitalk.c   1088 CBOpenFile: open file name:ivTMRes_16K.irf
[2016/12/15 15:23:13 198][Px1747][Tx77fff700][TRC] LENGINE    aitalk.c   1880 GetResFileInfo(6c02d580, ivTMRes_16K.irf, 77ffe00c)[in]
[2016/12/15 15:23:13 198][Px1747][Tx77fff700][TRC] LENGINE    aitalk.c   1901 GetResFileInfo | File[ivTMRes_16K.irf] Found!
[2016/12/15 15:23:13 198][Px1747][Tx77fff700][TRC] LENGINE    aitalk.c   1941 GetResFileInfo(0)[out]
[2016/12/15 15:23:13 199][Px1747][Tx77fff700][TRC] LENGINE    aitalk.c   1975 CBOpenFile | res_file_info=6c02df50
[2016/12/15 15:23:13 199][Px1747][Tx77fff700][TRC] LENGINE    aitalk.c   1982 CBOpenFile | type=2
[2016/12/15 15:23:13 199][Px1747][Tx77fff700][TRC] LENGINE    aitalk.c   1985 CBOpenFile | ESR_FILE_OP_TYPE_FO : resource file name=res/asr/common.jet
[2016/12/15 15:23:13 199][Px1747][Tx777fe700][DBG] AUDIOCODEC audio_code 1037 completed = 0, availEncodedSize = 31360
[2016/12/15 15:23:13 200][Px1747][Tx777fe700][DBG] AUDIOCODEC audio_code 1055 after read, availEncodedSize = 24960
[2016/12/15 15:23:13 200][Px1747][Tx777fe700][DBG] AUDIOCODEC audio_code 1067 stat = 2, data = 642915a0
[2016/12/15 15:23:13 202][Px1747][Tx777fe700][TRC] LENGINE    leng_shell 351  lEngine_PostMessage(6426de80,303,2,) [in]
[2016/12/15 15:23:13 203][Px1747][Tx777fe700][DBG] MSPTHREAD  MSPThreadP 733  POST l_engine_2:10:9:0
[2016/12/15 15:23:13 204][Px1747][Tx777fe700][TRC] LENGINE    leng_shell 374  lEngine_PostMessage() [out] 0
[2016/12/15 15:23:13 206][Px1747][Tx777fe700][TRC] AUDIOCODEC audio_code 1023 audioEncoder_Read(, 2004867180) [in]
[2016/12/15 15:23:13 207][Px1747][Tx777fe700][DBG] AUDIOCODEC audio_code 1037 completed = 0, availEncodedSize = 24960
[2016/12/15 15:23:13 209][Px1747][Tx777fe700][DBG] AUDIOCODEC audio_code 1055 after read, availEncodedSize = 18560
[2016/12/15 15:23:13 210][Px1747][Tx777fe700][DBG] AUDIOCODEC audio_code 1067 stat = 2, data = 642915a0
[2016/12/15 15:23:13 211][Px1747][Tx777fe700][TRC] LENGINE    leng_shell 351  lEngine_PostMessage(6426de80,303,2,) [in]
[2016/12/15 15:23:13 212][Px1747][Tx777fe700][DBG] MSPTHREAD  MSPThreadP 733  POST l_engine_2:10:10:0
[2016/12/15 15:23:13 213][Px1747][Tx777fe700][TRC] LENGINE    leng_shell 374  lEngine_PostMessage() [out] 0
[2016/12/15 15:23:13 214][Px1747][Tx777fe700][TRC] AUDIOCODEC audio_code 1023 audioEncoder_Read(, 2004867180) [in]
[2016/12/15 15:23:13 215][Px1747][Tx777fe700][DBG] AUDIOCODEC audio_code 1037 completed = 0, availEncodedSize = 18560
[2016/12/15 15:23:13 217][Px1747][Tx777fe700][DBG] AUDIOCODEC audio_code 1055 after read, availEncodedSize = 12160
[2016/12/15 15:23:13 217][Px1747][Tx777fe700][DBG] AUDIOCODEC audio_code 1067 stat = 2, data = 642915a0
[2016/12/15 15:23:13 217][Px1747][Tx777fe700][TRC] LENGINE    leng_shell 351  lEngine_PostMessage(6426de80,303,2,) [in]
[2016/12/15 15:23:13 217][Px1747][Tx777fe700][DBG] MSPTHREAD  MSPThreadP 733  POST l_engine_2:10:11:0
[2016/12/15 15:23:13 218][Px1747][Tx777fe700][TRC] LENGINE    leng_shell 374  lEngine_PostMessage() [out] 0
[2016/12/15 15:23:13 218][Px1747][Tx777fe700][TRC] AUDIOCODEC audio_code 1023 audioEncoder_Read(, 2004867180) [in]
[2016/12/15 15:23:13 218][Px1747][Tx777fe700][DBG] AUDIOCODEC audio_code 1037 completed = 0, availEncodedSize = 12160
[2016/12/15 15:23:13 218][Px1747][Tx777fe700][DBG] AUDIOCODEC audio_code 1055 after read, availEncodedSize = 5760
[2016/12/15 15:23:13 219][Px1747][Tx777fe700][DBG] AUDIOCODEC audio_code 1067 stat = 2, data = 642915a0
[2016/12/15 15:23:13 219][Px1747][Tx777fe700][TRC] LENGINE    leng_shell 351  lEngine_PostMessage(6426de80,303,2,) [in]
[2016/12/15 15:23:13 219][Px1747][Tx777fe700][DBG] MSPTHREAD  MSPThreadP 733  POST l_engine_2:10:12:0
[2016/12/15 15:23:13 219][Px1747][Tx777fe700][TRC] LENGINE    leng_shell 374  lEngine_PostMessage() [out] 0
[2016/12/15 15:23:13 219][Px1747][Tx777fe700][TRC] AUDIOCODEC audio_code 1023 audioEncoder_Read(, 2004867180) [in]
[2016/12/15 15:23:13 220][Px1747][Tx777fe700][DBG] AUDIOCODEC audio_code 1037 completed = 0, availEncodedSize = 5760
[2016/12/15 15:23:13 220][Px1747][Tx777fe700][DBG] LENGINE    leng_rpc.c 527  luacRPCFuncProto_Invoke() [out] ret = 0
[2016/12/15 15:23:13 220][Px1747][Tx777fe700][DBG] LENGINE    leng_main. 513  ENGINE_MSG_RPC_ASYNC
[2016/12/15 15:23:13 220][Px1747][Tx777fe700][DBG] LENGINE    leng_main. 521  [cisr1PdHHBHNrqyJXZPVaad4DB2JBviknj], stat = 1
[2016/12/15 15:23:13 220][Px1747][Tx777fe700][DBG] LENGINE    leng_rpc.c 413  luacRPCFuncProto_Invoke(5c004cf0,94b860) [in]
[2016/12/15 15:23:13 221][Px1747][Tx767fc700][TRC] AUDIOCODEC audio_code 175  ENCODE 6400, 2
[2016/12/15 15:23:13 221][Px1747][Tx767fc700][DBG] AUDIOCODEC audio_code 218  iFlyFixFrontAppendData 6400
[2016/12/15 15:23:13 221][Px1747][Tx767fc700][DBG] MSPTHREAD  MSPThreadP 733  POST l_engine_3:10:17:0
[2016/12/15 15:23:13 222][Px1747][Tx777fe700][TRC] LMOD       luac_logge 170  [isr:845:[aud] speech start  ]
[2016/12/15 15:23:13 222][Px1747][Tx777fe700][TRC] AUDIOCODEC audio_code 1023 audioEncoder_Read(, 2004867180) [in]
[2016/12/15 15:23:13 222][Px1747][Tx777fe700][DBG] AUDIOCODEC audio_code 1037 completed = 0, availEncodedSize = 5760
[2016/12/15 15:23:13 222][Px1747][Tx777fe700][DBG] LENGINE    leng_rpc.c 527  luacRPCFuncProto_Invoke() [out] ret = 0
[2016/12/15 15:23:13 223][Px1747][Tx777fe700][DBG] LENGINE    leng_main. 513  ENGINE_MSG_RPC_ASYNC
[2016/12/15 15:23:13 223][Px1747][Tx777fe700][DBG] LENGINE    leng_main. 521  [cisr1PdHHBHNrqyJXZPVaad4DB2JBviknj], stat = 1
[2016/12/15 15:23:13 223][Px1747][Tx777fe700][DBG] LENGINE    leng_rpc.c 413  luacRPCFuncProto_Invoke(5c011040,94b860) [in]
[2016/12/15 15:23:13 224][Px1747][Tx777fe700][TRC] AUDIOCODEC audio_code 1023 audioEncoder_Read(, 2004867180) [in]
[2016/12/15 15:23:13 224][Px1747][Tx777fe700][DBG] AUDIOCODEC audio_code 1037 completed = 0, availEncodedSize = 5760
[2016/12/15 15:23:13 224][Px1747][Tx777fe700][DBG] LENGINE    leng_rpc.c 527  luacRPCFuncProto_Invoke() [out] ret = 0
[2016/12/15 15:23:13 224][Px1747][Tx777fe700][DBG] LENGINE    leng_main. 513  ENGINE_MSG_RPC_ASYNC
[2016/12/15 15:23:13 224][Px1747][Tx777fe700][DBG] LENGINE    leng_main. 521  [cisr1PdHHBHNrqyJXZPVaad4DB2JBviknj], stat = 1
[2016/12/15 15:23:13 224][Px1747][Tx777fe700][DBG] LENGINE    leng_rpc.c 413  luacRPCFuncProto_Invoke(5c0008c0,94b860) [in]
[2016/12/15 15:23:13 225][Px1747][Tx777fe700][TRC] AUDIOCODEC audio_code 1023 audioEncoder_Read(, 2004867180) [in]
[2016/12/15 15:23:13 225][Px1747][Tx777fe700][DBG] AUDIOCODEC audio_code 1037 completed = 0, availEncodedSize = 5760
[2016/12/15 15:23:13 225][Px1747][Tx777fe700][DBG] LENGINE    leng_rpc.c 527  luacRPCFuncProto_Invoke() [out] ret = 0
[2016/12/15 15:23:13 225][Px1747][Tx777fe700][DBG] LENGINE    leng_main. 513  ENGINE_MSG_RPC_ASYNC
[2016/12/15 15:23:13 226][Px1747][Tx777fe700][DBG] LENGINE    leng_main. 521  [cisr1PdHHBHNrqyJXZPVaad4DB2JBviknj], stat = 1
[2016/12/15 15:23:13 226][Px1747][Tx777fe700][DBG] LENGINE    leng_rpc.c 413  luacRPCFuncProto_Invoke(5c000bb0,94b860) [in]
[2016/12/15 15:23:13 226][Px1747][Tx777fe700][TRC] AUDIOCODEC audio_code 1023 audioEncoder_Read(, 2004867180) [in]
[2016/12/15 15:23:13 226][Px1747][Tx777fe700][DBG] AUDIOCODEC audio_code 1037 completed = 0, availEncodedSize = 5760
[2016/12/15 15:23:13 226][Px1747][Tx777fe700][DBG] LENGINE    leng_rpc.c 527  luacRPCFuncProto_Invoke() [out] ret = 0
[2016/12/15 15:23:13 226][Px1747][Tx777fe700][DBG] LENGINE    leng_main. 513  ENGINE_MSG_RPC_ASYNC
[2016/12/15 15:23:13 226][Px1747][Tx777fe700][DBG] LENGINE    leng_main. 521  [cisr1PdHHBHNrqyJXZPVaad4DB2JBviknj], stat = 1
[2016/12/15 15:23:13 227][Px1747][Tx777fe700][DBG] LENGINE    leng_rpc.c 413  luacRPCFuncProto_Invoke(5c000ea0,94b860) [in]
[2016/12/15 15:23:13 227][Px1747][Tx777fe700][TRC] AUDIOCODEC audio_code 1023 audioEncoder_Read(, 2004867180) [in]
[2016/12/15 15:23:13 227][Px1747][Tx777fe700][DBG] AUDIOCODEC audio_code 1037 completed = 0, availEncodedSize = 5760
[2016/12/15 15:23:13 227][Px1747][Tx777fe700][DBG] LENGINE    leng_rpc.c 527  luacRPCFuncProto_Invoke() [out] ret = 0
[2016/12/15 15:23:13 228][Px1747][Tx777fe700][DBG] LENGINE    leng_main. 513  ENGINE_MSG_RPC_ASYNC
[2016/12/15 15:23:13 228][Px1747][Tx777fe700][DBG] LENGINE    leng_main. 521  [cisr1PdHHBHNrqyJXZPVaad4DB2JBviknj], stat = 1
[2016/12/15 15:23:13 228][Px1747][Tx777fe700][DBG] LENGINE    leng_rpc.c 413  luacRPCFuncProto_Invoke(5c002bf0,94b860) [in]
[2016/12/15 15:23:13 228][Px1747][Tx777fe700][TRC] AUDIOCODEC audio_code 1023 audioEncoder_Read(, 2004867180) [in]
[2016/12/15 15:23:13 229][Px1747][Tx777fe700][DBG] AUDIOCODEC audio_code 1037 completed = 0, availEncodedSize = 5760
[2016/12/15 15:23:13 229][Px1747][Tx777fe700][DBG] LENGINE    leng_rpc.c 527  luacRPCFuncProto_Invoke() [out] ret = 0
[2016/12/15 15:23:13 229][Px1747][Tx777fe700][DBG] LENGINE    leng_main. 513  ENGINE_MSG_RPC_ASYNC
[2016/12/15 15:23:13 229][Px1747][Tx777fe700][DBG] LENGINE    leng_main. 521  [cisr1PdHHBHNrqyJXZPVaad4DB2JBviknj], stat = 1
[2016/12/15 15:23:13 229][Px1747][Tx777fe700][DBG] LENGINE    leng_rpc.c 413  luacRPCFuncProto_Invoke(5c002ea0,94b860) [in]
[2016/12/15 15:23:13 229][Px1747][Tx777fe700][TRC] AUDIOCODEC audio_code 1023 audioEncoder_Read(, 2004867180) [in]
[2016/12/15 15:23:13 230][Px1747][Tx777fe700][DBG] AUDIOCODEC audio_code 1037 completed = 0, availEncodedSize = 5760
[2016/12/15 15:23:13 230][Px1747][Tx777fe700][DBG] LENGINE    leng_rpc.c 527  luacRPCFuncProto_Invoke() [out] ret = 0
[2016/12/15 15:23:13 231][Px1747][Tx777fe700][DBG] LENGINE    leng_main. 513  ENGINE_MSG_RPC_ASYNC
[2016/12/15 15:23:13 231][Px1747][Tx777fe700][DBG] LENGINE    leng_main. 521  [cisr1PdHHBHNrqyJXZPVaad4DB2JBviknj], stat = 1
[2016/12/15 15:23:13 231][Px1747][Tx777fe700][DBG] LENGINE    leng_rpc.c 413  luacRPCFuncProto_Invoke(5c003160,94b860) [in]
[2016/12/15 15:23:13 232][Px1747][Tx777fe700][TRC] AUDIOCODEC audio_code 1023 audioEncoder_Read(, 2004867180) [in]
[2016/12/15 15:23:13 232][Px1747][Tx777fe700][DBG] AUDIOCODEC audio_code 1037 completed = 0, availEncodedSize = 5760
[2016/12/15 15:23:13 232][Px1747][Tx777fe700][DBG] LENGINE    leng_rpc.c 527  luacRPCFuncProto_Invoke() [out] ret = 0
[2016/12/15 15:23:13 232][Px1747][Tx777fe700][DBG] LENGINE    leng_main. 513  ENGINE_MSG_RPC_ASYNC
[2016/12/15 15:23:13 232][Px1747][Tx777fe700][DBG] LENGINE    leng_main. 521  [cisr1PdHHBHNrqyJXZPVaad4DB2JBviknj], stat = 1
[2016/12/15 15:23:13 233][Px1747][Tx777fe700][DBG] LENGINE    leng_rpc.c 413  luacRPCFuncProto_Invoke(5c003450,94b860) [in]
[2016/12/15 15:23:13 233][Px1747][Tx777fe700][TRC] AUDIOCODEC audio_code 1023 audioEncoder_Read(, 2004867180) [in]
[2016/12/15 15:23:13 233][Px1747][Tx777fe700][DBG] AUDIOCODEC audio_code 1037 completed = 0, availEncodedSize = 5760
[2016/12/15 15:23:13 233][Px1747][Tx777fe700][DBG] LENGINE    leng_rpc.c 527  luacRPCFuncProto_Invoke() [out] ret = 0
[2016/12/15 15:23:13 234][Px1747][Tx777fe700][DBG] LENGINE    leng_main. 513  ENGINE_MSG_RPC_ASYNC
[2016/12/15 15:23:13 234][Px1747][Tx777fe700][DBG] LENGINE    leng_main. 521  [cisr1PdHHBHNrqyJXZPVaad4DB2JBviknj], stat = 1
[2016/12/15 15:23:13 234][Px1747][Tx777fe700][DBG] LENGINE    leng_rpc.c 413  luacRPCFuncProto_Invoke(5c003740,94b860) [in]
[2016/12/15 15:23:13 234][Px1747][Tx777fe700][TRC] AUDIOCODEC audio_code 1023 audioEncoder_Read(, 2004867180) [in]
[2016/12/15 15:23:13 234][Px1747][Tx777fe700][DBG] AUDIOCODEC audio_code 1037 completed = 0, availEncodedSize = 5760
[2016/12/15 15:23:13 234][Px1747][Tx777fe700][DBG] LENGINE    leng_rpc.c 527  luacRPCFuncProto_Invoke() [out] ret = 0
[2016/12/15 15:23:13 235][Px1747][Tx777fe700][DBG] LENGINE    leng_main. 513  ENGINE_MSG_RPC_ASYNC
[2016/12/15 15:23:13 235][Px1747][Tx777fe700][DBG] LENGINE    leng_main. 521  [cisr1PdHHBHNrqyJXZPVaad4DB2JBviknj], stat = 1
[2016/12/15 15:23:13 235][Px1747][Tx777fe700][DBG] LENGINE    leng_rpc.c 413  luacRPCFuncProto_Invoke(5c003a30,94b860) [in]
[2016/12/15 15:23:13 235][Px1747][Tx777fe700][TRC] AUDIOCODEC audio_code 1023 audioEncoder_Read(, 2004867180) [in]
[2016/12/15 15:23:13 236][Px1747][Tx777fe700][DBG] AUDIOCODEC audio_code 1037 completed = 0, availEncodedSize = 5760
[2016/12/15 15:23:13 236][Px1747][Tx777fe700][DBG] LENGINE    leng_rpc.c 527  luacRPCFuncProto_Invoke() [out] ret = 0
[2016/12/15 15:23:13 236][Px1747][Tx777fe700][DBG] LENGINE    leng_main. 513  ENGINE_MSG_RPC_ASYNC
[2016/12/15 15:23:13 236][Px1747][Tx777fe700][DBG] LENGINE    leng_main. 521  [cisr1PdHHBHNrqyJXZPVaad4DB2JBviknj], stat = 1
[2016/12/15 15:23:13 236][Px1747][Tx777fe700][DBG] LENGINE    leng_rpc.c 413  luacRPCFuncProto_Invoke(5c003d20,94b860) [in]
[2016/12/15 15:23:13 237][Px1747][Tx777fe700][TRC] AUDIOCODEC audio_code 1023 audioEncoder_Read(, 2004867180) [in]
[2016/12/15 15:23:13 237][Px1747][Tx777fe700][DBG] AUDIOCODEC audio_code 1037 completed = 0, availEncodedSize = 5760
[2016/12/15 15:23:13 237][Px1747][Tx777fe700][DBG] LENGINE    leng_rpc.c 527  luacRPCFuncProto_Invoke() [out] ret = 0
[2016/12/15 15:23:13 237][Px1747][Tx777fe700][DBG] LENGINE    leng_main. 513  ENGINE_MSG_RPC_ASYNC
[2016/12/15 15:23:13 237][Px1747][Tx777fe700][DBG] LENGINE    leng_main. 521  [cisr1PdHHBHNrqyJXZPVaad4DB2JBviknj], stat = 1
[2016/12/15 15:23:13 237][Px1747][Tx777fe700][DBG] LENGINE    leng_rpc.c 413  luacRPCFuncProto_Invoke(5c004010,94b860) [in]
[2016/12/15 15:23:13 238][Px1747][Tx777fe700][TRC] AUDIOCODEC audio_code 1023 audioEncoder_Read(, 2004867180) [in]
[2016/12/15 15:23:13 238][Px1747][Tx777fe700][DBG] AUDIOCODEC audio_code 1037 completed = 0, availEncodedSize = 5760
[2016/12/15 15:23:13 238][Px1747][Tx777fe700][DBG] LENGINE    leng_rpc.c 527  luacRPCFuncProto_Invoke() [out] ret = 0
[2016/12/15 15:23:13 238][Px1747][Tx777fe700][DBG] LENGINE    leng_main. 513  ENGINE_MSG_RPC_ASYNC
[2016/12/15 15:23:13 238][Px1747][Tx777fe700][DBG] LENGINE    leng_main. 521  [cisr1PdHHBHNrqyJXZPVaad4DB2JBviknj], stat = 1
[2016/12/15 15:23:13 239][Px1747][Tx777fe700][DBG] LENGINE    leng_rpc.c 413  luacRPCFuncProto_Invoke(5c004300,94b860) [in]
[2016/12/15 15:23:13 239][Px1747][Tx777fe700][TRC] AUDIOCODEC audio_code 1023 audioEncoder_Read(, 2004867180) [in]
[2016/12/15 15:23:13 239][Px1747][Tx777fe700][DBG] AUDIOCODEC audio_code 1037 completed = 0, availEncodedSize = 5760
[2016/12/15 15:23:13 239][Px1747][Tx777fe700][DBG] LENGINE    leng_rpc.c 527  luacRPCFuncProto_Invoke() [out] ret = 0
[2016/12/15 15:23:13 240][Px1747][Tx777fe700][DBG] LENGINE    leng_main. 513  ENGINE_MSG_RPC_ASYNC
[2016/12/15 15:23:13 240][Px1747][Tx777fe700][DBG] LENGINE    leng_main. 521  [cisr1PdHHBHNrqyJXZPVaad4DB2JBviknj], stat = 1
[2016/12/15 15:23:13 240][Px1747][Tx777fe700][DBG] LENGINE    leng_rpc.c 413  luacRPCFuncProto_Invoke(5c0045d0,94b860) [in]
[2016/12/15 15:23:13 240][Px1747][Tx777fe700][TRC] AUDIOCODEC audio_code 1023 audioEncoder_Read(, 2004867180) [in]
[2016/12/15 15:23:13 240][Px1747][Tx777fe700][DBG] AUDIOCODEC audio_code 1037 completed = 0, availEncodedSize = 5760
[2016/12/15 15:23:13 241][Px1747][Tx777fe700][DBG] LENGINE    leng_rpc.c 527  luacRPCFuncProto_Invoke() [out] ret = 0
[2016/12/15 15:23:13 241][Px1747][Tx777fe700][DBG] LENGINE    leng_main. 513  ENGINE_MSG_RPC_ASYNC
[2016/12/15 15:23:13 241][Px1747][Tx777fe700][DBG] LENGINE    leng_main. 521  [cisr1PdHHBHNrqyJXZPVaad4DB2JBviknj], stat = 1
[2016/12/15 15:23:13 241][Px1747][Tx777fe700][DBG] LENGINE    leng_rpc.c 413  luacRPCFuncProto_Invoke(5c004890,94b860) [in]
[2016/12/15 15:23:13 241][Px1747][Tx777fe700][TRC] AUDIOCODEC audio_code 1023 audioEncoder_Read(, 2004867180) [in]
[2016/12/15 15:23:13 241][Px1747][Tx777fe700][DBG] AUDIOCODEC audio_code 1037 completed = 0, availEncodedSize = 5760
[2016/12/15 15:23:13 241][Px1747][Tx777fe700][DBG] LENGINE    leng_rpc.c 527  luacRPCFuncProto_Invoke() [out] ret = 0
[2016/12/15 15:23:13 242][Px1747][Tx777fe700][DBG] LENGINE    leng_main. 513  ENGINE_MSG_RPC_ASYNC
[2016/12/15 15:23:13 242][Px1747][Tx777fe700][DBG] LENGINE    leng_main. 521  [cisr1PdHHBHNrqyJXZPVaad4DB2JBviknj], stat = 1
[2016/12/15 15:23:13 242][Px1747][Tx777fe700][DBG] LENGINE    leng_rpc.c 413  luacRPCFuncProto_Invoke(5c0012e0,94b860) [in]
[2016/12/15 15:23:13 243][Px1747][Tx777fe700][TRC] AUDIOCODEC audio_code 1023 audioEncoder_Read(, 2004867180) [in]
[2016/12/15 15:23:13 243][Px1747][Tx777fe700][DBG] AUDIOCODEC audio_code 1037 completed = 0, availEncodedSize = 5760
[2016/12/15 15:23:13 243][Px1747][Tx777fe700][DBG] LENGINE    leng_rpc.c 527  luacRPCFuncProto_Invoke() [out] ret = 0
[2016/12/15 15:23:13 243][Px1747][Tx777fe700][DBG] LENGINE    leng_main. 513  ENGINE_MSG_RPC_ASYNC
[2016/12/15 15:23:13 243][Px1747][Tx777fe700][DBG] LENGINE    leng_main. 521  [cisr1PdHHBHNrqyJXZPVaad4DB2JBviknj], stat = 1
[2016/12/15 15:23:13 244][Px1747][Tx777fe700][DBG] LENGINE    leng_rpc.c 413  luacRPCFuncProto_Invoke(5c004ae0,94b860) [in]
[2016/12/15 15:23:13 244][Px1747][Tx777fe700][TRC] AUDIOCODEC audio_code 1023 audioEncoder_Read(, 2004867180) [in]
[2016/12/15 15:23:13 244][Px1747][Tx777fe700][DBG] AUDIOCODEC audio_code 1037 completed = 0, availEncodedSize = 5760
[2016/12/15 15:23:13 244][Px1747][Tx777fe700][DBG] LENGINE    leng_rpc.c 527  luacRPCFuncProto_Invoke() [out] ret = 0
[2016/12/15 15:23:13 245][Px1747][Tx777fe700][DBG] LENGINE    leng_main. 535  ENGINE_MSG_RPC_SYNC
[2016/12/15 15:23:13 245][Px1747][Tx777fe700][DBG] LENGINE    leng_main. 543  [cisr1PdHHBHNrqyJXZPVaad4DB2JBviknj], stat = 1
[2016/12/15 15:23:13 245][Px1747][Tx777fe700][DBG] LENGINE    leng_rpc.c 413  luacRPCFuncProto_Invoke(99cdd0,94b860) [in]
[2016/12/15 15:23:13 245][Px1747][Tx77fff700][DBG] MSPTHREAD  MSPThreadP 733  POST EsrService:1:1:0
[2016/12/15 15:23:13 245][Px1747][Tx758c3700][DBG] MSPTHREAD  MSPThreadP 825  EsrService IDLE
[2016/12/15 15:23:13 246][Px1747][Tx767fc700][TRC] AUDIOCODEC audio_code 245  fetch from VAD 6400 Bytes WaveData
[2016/12/15 15:23:13 246][Px1747][Tx767fc700][PRF] AUDIOCODEC audio_code 246  fetch 6400(Bytes) Wav cost 25(ms) (fea=0)
[2016/12/15 15:23:13 246][Px1747][Tx767fc700][DBG] AUDIOCODEC audio_code 262  vadStat = 0
[2016/12/15 15:23:13 247][Px1747][Tx767fc700][DBG] MSPTHREAD  MSPThreadP 733  POST l_engine_3:10:1:0
[2016/12/15 15:23:13 247][Px1747][Tx767fc700][TRC] AUDIOCODEC audio_code 175  ENCODE 6400, 2
[2016/12/15 15:23:13 247][Px1747][Tx767fc700][DBG] AUDIOCODEC audio_code 218  iFlyFixFrontAppendData 6400
[2016/12/15 15:23:13 248][Px1747][Tx767fc700][DBG] MSPTHREAD  MSPThreadP 733  POST l_engine_3:10:2:0
[2016/12/15 15:23:13 248][Px1747][Tx767fc700][TRC] AUDIOCODEC audio_code 245  fetch from VAD 6400 Bytes WaveData
[2016/12/15 15:23:13 248][Px1747][Tx767fc700][PRF] AUDIOCODEC audio_code 246  fetch 6400(Bytes) Wav cost 1(ms) (fea=0)
[2016/12/15 15:23:13 248][Px1747][Tx767fc700][DBG] AUDIOCODEC audio_code 262  vadStat = 0
[2016/12/15 15:23:13 248][Px1747][Tx767fc700][DBG] MSPTHREAD  MSPThreadP 733  POST l_engine_3:10:3:0
[2016/12/15 15:23:13 249][Px1747][Tx767fc700][TRC] AUDIOCODEC audio_code 175  ENCODE 0, 4
[2016/12/15 15:23:13 249][Px1747][Tx767fc700][DBG] AUDIOCODEC audio_code 228  iFlyFixFrontEndAudioData
[2016/12/15 15:23:13 249][Px1747][Tx767fc700][DBG] MSPTHREAD  MSPThreadP 733  POST l_engine_3:10:4:0
[2016/12/15 15:23:13 250][Px1747][Tx767fc700][DBG] AUDIOCODEC audio_code 262  vadStat = 8
[2016/12/15 15:23:13 250][Px1747][Tx767fc700][TRC] AUDIOCODEC audio_code 273  VAD: finished!
[2016/12/15 15:23:13 250][Px1747][Tx767fc700][DBG] MSPTHREAD  MSPThreadP 733  POST l_engine_3:10:5:0
[2016/12/15 15:23:13 251][Px1747][Tx767fc700][TRC] AUDIOCODEC audio_code 303  encoding completed!
[2016/12/15 15:23:13 251][Px1747][Tx767fc700][DBG] MSPTHREAD  MSPThreadP 733  POST l_engine_3:10:6:0
[2016/12/15 15:23:13 251][Px1747][Tx777fe700][TRC] LMOD       luac_logge 170  [isr:1618:ASR_MSG_GRSLT,   local  ]
[2016/12/15 15:23:13 252][Px1747][Tx77fff700][TRC] LENGINE    aitalk.c   355  Esr_Create(0) [out]
[2016/12/15 15:23:13 252][Px1747][Tx77fff700][TRC] LENGINE    aitalk.c   591  Esr_SetParam(6c02d580, 103, 1) [in]
[2016/12/15 15:23:13 252][Px1747][Tx77fff700][TRC] LENGINE    aitalk.c   606  Esr_SetParam(0) [out]
[2016/12/15 15:23:13 252][Px1747][Tx77fff700][TRC] LENGINE    aitalk.c   591  Esr_SetParam(6c02d580, 2, 10000) [in]
[2016/12/15 15:23:13 253][Px1747][Tx77fff700][TRC] LENGINE    aitalk.c   606  Esr_SetParam(23102) [out]
[2016/12/15 15:23:13 253][Px1747][Tx77fff700][TRC] LENGINE    aitalk.c   591  Esr_SetParam(6c02d580, 110, 2000) [in]
[2016/12/15 15:23:13 253][Px1747][Tx77fff700][TRC] LENGINE    aitalk.c   606  Esr_SetParam(0) [out]
[2016/12/15 15:23:13 253][Px1747][Tx758c3700][DBG] MSPTHREAD  MSPThreadP 867  EsrService RUN <EsrService>
[2016/12/15 15:23:13 254][Px1747][Tx758c3700][TRC] LENGINE    aitalk.c   364  ESRRunThread() [in]| esr->hObj = 0x7c30b020
[2016/12/15 15:23:13 254][Px1747][Tx77fff700][INF] LMOD       luac_logge 172  [isr_local:1272:authorized_aitalk=  nil  ]
[2016/12/15 15:23:13 254][Px1747][Tx777fe700][TRC] LMOD       luac_logge 170  [isr:1297:0  nil  2  ]
[2016/12/15 15:23:13 254][Px1747][Tx777fe700][DBG] LENGINE    leng_rpc.c 527  luacRPCFuncProto_Invoke() [out] ret = 0
[2016/12/15 15:23:13 255][Px1747][Tx77fff700][INF] LMOD       luac_logge 172  [isr_local:1273:forbid_aitalk=  nil  ]
[2016/12/15 15:23:13 255][Px1747][Tx758c3700][TRC] LENGINE    aitalk.c   1450 service begin!
[2016/12/15 15:23:13 255][Px1747][Tx7f39e700][TRC] LENGINE    leng_shell 428  lEngine_SendMessage() [out] 0
[2016/12/15 15:23:13 255][Px1747][Tx7f39e700][TRC] QISR       qisr.c     455  QISRGetResult() [out] 0 2 0
[2016/12/15 15:23:13 255][Px1747][Tx77fff700][TRC] LMOD       luac_logge 170  [auth:570:aitalk  table(6c3ea970) nil  nil  appid = 583467f7  ]
[2016/12/15 15:23:13 256][Px1747][Tx777fe700][DBG] LENGINE    leng_main. 513  ENGINE_MSG_RPC_ASYNC
[2016/12/15 15:23:13 256][Px1747][Tx777fe700][DBG] LENGINE    leng_main. 521  [cisr1PdHHBHNrqyJXZPVaad4DB2JBviknj], stat = 1
[2016/12/15 15:23:13 257][Px1747][Tx777fe700][DBG] LENGINE    leng_rpc.c 413  luacRPCFuncProto_Invoke(5c001220,94b860) [in]
[2016/12/15 15:23:13 257][Px1747][Tx777fe700][TRC] AUDIOCODEC audio_code 1023 audioEncoder_Read(, 2004867180) [in]
[2016/12/15 15:23:13 257][Px1747][Tx777fe700][DBG] AUDIOCODEC audio_code 1037 completed = 1, availEncodedSize = 18560
[2016/12/15 15:23:13 257][Px1747][Tx777fe700][DBG] AUDIOCODEC audio_code 1055 after read, availEncodedSize = 12160
[2016/12/15 15:23:13 257][Px1747][Tx777fe700][DBG] AUDIOCODEC audio_code 1067 stat = 2, data = 6428fde0
[2016/12/15 15:23:13 258][Px1747][Tx777fe700][TRC] LENGINE    leng_shell 351  lEngine_PostMessage(6426de80,303,2,) [in]
[2016/12/15 15:23:13 258][Px1747][Tx777fe700][DBG] MSPTHREAD  MSPThreadP 733  POST l_engine_2:10:13:0
[2016/12/15 15:23:13 258][Px1747][Tx777fe700][TRC] LENGINE    leng_shell 374  lEngine_PostMessage() [out] 0
[2016/12/15 15:23:13 258][Px1747][Tx777fe700][TRC] AUDIOCODEC audio_code 1023 audioEncoder_Read(, 2004867180) [in]
[2016/12/15 15:23:13 259][Px1747][Tx777fe700][DBG] AUDIOCODEC audio_code 1037 completed = 1, availEncodedSize = 12160
[2016/12/15 15:23:13 259][Px1747][Tx777fe700][DBG] AUDIOCODEC audio_code 1055 after read, availEncodedSize = 5760
[2016/12/15 15:23:13 259][Px1747][Tx777fe700][DBG] AUDIOCODEC audio_code 1067 stat = 2, data = 6428fde0
[2016/12/15 15:23:13 260][Px1747][Tx777fe700][TRC] LENGINE    leng_shell 351  lEngine_PostMessage(6426de80,303,2,) [in]
[2016/12/15 15:23:13 260][Px1747][Tx777fe700][DBG] MSPTHREAD  MSPThreadP 733  POST l_engine_2:10:14:0
[2016/12/15 15:23:13 260][Px1747][Tx777fe700][TRC] LENGINE    leng_shell 374  lEngine_PostMessage() [out] 0
[2016/12/15 15:23:13 260][Px1747][Tx777fe700][TRC] AUDIOCODEC audio_code 1023 audioEncoder_Read(, 2004867180) [in]
[2016/12/15 15:23:13 261][Px1747][Tx777fe700][DBG] AUDIOCODEC audio_code 1037 completed = 1, availEncodedSize = 5760
[2016/12/15 15:23:13 261][Px1747][Tx777fe700][DBG] AUDIOCODEC audio_code 1055 after read, availEncodedSize = 0
[2016/12/15 15:23:13 262][Px1747][Tx777fe700][DBG] AUDIOCODEC audio_code 1067 stat = 4, data = 6428fde0
[2016/12/15 15:23:13 262][Px1747][Tx777fe700][TRC] LENGINE    leng_shell 351  lEngine_PostMessage(6426de80,303,2,) [in]
[2016/12/15 15:23:13 263][Px1747][Tx777fe700][DBG] MSPTHREAD  MSPThreadP 733  POST l_engine_2:10:15:0
[2016/12/15 15:23:13 263][Px1747][Tx77fff700][TRC] LMOD       luac_logge 170  [auth:579:app  nil  nil  nil  ]
[2016/12/15 15:23:13 263][Px1747][Tx777fe700][TRC] LENGINE    leng_shell 374  lEngine_PostMessage() [out] 0
[2016/12/15 15:23:13 264][Px1747][Tx777fe700][DBG] LENGINE    leng_rpc.c 527  luacRPCFuncProto_Invoke() [out] ret = 0
[2016/12/15 15:23:13 264][Px1747][Tx777fe700][DBG] LENGINE    leng_main. 513  ENGINE_MSG_RPC_ASYNC
[2016/12/15 15:23:13 264][Px1747][Tx777fe700][DBG] LENGINE    leng_main. 521  [cisr1PdHHBHNrqyJXZPVaad4DB2JBviknj], stat = 1
[2016/12/15 15:23:13 264][Px1747][Tx777fe700][DBG] LENGINE    leng_rpc.c 413  luacRPCFuncProto_Invoke(5c001490,94b860) [in]
[2016/12/15 15:23:13 265][Px1747][Tx777fe700][TRC] AUDIOCODEC audio_code 1023 audioEncoder_Read(, 2004867180) [in]
[2016/12/15 15:23:13 265][Px1747][Tx77fff700][TRC] LMOD       luac_logge 170  [auth:636:ath rquest  {"authorize":[{"ver":"2.1.1","busin":"aitalk"}]}  ]
[2016/12/15 15:23:13 265][Px1747][Tx777fe700][DBG] LENGINE    leng_rpc.c 527  luacRPCFuncProto_Invoke() [out] ret = 0
[2016/12/15 15:23:13 266][Px1747][Tx777fe700][DBG] LENGINE    leng_main. 513  ENGINE_MSG_RPC_ASYNC
[2016/12/15 15:23:13 266][Px1747][Tx777fe700][DBG] LENGINE    leng_main. 521  [cisr1PdHHBHNrqyJXZPVaad4DB2JBviknj], stat = 1
[2016/12/15 15:23:13 267][Px1747][Tx777fe700][DBG] LENGINE    leng_rpc.c 413  luacRPCFuncProto_Invoke(5c000a90,94b860) [in]
[2016/12/15 15:23:13 267][Px1747][Tx777fe700][TRC] AUDIOCODEC audio_code 1023 audioEncoder_Read(, 2004867180) [in]
[2016/12/15 15:23:13 267][Px1747][Tx777fe700][DBG] LENGINE    leng_rpc.c 527  luacRPCFuncProto_Invoke() [out] ret = 0
[2016/12/15 15:23:13 267][Px1747][Tx777fe700][DBG] LENGINE    leng_main. 513  ENGINE_MSG_RPC_ASYNC
[2016/12/15 15:23:13 268][Px1747][Tx777fe700][DBG] LENGINE    leng_main. 521  [cisr1PdHHBHNrqyJXZPVaad4DB2JBviknj], stat = 1
[2016/12/15 15:23:13 268][Px1747][Tx777fe700][DBG] LENGINE    leng_rpc.c 413  luacRPCFuncProto_Invoke(5c000d80,94b860) [in]
[2016/12/15 15:23:13 269][Px1747][Tx777fe700][TRC] AUDIOCODEC audio_code 1023 audioEncoder_Read(, 2004867180) [in]
[2016/12/15 15:23:13 269][Px1747][Tx777fe700][DBG] LENGINE    leng_rpc.c 527  luacRPCFuncProto_Invoke() [out] ret = 0
[2016/12/15 15:23:13 269][Px1747][Tx777fe700][DBG] LENGINE    leng_main. 513  ENGINE_MSG_RPC_ASYNC
[2016/12/15 15:23:13 269][Px1747][Tx777fe700][DBG] LENGINE    leng_main. 521  [cisr1PdHHBHNrqyJXZPVaad4DB2JBviknj], stat = 1
[2016/12/15 15:23:13 269][Px1747][Tx777fe700][DBG] LENGINE    leng_rpc.c 413  luacRPCFuncProto_Invoke(5c0015d0,94b860) [in]
[2016/12/15 15:23:13 270][Px1747][Tx77fff700][INF] LMOD       luac_logge 172  [transport:609:paramkvsport is   nil  ]
[2016/12/15 15:23:13 270][Px1747][Tx777fe700][TRC] LMOD       luac_logge 170  [isr:855:[aud] speech end  ]
[2016/12/15 15:23:13 270][Px1747][Tx777fe700][TRC] AUDIOCODEC audio_code 898  audioEncoder_GetVADParam(, 10002) [in]
[2016/12/15 15:23:13 271][Px1747][Tx777fe700][TRC] AUDIOCODEC audio_code 898  audioEncoder_GetVADParam(, 10003) [in]
[2016/12/15 15:23:13 271][Px1747][Tx777fe700][TRC] AUDIOCODEC audio_code 898  audioEncoder_GetVADParam(, 10004) [in]
[2016/12/15 15:23:13 271][Px1747][Tx777fe700][TRC] AUDIOCODEC audio_code 898  audioEncoder_GetVADParam(, 10005) [in]
[2016/12/15 15:23:13 271][Px1747][Tx777fe700][TRC] AUDIOCODEC audio_code 1023 audioEncoder_Read(, 2004867180) [in]
[2016/12/15 15:23:13 271][Px1747][Tx777fe700][DBG] LENGINE    leng_rpc.c 527  luacRPCFuncProto_Invoke() [out] ret = 0
[2016/12/15 15:23:13 272][Px1747][Tx777fe700][DBG] LENGINE    leng_main. 513  ENGINE_MSG_RPC_ASYNC
[2016/12/15 15:23:13 272][Px1747][Tx777fe700][DBG] LENGINE    leng_main. 521  [cisr1PdHHBHNrqyJXZPVaad4DB2JBviknj], stat = 1
[2016/12/15 15:23:13 272][Px1747][Tx77fff700][INF] LMOD       luac_logge 172  [transport:617:ns_enable=  1  ]
[2016/12/15 15:23:13 273][Px1747][Tx777fe700][DBG] LENGINE    leng_rpc.c 413  luacRPCFuncProto_Invoke(5c0018c0,94b860) [in]
[2016/12/15 15:23:13 273][Px1747][Tx777fe700][TRC] AUDIOCODEC audio_code 1023 audioEncoder_Read(, 2004867180) [in]
[2016/12/15 15:23:13 273][Px1747][Tx777fe700][DBG] LENGINE    leng_rpc.c 527  luacRPCFuncProto_Invoke() [out] ret = 0
[2016/12/15 15:23:13 273][Px1747][Tx77fff700][INF] LMOD       luac_logge 172  [transport:661:url.full=  nil  ]
[2016/12/15 15:23:13 274][Px1747][Tx77fff700][INF] LMOD       luac_logge 172  [transport:837:switch 80  ]
[2016/12/15 15:23:13 275][Px1747][Tx77fff700][TRC] LMOD       luac_logge 170  [transport:844:net type:  standard  ]
[2016/12/15 15:23:13 275][Px1747][Tx77fff700][TRC] LMOD       luac_logge 170  [transport:845:net operator:  def  ]
[2016/12/15 15:23:13 276][Px1747][Tx77fff700][TRC] LMOD       luac_logge 170  [transport:846:use proxy:  false  ]
[2016/12/15 15:23:13 276][Px1747][Tx77fff700][WAR] LMOD       luac_logge 168  [auth:691:not login!  ]
[2016/12/15 15:23:13 277][Px1747][Tx77fff700][TRC] LMOD       luac_logge 170  [auth:528:[session] send auth request  ]
[2016/12/15 15:23:13 277][Px1747][Tx77fff700][INF] LMOD       luac_logge 172  [transport:959:session.domain=  open.xf-yun.com  ]
[2016/12/15 15:23:13 278][Px1747][Tx77fff700][INF] LMOD       luac_logge 172  [transport:960:url.host=  open.xf-yun.com  ]
[2016/12/15 15:23:13 278][Px1747][Tx77fff700][INF] LLOADER    lloader.c  327  load dkjson
[2016/12/15 15:23:13 278][Px1747][Tx77fff700][INF] LLOADER    lloader.c  339  a intalled entry
[2016/12/15 15:23:13 278][Px1747][Tx77fff700][INF] LLOADER    lloader.c  365  from rom
[2016/12/15 15:23:13 278][Px1747][Tx77fff700][PRF] LLOADER    lloader.c  397  load dkjson cost 1 (ms)
[2016/12/15 15:23:13 279][Px1747][Tx77fff700][DBG] LMOD       luac_logge 178  [network:83:ipfromenv ,  ipcache  open.xf-yun.com  def  nil  ]
[2016/12/15 15:23:13 279][Px1747][Tx77fff700][TRC] LMOD       luac_logge 170  [transport:994:NAMESERVER START  ]
[2016/12/15 15:23:13 280][Px1747][Tx77fff700][INF] LMOD       luac_logge 172  [transport:997:name =   ath  ]
[2016/12/15 15:23:13 280][Px1747][Tx77fff700][INF] LMOD       luac_logge 172  [ns:727:ntt=  standard  ]
[2016/12/15 15:23:13 281][Px1747][Tx77fff700][INF] LMOD       luac_logge 172  [transport:1000:trans,ns_inprog =  0  ]
[2016/12/15 15:23:13 281][Px1747][Tx77fff700][TRC] LMOD       luac_logge 170  [ns:682:name server start  ]
[2016/12/15 15:23:13 281][Px1747][Tx77fff700][INF] LMOD       luac_logge 172  [ns:683:ns_sub =   ath  ]
[2016/12/15 15:23:13 281][Px1747][Tx77fff700][INF] LMOD       luac_logge 172  [ns:685:ns_host=  open.xf-yun.com  ]
[2016/12/15 15:23:13 282][Px1747][Tx77fff700][INF] LMOD       luac_logge 172  [ns:403:ns_host=  open.xf-yun.com  ]
[2016/12/15 15:23:13 282][Px1747][Tx77fff700][DBG] LMOD       luac_logge 178  [ns:662:GET /sip/resolver?srand=1215152311.32 HTTP/1.1
Host: hdns.openspeech.cn
Connection: Keep-Alive
X-Par: ver=1.2&appid=583467f7&operator=UNKNOW&nettype=STANDARD&cver=5.0.27.1135&svc=ath&host=open.xf-yun.com&sign=35d8de5920788f2239e6c003e0791a01
User-Agent: iFLYCloud

  ]
[2016/12/15 15:23:13 283][Px1747][Tx77fff700][INF] LMOD       luac_logge 172  [ns:663:net_type =  standard  ]
[2016/12/15 15:23:13 284][Px1747][Tx77fff700][INF] LMOD       luac_logge 172  [ns:664:cmwapascmnet =  ]
[2016/12/15 15:23:13 284][Px1747][Tx77fff700][INF] LMOD       luac_logge 172  [ns:665:uniwapasuninet =  ]
[2016/12/15 15:23:13 284][Px1747][Tx77fff700][INF] LMOD       luac_logge 172  [ns:666:ctwapasctnet =  ]
[2016/12/15 15:23:13 285][Px1747][Tx77fff700][INF] LMOD       luac_logge 172  [ns:676:host=  hdns.openspeech.cn  ]
[2016/12/15 15:23:13 285][Px1747][Tx77fff700][TRC] MSPADNS    MSPAsyncDn 268  MSPAsyncDns_Start() [in]
[2016/12/15 15:23:13 285][Px1747][Tx7d46f700][DBG] MSPADNS    MSPAsyncDn 184  gethostbyname(hdns.openspeech.cn) start [id=1816050152]
[2016/12/15 15:23:13 286][Px1747][Tx77fff700][TRC] MSPADNS    MSPAsyncDn 268  MSPAsyncDns_Start() [in]
[2016/12/15 15:23:13 286][Px1747][Tx77fff700][TRC] LMOD       luac_logge 170  [auth:535:0  ]
[2016/12/15 15:23:13 287][Px1747][Tx77fff700][INF] LMOD       luac_logge 172  [auth:498:lver:  nil  ]
[2016/12/15 15:23:13 288][Px1747][Tx77fff700][INF] LMOD       luac_logge 172  [auth:503:cfg_ver:  nil  ]
[2016/12/15 15:23:13 288][Px1747][Tx77fff700][TRC] LENGINE    aitalk.c   591  Esr_SetParam(6c02d580, 103, 1) [in]
[2016/12/15 15:23:13 288][Px1747][Tx77fff700][TRC] LENGINE    aitalk.c   606  Esr_SetParam(0) [out]
[2016/12/15 15:23:13 289][Px1747][Tx7d46f700][ERR] MSPADNS    MSPAsyncDn 211  gethostbyname(hdns.openspeech.cn) failed: Temporary failure in name resolution [id=1816050152]
[2016/12/15 15:23:13 289][Px1747][Tx7d46f700][DBG] MSPTHREAD  MSPThreadP 733  POST l_engine_2:10:16:0
[2016/12/15 15:23:13 289][Px1747][Tx7d46f700][DBG] MSPADNS    MSPAsyncDn 184  gethostbyname(open.xf-yun.com) start [id=1816051272]
[2016/12/15 15:23:13 290][Px1747][Tx7d46f700][ERR] MSPADNS    MSPAsyncDn 211  gethostbyname(open.xf-yun.com) failed: Temporary failure in name resolution [id=1816051272]
[2016/12/15 15:23:13 290][Px1747][Tx7d46f700][DBG] MSPTHREAD  MSPThreadP 733  POST l_engine_2:10:17:0
[2016/12/15 15:23:13 290][Px1747][Tx77fff700][TRC] LENGINE    aitalk.c   591  Esr_SetParam(6c02d580, 2, 10000) [in]
[2016/12/15 15:23:13 290][Px1747][Tx77fff700][TRC] LENGINE    aitalk.c   606  Esr_SetParam(23102) [out]
[2016/12/15 15:23:13 290][Px1747][Tx77fff700][TRC] LENGINE    aitalk.c   591  Esr_SetParam(6c02d580, 110, 2000) [in]
[2016/12/15 15:23:13 291][Px1747][Tx77fff700][TRC] LENGINE    aitalk.c   606  Esr_SetParam(0) [out]
[2016/12/15 15:23:13 291][Px1747][Tx77fff700][TRC] LMOD       luac_logge 170  [isr_local:2015:commit path:   res/asr/GrmBuilld/temp/commit  ]
[2016/12/15 15:23:13 292][Px1747][Tx77fff700][TRC] LENGINE    aitalk.c   616  Esr_CommitNetWork(6c02d580) [in]
[2016/12/15 15:23:13 292][Px1747][Tx77fff700][TRC] LENGINE    aitalk.c   1088 CBOpenFile: open file name:cmd.g
[2016/12/15 15:23:13 292][Px1747][Tx77fff700][TRC] LENGINE    aitalk.c   1221 CBCopyFile| pName=c, pGrmName=cmd_16K, ret=0
[2016/12/15 15:23:13 294][Px1747][Tx77fff700][TRC] LENGINE    aitalk.c   1221 CBCopyFile| pName=c, pGrmName=cmd.g, ret=0
[2016/12/15 15:23:13 295][Px1747][Tx77fff700][TRC] LENGINE    aitalk.c   1088 CBOpenFile: open file name:cmd.g
[2016/12/15 15:23:13 296][Px1747][Tx77fff700][TRC] LENGINE    aitalk.c   1221 CBCopyFile| pName=b, pGrmName=bzvskdaa.d, ret=0
[2016/12/15 15:23:13 297][Px1747][Tx77fff700][TRC] LENGINE    aitalk.c   1221 CBCopyFile| pName=y, pGrmName=yzwxomga.d, ret=0
[2016/12/15 15:23:13 298][Px1747][Tx77fff700][TRC] LENGINE    aitalk.c   1221 CBCopyFile| pName=u, pGrmName=uikawbda.d, ret=0
[2016/12/15 15:23:13 301][Px1747][Tx77fff700][TRC] LENGINE    aitalk.c   658  Esr_CommitNetWork(0) [out]
[2016/12/15 15:23:13 301][Px1747][Tx77fff700][TRC] LMOD       luac_logge 170  [isr_local:2053:commit success!  ]
[2016/12/15 15:23:13 302][Px1747][Tx77fff700][TRC] LENGINE    aitalk.c   501  Esr_Start(6c02d580, 6c020d38) [in]
[2016/12/15 15:23:13 302][Px1747][Tx77fff700][TRC] LENGINE    aitalk.c   1088 CBOpenFile: open file name:cmd.g
[2016/12/15 15:23:13 303][Px1747][Tx77fff700][TRC] LENGINE    aitalk.c   1088 CBOpenFile: open file name:bzvskdaa.d
[2016/12/15 15:23:13 303][Px1747][Tx77fff700][TRC] LENGINE    aitalk.c   1088 CBOpenFile: open file name:yzwxomga.d
[2016/12/15 15:23:13 304][Px1747][Tx77fff700][TRC] LENGINE    aitalk.c   1088 CBOpenFile: open file name:uikawbda.d
[2016/12/15 15:23:13 304][Px1747][Tx77fff700][TRC] LENGINE    aitalk.c   1088 CBOpenFile: open file name:cmd_16K
[2016/12/15 15:23:13 305][Px1747][Tx77fff700][TRC] LENGINE    aitalk.c   552  Esr_Start(0) [out]
[2016/12/15 15:23:13 305][Px1747][Tx77fff700][TRC] LMOD       luac_logge 170  [isr_local:1387:esr_session_begin | esr_obj:start ret =  0  ]
[2016/12/15 15:23:13 306][Px1747][Tx77fff700][TRC] LMOD       luac_logge 170  [isr_local:2099:esr_session_begin, ret =   0  ]
[2016/12/15 15:23:13 307][Px1747][Tx77fff700][INF] LMOD       luac_logge 172  [isr_local:2242:last gc at  1481844179  ]
[2016/12/15 15:23:13 307][Px1747][Tx77fff700][DBG] LENGINE    leng_rpc.c 527  luacRPCFuncProto_Invoke() [out] ret = 0
[2016/12/15 15:23:13 307][Px1747][Tx77fff700][DBG] LENGINE    leng_main. 513  ENGINE_MSG_RPC_ASYNC
[2016/12/15 15:23:13 307][Px1747][Tx77fff700][DBG] LENGINE    leng_main. 521  [isr_local], stat = 1
[2016/12/15 15:23:13 307][Px1747][Tx77fff700][DBG] LENGINE    leng_rpc.c 413  luacRPCFuncProto_Invoke(64270fa0,6426de80) [in]
[2016/12/15 15:23:13 308][Px1747][Tx77fff700][TRC] LMOD       luac_logge 170  [isr_local:2103:ASR_LOCAL_MSG_AUW  ]
[2016/12/15 15:23:13 308][Px1747][Tx77fff700][TRC] LMOD       luac_logge 170  [isr_local:601:audio buffered :   udata(6c3f23f8) 1  ]
[2016/12/15 15:23:13 308][Px1747][Tx77fff700][INF] LMOD       luac_logge 172  [isr_local:2242:last gc at  1481844179  ]
[2016/12/15 15:23:13 309][Px1747][Tx77fff700][DBG] LENGINE    leng_rpc.c 527  luacRPCFuncProto_Invoke() [out] ret = 0
[2016/12/15 15:23:13 309][Px1747][Tx77fff700][DBG] LENGINE    leng_main. 513  ENGINE_MSG_RPC_ASYNC
[2016/12/15 15:23:13 309][Px1747][Tx77fff700][DBG] LENGINE    leng_main. 521  [isr_local], stat = 1
[2016/12/15 15:23:13 309][Px1747][Tx77fff700][DBG] LENGINE    leng_rpc.c 413  luacRPCFuncProto_Invoke(64272e90,6426de80) [in]
[2016/12/15 15:23:13 310][Px1747][Tx77fff700][TRC] LMOD       luac_logge 170  [isr_local:2103:ASR_LOCAL_MSG_AUW  ]
[2016/12/15 15:23:13 310][Px1747][Tx77fff700][TRC] LMOD       luac_logge 170  [isr_local:601:audio buffered :   udata(6c3f26b8) 2  ]
[2016/12/15 15:23:13 310][Px1747][Tx77fff700][INF] LMOD       luac_logge 172  [isr_local:2242:last gc at  1481844179  ]
[2016/12/15 15:23:13 310][Px1747][Tx77fff700][DBG] LENGINE    leng_rpc.c 527  luacRPCFuncProto_Invoke() [out] ret = 0
[2016/12/15 15:23:13 311][Px1747][Tx77fff700][DBG] LENGINE    leng_main. 513  ENGINE_MSG_RPC_ASYNC
[2016/12/15 15:23:13 311][Px1747][Tx77fff700][DBG] LENGINE    leng_main. 521  [isr_local], stat = 1
[2016/12/15 15:23:13 311][Px1747][Tx77fff700][DBG] LENGINE    leng_rpc.c 413  luacRPCFuncProto_Invoke(64273210,6426de80) [in]
[2016/12/15 15:23:13 311][Px1747][Tx77fff700][TRC] LMOD       luac_logge 170  [isr_local:2103:ASR_LOCAL_MSG_AUW  ]
[2016/12/15 15:23:13 312][Px1747][Tx77fff700][TRC] LMOD       luac_logge 170  [isr_local:601:audio buffered :   udata(6c3f2758) 2  ]
[2016/12/15 15:23:13 312][Px1747][Tx77fff700][INF] LMOD       luac_logge 172  [isr_local:2242:last gc at  1481844179  ]
[2016/12/15 15:23:13 312][Px1747][Tx77fff700][DBG] LENGINE    leng_rpc.c 527  luacRPCFuncProto_Invoke() [out] ret = 0
[2016/12/15 15:23:13 312][Px1747][Tx77fff700][DBG] LENGINE    leng_main. 513  ENGINE_MSG_RPC_ASYNC
[2016/12/15 15:23:13 312][Px1747][Tx77fff700][DBG] LENGINE    leng_main. 521  [isr_local], stat = 1
[2016/12/15 15:23:13 313][Px1747][Tx77fff700][DBG] LENGINE    leng_rpc.c 413  luacRPCFuncProto_Invoke(642735b0,6426de80) [in]
[2016/12/15 15:23:13 313][Px1747][Tx77fff700][TRC] LMOD       luac_logge 170  [isr_local:2103:ASR_LOCAL_MSG_AUW  ]
[2016/12/15 15:23:13 313][Px1747][Tx77fff700][TRC] LMOD       luac_logge 170  [isr_local:601:audio buffered :   udata(6c3f2588) 2  ]
[2016/12/15 15:23:13 314][Px1747][Tx77fff700][INF] LMOD       luac_logge 172  [isr_local:2242:last gc at  1481844179  ]
[2016/12/15 15:23:13 314][Px1747][Tx77fff700][DBG] LENGINE    leng_rpc.c 527  luacRPCFuncProto_Invoke() [out] ret = 0
[2016/12/15 15:23:13 314][Px1747][Tx77fff700][DBG] LENGINE    leng_main. 513  ENGINE_MSG_RPC_ASYNC
[2016/12/15 15:23:13 314][Px1747][Tx77fff700][DBG] LENGINE    leng_main. 521  [isr_local], stat = 1
[2016/12/15 15:23:13 314][Px1747][Tx77fff700][DBG] LENGINE    leng_rpc.c 413  luacRPCFuncProto_Invoke(64273890,6426de80) [in]
[2016/12/15 15:23:13 315][Px1747][Tx77fff700][TRC] LMOD       luac_logge 170  [isr_local:2103:ASR_LOCAL_MSG_AUW  ]
[2016/12/15 15:23:13 315][Px1747][Tx77fff700][TRC] LMOD       luac_logge 170  [isr_local:601:audio buffered :   udata(6c3f2908) 2  ]
[2016/12/15 15:23:13 316][Px1747][Tx77fff700][INF] LMOD       luac_logge 172  [isr_local:2242:last gc at  1481844179  ]
[2016/12/15 15:23:13 316][Px1747][Tx77fff700][DBG] LENGINE    leng_rpc.c 527  luacRPCFuncProto_Invoke() [out] ret = 0
[2016/12/15 15:23:13 316][Px1747][Tx77fff700][DBG] LENGINE    leng_main. 513  ENGINE_MSG_RPC_ASYNC
[2016/12/15 15:23:13 316][Px1747][Tx77fff700][DBG] LENGINE    leng_main. 521  [isr_local], stat = 1
[2016/12/15 15:23:13 316][Px1747][Tx77fff700][DBG] LENGINE    leng_rpc.c 413  luacRPCFuncProto_Invoke(64273c30,6426de80) [in]
[2016/12/15 15:23:13 316][Px1747][Tx77fff700][TRC] LMOD       luac_logge 170  [isr_local:2103:ASR_LOCAL_MSG_AUW  ]
[2016/12/15 15:23:13 317][Px1747][Tx77fff700][TRC] LMOD       luac_logge 170  [isr_local:601:audio buffered :   udata(6c3f27f8) 2  ]
[2016/12/15 15:23:13 317][Px1747][Tx77fff700][INF] LMOD       luac_logge 172  [isr_local:2242:last gc at  1481844179  ]
[2016/12/15 15:23:13 318][Px1747][Tx77fff700][DBG] LENGINE    leng_rpc.c 527  luacRPCFuncProto_Invoke() [out] ret = 0
[2016/12/15 15:23:13 318][Px1747][Tx77fff700][DBG] LENGINE    leng_main. 513  ENGINE_MSG_RPC_ASYNC
[2016/12/15 15:23:13 318][Px1747][Tx77fff700][DBG] LENGINE    leng_main. 521  [isr_local], stat = 1
[2016/12/15 15:23:13 318][Px1747][Tx77fff700][DBG] LENGINE    leng_rpc.c 413  luacRPCFuncProto_Invoke(64273fd0,6426de80) [in]
[2016/12/15 15:23:13 319][Px1747][Tx77fff700][TRC] LMOD       luac_logge 170  [isr_local:2103:ASR_LOCAL_MSG_AUW  ]
[2016/12/15 15:23:13 319][Px1747][Tx77fff700][TRC] LMOD       luac_logge 170  [isr_local:601:audio buffered :   udata(6c3f3e98) 2  ]
[2016/12/15 15:23:13 319][Px1747][Tx77fff700][INF] LMOD       luac_logge 172  [isr_local:2242:last gc at  1481844179  ]
[2016/12/15 15:23:13 319][Px1747][Tx77fff700][DBG] LENGINE    leng_rpc.c 527  luacRPCFuncProto_Invoke() [out] ret = 0
[2016/12/15 15:23:13 320][Px1747][Tx77fff700][DBG] LENGINE    leng_main. 513  ENGINE_MSG_RPC_ASYNC
[2016/12/15 15:23:13 320][Px1747][Tx77fff700][DBG] LENGINE    leng_main. 521  [isr_local], stat = 1
[2016/12/15 15:23:13 320][Px1747][Tx77fff700][DBG] LENGINE    leng_rpc.c 413  luacRPCFuncProto_Invoke(64274370,6426de80) [in]
[2016/12/15 15:23:13 320][Px1747][Tx77fff700][TRC] LMOD       luac_logge 170  [isr_local:2103:ASR_LOCAL_MSG_AUW  ]
[2016/12/15 15:23:13 321][Px1747][Tx77fff700][TRC] LMOD       luac_logge 170  [isr_local:601:audio buffered :   udata(6c3f2a08) 2  ]
[2016/12/15 15:23:13 321][Px1747][Tx77fff700][INF] LMOD       luac_logge 172  [isr_local:2242:last gc at  1481844179  ]
[2016/12/15 15:23:13 321][Px1747][Tx77fff700][DBG] LENGINE    leng_rpc.c 527  luacRPCFuncProto_Invoke() [out] ret = 0
[2016/12/15 15:23:13 322][Px1747][Tx77fff700][DBG] LENGINE    leng_main. 513  ENGINE_MSG_RPC_ASYNC
[2016/12/15 15:23:13 322][Px1747][Tx77fff700][DBG] LENGINE    leng_main. 521  [isr_local], stat = 1
[2016/12/15 15:23:13 322][Px1747][Tx77fff700][DBG] LENGINE    leng_rpc.c 413  luacRPCFuncProto_Invoke(6429f8d0,6426de80) [in]
[2016/12/15 15:23:13 322][Px1747][Tx77fff700][TRC] LMOD       luac_logge 170  [isr_local:2103:ASR_LOCAL_MSG_AUW  ]
[2016/12/15 15:23:13 323][Px1747][Tx77fff700][TRC] LMOD       luac_logge 170  [isr_local:601:audio buffered :   udata(6c3f40d8) 2  ]
[2016/12/15 15:23:13 323][Px1747][Tx77fff700][INF] LMOD       luac_logge 172  [isr_local:2242:last gc at  1481844179  ]
[2016/12/15 15:23:13 323][Px1747][Tx77fff700][DBG] LENGINE    leng_rpc.c 527  luacRPCFuncProto_Invoke() [out] ret = 0
[2016/12/15 15:23:13 323][Px1747][Tx77fff700][DBG] LENGINE    leng_main. 513  ENGINE_MSG_RPC_ASYNC
[2016/12/15 15:23:13 324][Px1747][Tx77fff700][DBG] LENGINE    leng_main. 521  [isr_local], stat = 1
[2016/12/15 15:23:13 324][Px1747][Tx77fff700][DBG] LENGINE    leng_rpc.c 413  luacRPCFuncProto_Invoke(642a1530,6426de80) [in]
[2016/12/15 15:23:13 324][Px1747][Tx77fff700][TRC] LMOD       luac_logge 170  [isr_local:2103:ASR_LOCAL_MSG_AUW  ]
[2016/12/15 15:23:13 325][Px1747][Tx77fff700][TRC] LMOD       luac_logge 170  [isr_local:601:audio buffered :   udata(6c3f4f88) 2  ]
[2016/12/15 15:23:13 326][Px1747][Tx77fff700][INF] LMOD       luac_logge 172  [isr_local:2242:last gc at  1481844179  ]
[2016/12/15 15:23:13 326][Px1747][Tx77fff700][DBG] LENGINE    leng_rpc.c 527  luacRPCFuncProto_Invoke() [out] ret = 0
[2016/12/15 15:23:13 326][Px1747][Tx77fff700][DBG] LENGINE    leng_main. 513  ENGINE_MSG_RPC_ASYNC
[2016/12/15 15:23:13 326][Px1747][Tx77fff700][DBG] LENGINE    leng_main. 521  [isr_local], stat = 1
[2016/12/15 15:23:13 326][Px1747][Tx77fff700][DBG] LENGINE    leng_rpc.c 413  luacRPCFuncProto_Invoke(642a31e0,6426de80) [in]
[2016/12/15 15:23:13 326][Px1747][Tx77fff700][TRC] LMOD       luac_logge 170  [isr_local:2103:ASR_LOCAL_MSG_AUW  ]
[2016/12/15 15:23:13 327][Px1747][Tx77fff700][TRC] LMOD       luac_logge 170  [isr_local:601:audio buffered :   udata(6c3f5088) 2  ]
[2016/12/15 15:23:13 327][Px1747][Tx77fff700][INF] LMOD       luac_logge 172  [isr_local:2242:last gc at  1481844179  ]
[2016/12/15 15:23:13 327][Px1747][Tx77fff700][DBG] LENGINE    leng_rpc.c 527  luacRPCFuncProto_Invoke() [out] ret = 0
[2016/12/15 15:23:13 327][Px1747][Tx77fff700][DBG] LENGINE    leng_main. 513  ENGINE_MSG_RPC_ASYNC
[2016/12/15 15:23:13 328][Px1747][Tx77fff700][DBG] LENGINE    leng_main. 521  [isr_local], stat = 1
[2016/12/15 15:23:13 328][Px1747][Tx77fff700][DBG] LENGINE    leng_rpc.c 413  luacRPCFuncProto_Invoke(642a4e90,6426de80) [in]
[2016/12/15 15:23:13 328][Px1747][Tx77fff700][TRC] LMOD       luac_logge 170  [isr_local:2103:ASR_LOCAL_MSG_AUW  ]
[2016/12/15 15:23:13 328][Px1747][Tx77fff700][TRC] LMOD       luac_logge 170  [isr_local:601:audio buffered :   udata(6c3f3f98) 2  ]
[2016/12/15 15:23:13 329][Px1747][Tx77fff700][INF] LMOD       luac_logge 172  [isr_local:2242:last gc at  1481844179  ]
[2016/12/15 15:23:13 329][Px1747][Tx77fff700][DBG] LENGINE    leng_rpc.c 527  luacRPCFuncProto_Invoke() [out] ret = 0
[2016/12/15 15:23:13 329][Px1747][Tx77fff700][DBG] LENGINE    leng_main. 513  ENGINE_MSG_RPC_ASYNC
[2016/12/15 15:23:13 330][Px1747][Tx77fff700][DBG] LENGINE    leng_main. 521  [isr_local], stat = 1
[2016/12/15 15:23:13 330][Px1747][Tx77fff700][DBG] LENGINE    leng_rpc.c 413  luacRPCFuncProto_Invoke(642916f0,6426de80) [in]
[2016/12/15 15:23:13 330][Px1747][Tx77fff700][TRC] LMOD       luac_logge 170  [isr_local:2103:ASR_LOCAL_MSG_AUW  ]
[2016/12/15 15:23:13 330][Px1747][Tx77fff700][TRC] LMOD       luac_logge 170  [isr_local:601:audio buffered :   udata(6c3f5348) 2  ]
[2016/12/15 15:23:13 331][Px1747][Tx77fff700][INF] LMOD       luac_logge 172  [isr_local:2242:last gc at  1481844179  ]
[2016/12/15 15:23:13 331][Px1747][Tx77fff700][DBG] LENGINE    leng_rpc.c 527  luacRPCFuncProto_Invoke() [out] ret = 0
[2016/12/15 15:23:13 331][Px1747][Tx77fff700][DBG] LENGINE    leng_main. 513  ENGINE_MSG_RPC_ASYNC
[2016/12/15 15:23:13 331][Px1747][Tx77fff700][DBG] LENGINE    leng_main. 521  [isr_local], stat = 1
[2016/12/15 15:23:13 332][Px1747][Tx77fff700][DBG] LENGINE    leng_rpc.c 413  luacRPCFuncProto_Invoke(642931c0,6426de80) [in]
[2016/12/15 15:23:13 332][Px1747][Tx77fff700][TRC] LMOD       luac_logge 170  [isr_local:2103:ASR_LOCAL_MSG_AUW  ]
[2016/12/15 15:23:13 332][Px1747][Tx77fff700][TRC] LMOD       luac_logge 170  [isr_local:601:audio buffered :   udata(6c3f5448) 2  ]
[2016/12/15 15:23:13 333][Px1747][Tx77fff700][INF] LMOD       luac_logge 172  [isr_local:2242:last gc at  1481844179  ]
[2016/12/15 15:23:13 333][Px1747][Tx77fff700][DBG] LENGINE    leng_rpc.c 527  luacRPCFuncProto_Invoke() [out] ret = 0
[2016/12/15 15:23:13 333][Px1747][Tx77fff700][DBG] LENGINE    leng_main. 513  ENGINE_MSG_RPC_ASYNC
[2016/12/15 15:23:13 334][Px1747][Tx77fff700][DBG] LENGINE    leng_main. 521  [isr_local], stat = 1
[2016/12/15 15:23:13 334][Px1747][Tx77fff700][DBG] LENGINE    leng_rpc.c 413  luacRPCFuncProto_Invoke(642934d0,6426de80) [in]
[2016/12/15 15:23:13 334][Px1747][Tx77fff700][TRC] LMOD       luac_logge 170  [isr_local:2103:ASR_LOCAL_MSG_AUW  ]
[2016/12/15 15:23:13 335][Px1747][Tx77fff700][TRC] LMOD       luac_logge 170  [isr_local:601:audio buffered :   udata(6c3f5548) 4  ]
[2016/12/15 15:23:13 335][Px1747][Tx77fff700][INF] LMOD       luac_logge 172  [isr_local:2242:last gc at  1481844179  ]
[2016/12/15 15:23:13 336][Px1747][Tx77fff700][DBG] LENGINE    leng_rpc.c 527  luacRPCFuncProto_Invoke() [out] ret = 0
[2016/12/15 15:23:13 336][Px1747][Tx77fff700][DBG] LENGINE    leng_main. 513  ENGINE_MSG_RPC_ASYNC
[2016/12/15 15:23:13 336][Px1747][Tx77fff700][DBG] LENGINE    leng_main. 521  [isr_local], stat = 1
[2016/12/15 15:23:13 336][Px1747][Tx77fff700][DBG] LENGINE    leng_rpc.c 413  luacRPCFuncProto_Invoke(54001a40,6426de80) [in]
[2016/12/15 15:23:13 336][Px1747][Tx77fff700][INF] LMOD       luac_logge 172  [ns:290:ns dns resp  10214  ]
[2016/12/15 15:23:13 337][Px1747][Tx77fff700][INF] LMOD       luac_logge 172  [ns:564:ns dns failed, err =   10214  ]
[2016/12/15 15:23:13 337][Px1747][Tx77fff700][INF] LMOD       luac_logge 172  [ns:174:ns gethttpresp  117.121.48.5  80  ]
[2016/12/15 15:23:13 337][Px1747][Tx77fff700][TRC] MSPSOCKET  MSPSocket. 269  MSPSocket_New(1, 1) [in]
[2016/12/15 15:23:13 338][Px1747][Tx77fff700][DBG] MSPSOCKET  MSPSocket. 326  socket(2,1,) ret=a, detail=2
[2016/12/15 15:23:13 338][Px1747][Tx77fff700][TRC] MSPSOCKET  MSPSocket. 411  MSPSocket_New() [out] 6c3f5a70 0
[2016/12/15 15:23:13 338][Px1747][Tx77fff700][TRC] MSPSOCKET  MSPSocket. 501  MSPSocket_Connect(6c3f5a70) [in]
[2016/12/15 15:23:13 338][Px1747][Tx77fff700][DBG] MSPSOCKET  MSPSocket. 515  connect(a,117.121.48.5,) ret=-1, hd=6c3f5a70
[2016/12/15 15:23:13 338][Px1747][Tx77fff700][ERR] MSPSOCKET  MSPSocket. 530  connect() failed! 6c3f5a70,a,-1,101
[2016/12/15 15:23:13 339][Px1747][Tx77fff700][DBG] MSPTHREAD  MSPThreadP 733  POST l_engine_2:10:2:0
[2016/12/15 15:23:13 339][Px1747][Tx77fff700][TRC] MSPSOCKET  MSPSocket. 565  MSPSocket_Connect() [out] 10202
[2016/12/15 15:23:13 339][Px1747][Tx77fff700][DBG] LENGINE    leng_rpc.c 527  luacRPCFuncProto_Invoke() [out] ret = 0
[2016/12/15 15:23:13 339][Px1747][Tx77fff700][DBG] LENGINE    leng_main. 513  ENGINE_MSG_RPC_ASYNC
[2016/12/15 15:23:13 339][Px1747][Tx77fff700][DBG] LENGINE    leng_main. 521  [isr_local], stat = 1
[2016/12/15 15:23:13 340][Px1747][Tx77fff700][DBG] LENGINE    leng_rpc.c 413  luacRPCFuncProto_Invoke(54002d10,6426de80) [in]
[2016/12/15 15:23:13 340][Px1747][Tx77fff700][ERR] LMOD       luac_logge 166  [transport:295:[dns] [0] failed! 10214  ]
[2016/12/15 15:23:13 340][Px1747][Tx77fff700][INF] LLOADER    lloader.c  327  load dkjson
[2016/12/15 15:23:13 340][Px1747][Tx77fff700][INF] LLOADER    lloader.c  339  a intalled entry
[2016/12/15 15:23:13 340][Px1747][Tx77fff700][INF] LLOADER    lloader.c  365  from rom
[2016/12/15 15:23:13 341][Px1747][Tx77fff700][PRF] LLOADER    lloader.c  397  load dkjson cost 0 (ms)
[2016/12/15 15:23:13 341][Px1747][Tx77fff700][DBG] LMOD       luac_logge 178  [network:83:ipfromenv ,  ipcache  open.xf-yun.com  def  nil  ]
[2016/12/15 15:23:13 341][Px1747][Tx77fff700][INF] LLOADER    lloader.c  327  load dkjson
[2016/12/15 15:23:13 342][Px1747][Tx77fff700][INF] LLOADER    lloader.c  339  a intalled entry
[2016/12/15 15:23:13 342][Px1747][Tx77fff700][INF] LLOADER    lloader.c  365  from rom
[2016/12/15 15:23:13 342][Px1747][Tx77fff700][PRF] LLOADER    lloader.c  397  load dkjson cost 1 (ms)
[2016/12/15 15:23:13 343][Px1747][Tx77fff700][DBG] LMOD       luac_logge 178  [network:83:ipfromenv ,  ipcfg  open.xf-yun.com  def  nil  ]
[2016/12/15 15:23:13 343][Px1747][Tx77fff700][TRC] LMOD       luac_logge 170  [transport:1166:[soc] connect   116.213.69.195  80  ]
[2016/12/15 15:23:13 343][Px1747][Tx77fff700][TRC] MSPSOCKET  MSPSocket. 1593 MSPSocketTCPConnPool_Query(116.213.69.195, 80) [in]
[2016/12/15 15:23:13 343][Px1747][Tx77fff700][TRC] MSPSOCKET  MSPSocket. 1618 MSPSocketTCPConnPool_Query() [out] ret=0
[2016/12/15 15:23:13 344][Px1747][Tx77fff700][INF] LMOD       luac_logge 172  [transport:1183:mspsoc.open,prot_type=  tcp  ]
[2016/12/15 15:23:13 344][Px1747][Tx77fff700][TRC] MSPSOCKET  MSPSocket. 269  MSPSocket_New(1, 1) [in]
[2016/12/15 15:23:13 344][Px1747][Tx77fff700][DBG] MSPSOCKET  MSPSocket. 326  socket(2,1,) ret=b, detail=101
[2016/12/15 15:23:13 345][Px1747][Tx77fff700][TRC] MSPSOCKET  MSPSocket. 411  MSPSocket_New() [out] 6c3eb9c0 0
[2016/12/15 15:23:13 345][Px1747][Tx77fff700][TRC] MSPSOCKET  MSPSocket. 501  MSPSocket_Connect(6c3eb9c0) [in]
[2016/12/15 15:23:13 345][Px1747][Tx77fff700][DBG] MSPSOCKET  MSPSocket. 515  connect(b,116.213.69.195,) ret=-1, hd=6c3eb9c0
[2016/12/15 15:23:13 345][Px1747][Tx77fff700][ERR] MSPSOCKET  MSPSocket. 530  connect() failed! 6c3eb9c0,b,-1,101
[2016/12/15 15:23:13 345][Px1747][Tx77fff700][DBG] MSPTHREAD  MSPThreadP 733  POST l_engine_2:10:2:0
[2016/12/15 15:23:13 346][Px1747][Tx77fff700][TRC] MSPSOCKET  MSPSocket. 565  MSPSocket_Connect() [out] 10202
[2016/12/15 15:23:13 346][Px1747][Tx77fff700][DBG] LENGINE    leng_rpc.c 527  luacRPCFuncProto_Invoke() [out] ret = 0
[2016/12/15 15:23:13 346][Px1747][Tx77fff700][DBG] LENGINE    leng_main. 513  ENGINE_MSG_RPC_ASYNC
[2016/12/15 15:23:13 346][Px1747][Tx77fff700][DBG] LENGINE    leng_main. 521  [isr_local], stat = 1
[2016/12/15 15:23:13 347][Px1747][Tx77fff700][DBG] LENGINE    leng_rpc.c 413  luacRPCFuncProto_Invoke(6c3f5b50,6426de80) [in]
[2016/12/15 15:23:13 347][Px1747][Tx77fff700][INF] LMOD       luac_logge 172  [ns:244:ns soc error  10202  ]
[2016/12/15 15:23:13 347][Px1747][Tx77fff700][TRC] MSPSOCKET  MSPSocket. 1014 MSPSocket_Close(6c3f5a70) [in]
[2016/12/15 15:23:13 347][Px1747][Tx77fff700][DBG] MSPSOCKET  MSPSocket. 1034 close(a), 6c3f5a70
[2016/12/15 15:23:13 347][Px1747][Tx77fff700][TRC] MSPSOCKET  MSPSocket. 1068 MSPSocket_Close() [out] 0
[2016/12/15 15:23:13 348][Px1747][Tx77fff700][INF] LMOD       luac_logge 172  [ns:407:name server http resp  nil  10202  nil  ]
[2016/12/15 15:23:13 348][Px1747][Tx77fff700][INF] LMOD       luac_logge 172  [ns:551:ns response failed, err =  10202  ]
[2016/12/15 15:23:13 348][Px1747][Tx77fff700][INF] LMOD       luac_logge 172  [ns:111:ns_host=  open.xf-yun.com  ]
[2016/12/15 15:23:13 349][Px1747][Tx77fff700][INF] LMOD       luac_logge 172  [ns:113:use default ip  ]
[2016/12/15 15:23:13 349][Px1747][Tx77fff700][INF] LMOD       luac_logge 172  [transport:974:ns_ip =   116.213.69.195  ]
[2016/12/15 15:23:13 350][Px1747][Tx77fff700][INF] LMOD       luac_logge 172  [transport:975:ip_type =  def_athopen.xf-yun.com  ]
[2016/12/15 15:23:13 350][Px1747][Tx77fff700][INF] LMOD       luac_logge 172  [ns:756:no data in ns_q  ]
[2016/12/15 15:23:13 350][Px1747][Tx77fff700][INF] LMOD       luac_logge 172  [ns:757:conti_ns,ns_inprog =   1  ]
[2016/12/15 15:23:13 351][Px1747][Tx77fff700][DBG] LENGINE    leng_rpc.c 527  luacRPCFuncProto_Invoke() [out] ret = 0
[2016/12/15 15:23:13 351][Px1747][Tx77fff700][DBG] LENGINE    leng_main. 513  ENGINE_MSG_RPC_ASYNC
[2016/12/15 15:23:13 351][Px1747][Tx77fff700][DBG] LENGINE    leng_main. 521  [isr_local], stat = 1
[2016/12/15 15:23:13 351][Px1747][Tx77fff700][DBG] LENGINE    leng_rpc.c 413  luacRPCFuncProto_Invoke(6c3ebe20,6426de80) [in]
[2016/12/15 15:23:13 352][Px1747][Tx77fff700][ERR] LMOD       luac_logge 166  [transport:545:MSC:[soc] [0] error 10202 101!  ]
[2016/12/15 15:23:13 352][Px1747][Tx77fff700][TRC] MSPSOCKET  MSPSocket. 1014 MSPSocket_Close(6c3eb9c0) [in]
[2016/12/15 15:23:13 352][Px1747][Tx77fff700][DBG] MSPSOCKET  MSPSocket. 1034 close(b), 6c3eb9c0
[2016/12/15 15:23:13 352][Px1747][Tx77fff700][TRC] MSPSOCKET  MSPSocket. 1068 MSPSocket_Close() [out] 0
[2016/12/15 15:23:13 353][Px1747][Tx77fff700][INF] LMOD       luac_logge 172  [transport:57:clear_ip ip_type =  def_athopen.xf-yun.com  ]
[2016/12/15 15:23:13 353][Px1747][Tx77fff700][WAR] LMOD       luac_logge 168  [transport:321:soc_conn_failed  ]
[2016/12/15 15:23:13 354][Px1747][Tx77fff700][DBG] LMOD       luac_logge 178  [network:88:iptoenv ,  ipcache  open.xf-yun.com  def  nil  ]
[2016/12/15 15:23:13 354][Px1747][Tx77fff700][INF] LLOADER    lloader.c  327  load dkjson
[2016/12/15 15:23:13 354][Px1747][Tx77fff700][INF] LLOADER    lloader.c  339  a intalled entry
[2016/12/15 15:23:13 354][Px1747][Tx77fff700][INF] LLOADER    lloader.c  365  from rom
[2016/12/15 15:23:13 355][Px1747][Tx77fff700][PRF] LLOADER    lloader.c  397  load dkjson cost 1 (ms)
[2016/12/15 15:23:13 355][Px1747][Tx77fff700][INF] LMOD       luac_logge 172  [transport:390:switch 80  ]
[2016/12/15 15:23:13 355][Px1747][Tx77fff700][TRC] LENGINE    leng_shell 109  lEngine_Start(6c0639d8,6c0639d8,0,) [in]
[2016/12/15 15:23:13 356][Px1747][Tx7f39e700][TRC] QISR       qisr.c     390  QISRGetResult(94b020,3d267b0c,0,3d267a4c) [in]
[2016/12/15 15:23:13 356][Px1747][Tx7f39e700][TRC] QISR       qisr.c     396  QISRGetResult session addr:(94b020)
[2016/12/15 15:23:13 356][Px1747][Tx7f39e700][TRC] LENGINE    leng_shell 385  lEngine_SendMessage(94b860,3,0,,,) [in]
[2016/12/15 15:23:13 356][Px1747][Tx7f39e700][DBG] MSPTHREAD  MSPThreadP 733  POST l_engine_3:11:1:1
[2016/12/15 15:23:13 356][Px1747][Tx777fe700][DBG] LENGINE    leng_main. 535  ENGINE_MSG_RPC_SYNC
[2016/12/15 15:23:13 357][Px1747][Tx777fe700][DBG] LENGINE    leng_main. 543  [cisr1PdHHBHNrqyJXZPVaad4DB2JBviknj], stat = 1
[2016/12/15 15:23:13 357][Px1747][Tx777fe700][DBG] LENGINE    leng_rpc.c 413  luacRPCFuncProto_Invoke(94bf00,94b860) [in]
[2016/12/15 15:23:13 357][Px1747][Tx77fff700][INF] LLOADER    lloader.c  327  load waiter
[2016/12/15 15:23:13 357][Px1747][Tx777fe700][TRC] LMOD       luac_logge 170  [isr:1618:ASR_MSG_GRSLT,   local  ]
[2016/12/15 15:23:13 358][Px1747][Tx77fff700][INF] LLOADER    lloader.c  339  a intalled entry
[2016/12/15 15:23:13 358][Px1747][Tx777fe700][TRC] LMOD       luac_logge 170  [isr:1297:0  nil  2  ]
[2016/12/15 15:23:13 358][Px1747][Tx777fe700][DBG] LENGINE    leng_rpc.c 527  luacRPCFuncProto_Invoke() [out] ret = 0
[2016/12/15 15:23:13 358][Px1747][Tx7f39e700][TRC] LENGINE    leng_shell 428  lEngine_SendMessage() [out] 0
[2016/12/15 15:23:13 358][Px1747][Tx7f39e700][TRC] QISR       qisr.c     455  QISRGetResult() [out] 0 2 0
[2016/12/15 15:23:13 358][Px1747][Tx77fff700][INF] LLOADER    lloader.c  365  from rom
[2016/12/15 15:23:13 359][Px1747][Tx77fff700][PRF] LLOADER    lloader.c  397  load waiter cost 3 (ms)
[2016/12/15 15:23:13 359][Px1747][Tx77fff700][DBG] LENGINE    leng_shell 193  env=6c3fc3c0,waiter,waiter
[2016/12/15 15:23:13 359][Px1747][Tx77fff700][DBG] MSPTHREAD  MSPThreadP 733  POST l_engine_1:6:1:1
[2016/12/15 15:23:13 359][Px1747][Tx7cc6e700][DBG] LENGINE    leng_main. 561  ENGINE_MSG_LOAD
[2016/12/15 15:23:13 360][Px1747][Tx7cc6e700][DBG] LENGINE    leng_main. 209  lEngine_LoadEnv(7f196320,6c3fc3c0) [in]
[2016/12/15 15:23:13 360][Px1747][Tx77fff700][TRC] LENGINE    leng_shell 264  lEngine_Start() [out] 0
[2016/12/15 15:23:13 360][Px1747][Tx7cc6e700][INF] LLOADER    lloader.c  327  load debug
[2016/12/15 15:23:13 360][Px1747][Tx7cc6e700][INF] LLOADER    lloader.c  339  a intalled entry
[2016/12/15 15:23:13 360][Px1747][Tx7cc6e700][INF] LLOADER    lloader.c  365  from rom
[2016/12/15 15:23:13 361][Px1747][Tx7cc6e700][PRF] LLOADER    lloader.c  397  load debug cost 0 (ms)
[2016/12/15 15:23:13 361][Px1747][Tx7cc6e700][INF] LLOADER    lloader.c  327  load network
[2016/12/15 15:23:13 361][Px1747][Tx7cc6e700][INF] LLOADER    lloader.c  339  a intalled entry
[2016/12/15 15:23:13 361][Px1747][Tx7cc6e700][INF] LLOADER    lloader.c  365  from rom
[2016/12/15 15:23:13 362][Px1747][Tx7cc6e700][PRF] LLOADER    lloader.c  397  load network cost 1 (ms)
[2016/12/15 15:23:13 362][Px1747][Tx7cc6e700][INF] LLOADER    lloader.c  327  load ecode
[2016/12/15 15:23:13 362][Px1747][Tx7cc6e700][INF] LLOADER    lloader.c  339  a intalled entry
[2016/12/15 15:23:13 362][Px1747][Tx7cc6e700][INF] LLOADER    lloader.c  365  from rom
[2016/12/15 15:23:13 363][Px1747][Tx7cc6e700][PRF] LLOADER    lloader.c  397  load ecode cost 0 (ms)
[2016/12/15 15:23:13 363][Px1747][Tx7cc6e700][INF] LLOADER    lloader.c  327  load config
[2016/12/15 15:23:13 363][Px1747][Tx7cc6e700][INF] LLOADER    lloader.c  339  a intalled entry
[2016/12/15 15:23:13 364][Px1747][Tx7cc6e700][INF] LLOADER    lloader.c  365  from rom
[2016/12/15 15:23:13 364][Px1747][Tx7cc6e700][PRF] LLOADER    lloader.c  397  load config cost 0 (ms)
[2016/12/15 15:23:13 364][Px1747][Tx7cc6e700][INF] LMOD       luac_logge 172  [config:42:use general cloud  ]
[2016/12/15 15:23:13 365][Px1747][Tx7cc6e700][INF] LLOADER    lloader.c  327  load perf
[2016/12/15 15:23:13 365][Px1747][Tx77fff700][TRC] LENGINE    leng_shell 351  lEngine_PostMessage(6c3fc3c0,1,2,) [in]
[2016/12/15 15:23:13 365][Px1747][Tx7cc6e700][ERR] LLOADER    lloader.c  390  not found!
[2016/12/15 15:23:13 365][Px1747][Tx7cc6e700][INF] LLOADER    lloader.c  327  load ns
[2016/12/15 15:23:13 365][Px1747][Tx7cc6e700][INF] LLOADER    lloader.c  339  a intalled entry
[2016/12/15 15:23:13 366][Px1747][Tx7cc6e700][INF] LLOADER    lloader.c  365  from rom
[2016/12/15 15:23:13 366][Px1747][Tx7cc6e700][PRF] LLOADER    lloader.c  397  load ns cost 0 (ms)
[2016/12/15 15:23:13 366][Px1747][Tx77fff700][DBG] MSPTHREAD  MSPThreadP 733  POST l_engine_1:10:1:0
[2016/12/15 15:23:13 366][Px1747][Tx7cc6e700][DBG] LENGINE    leng_main. 263  precall return 0
[2016/12/15 15:23:13 367][Px1747][Tx7cc6e700][DBG] LENGINE    leng_main. 288  [waiter], ACTIVE
[2016/12/15 15:23:13 367][Px1747][Tx7cc6e700][DBG] LENGINE    leng_rpc.c 413  luacRPCFuncProto_Invoke(70006dd0,6c3fc3c0) [in]
[2016/12/15 15:23:13 367][Px1747][Tx77fff700][TRC] LENGINE    leng_shell 374  lEngine_PostMessage() [out] 0
[2016/12/15 15:23:13 369][Px1747][Tx7cc6e700][INF] LMOD       luac_logge 172  [waiter:120:waiter loaded!  ]
[2016/12/15 15:23:13 369][Px1747][Tx7cc6e700][DBG] LENGINE    leng_rpc.c 527  luacRPCFuncProto_Invoke() [out] ret = 0
[2016/12/15 15:23:13 369][Px1747][Tx7cc6e700][DBG] LENGINE    leng_main. 312  [waiter], loaded
[2016/12/15 15:23:13 369][Px1747][Tx7cc6e700][DBG] LENGINE    leng_rpc.c 413  luacRPCFuncProto_Invoke(70006dd0,6c3fc3c0) [in]
[2016/12/15 15:23:13 370][Px1747][Tx7cc6e700][DBG] LENGINE    leng_rpc.c 527  luacRPCFuncProto_Invoke() [out] ret = 0
[2016/12/15 15:23:13 370][Px1747][Tx7cc6e700][DBG] LENGINE    leng_main. 345  lEngine_LoadEnv() [out] successfully
[2016/12/15 15:23:13 370][Px1747][Tx7cc6e700][DBG] LENGINE    leng_main. 567  waiter, eng = l_engine_1, env = 6c3fc3c0, L = 6c3fc4f0
[2016/12/15 15:23:13 370][Px1747][Tx7cc6e700][INF] LENGINE    leng_main. 568  l_engine_1 occupancy: 1 (33%)
[2016/12/15 15:23:13 371][Px1747][Tx7cc6e700][DBG] LENGINE    leng_main. 513  ENGINE_MSG_RPC_ASYNC
[2016/12/15 15:23:13 371][Px1747][Tx7cc6e700][DBG] LENGINE    leng_main. 521  [waiter], stat = 1
[2016/12/15 15:23:13 371][Px1747][Tx7cc6e700][DBG] LENGINE    leng_rpc.c 413  luacRPCFuncProto_Invoke(6c3eb250,6c3fc3c0) [in]
[2016/12/15 15:23:13 371][Px1747][Tx77fff700][TRC] LMOD       luac_logge 170  [transport:1198:[soc] disconnect   ]
[2016/12/15 15:23:13 372][Px1747][Tx7cc6e700][INF] LMOD       luac_logge 172  [network:380:redns  def  open.xf-yun.com  ]
[2016/12/15 15:23:13 372][Px1747][Tx7cc6e700][TRC] MSPADNS    MSPAsyncDn 268  MSPAsyncDns_Start() [in]
[2016/12/15 15:23:13 372][Px1747][Tx7d46f700][DBG] MSPADNS    MSPAsyncDn 184  gethostbyname(open.xf-yun.com) start [id=1879138504]
[2016/12/15 15:23:13 373][Px1747][Tx7d46f700][ERR] MSPADNS    MSPAsyncDn 211  gethostbyname(open.xf-yun.com) failed: Temporary failure in name resolution [id=1879138504]
[2016/12/15 15:23:13 373][Px1747][Tx7d46f700][DBG] MSPTHREAD  MSPThreadP 733  POST l_engine_1:10:1:0
[2016/12/15 15:23:13 373][Px1747][Tx77fff700][DBG] LENGINE    leng_rpc.c 527  luacRPCFuncProto_Invoke() [out] ret = 0
[2016/12/15 15:23:13 373][Px1747][Tx7cc6e700][INF] LMOD       luac_logge 172  [waiter:196:last gc at  1481844193  ]
[2016/12/15 15:23:13 374][Px1747][Tx7cc6e700][DBG] LENGINE    leng_rpc.c 527  luacRPCFuncProto_Invoke() [out] ret = 0
[2016/12/15 15:23:13 374][Px1747][Tx7cc6e700][DBG] LENGINE    leng_main. 513  ENGINE_MSG_RPC_ASYNC
[2016/12/15 15:23:13 374][Px1747][Tx7cc6e700][DBG] LENGINE    leng_main. 521  [waiter], stat = 1
[2016/12/15 15:23:13 374][Px1747][Tx7cc6e700][DBG] LENGINE    leng_rpc.c 413  luacRPCFuncProto_Invoke(54001a40,6c3fc3c0) [in]
[2016/12/15 15:23:13 374][Px1747][Tx7cc6e700][INF] LMOD       luac_logge 172  [network:173:dns resp  10214  ]
[2016/12/15 15:23:13 375][Px1747][Tx7cc6e700][INF] LMOD       luac_logge 172  [network:397:redns dns resp  nil  10214  nil  nil  ]
[2016/12/15 15:23:13 375][Px1747][Tx7cc6e700][DBG] LENGINE    leng_rpc.c 527  luacRPCFuncProto_Invoke() [out] ret = 0
[2016/12/15 15:23:13 402][Px1747][Tx758c3700][DBG] MSPTHREAD  MSPThreadP 733  POST l_engine_2:10:1:1
[2016/12/15 15:23:13 403][Px1747][Tx758c3700][DBG] MSPTHREAD  MSPThreadP 733  POST l_engine_2:10:2:0
[2016/12/15 15:23:13 408][Px1747][Tx77fff700][DBG] LENGINE    leng_main. 513  ENGINE_MSG_RPC_ASYNC
[2016/12/15 15:23:13 408][Px1747][Tx77fff700][DBG] LENGINE    leng_main. 521  [isr_local], stat = 1
[2016/12/15 15:23:13 409][Px1747][Tx77fff700][DBG] LENGINE    leng_rpc.c 413  luacRPCFuncProto_Invoke(600008e0,6426de80) [in]
[2016/12/15 15:23:13 412][Px1747][Tx77fff700][TRC] LMOD       luac_logge 170  [isr_local:655:local engine ready  ]
[2016/12/15 15:23:13 413][Px1747][Tx77fff700][TRC] MSPCMN     msp_cmn.c  827  statusCbStub(,,param_num = 5)
[2016/12/15 15:23:13 413][Px1747][Tx77fff700][PRF] LENGINE    leng_main. 189  callc(msp_status_cb) cost 1 ms
[2016/12/15 15:23:13 413][Px1747][Tx77fff700][TRC] LMOD       luac_logge 170  [isr_local:585:esr_flush_buf_audio buffer audio num:  15  ]
[2016/12/15 15:23:13 414][Px1747][Tx77fff700][TRC] LMOD       luac_logge 170  [isr_local:1536:auwl =   6400  ]
[2016/12/15 15:23:13 414][Px1747][Tx77fff700][TRC] LENGINE    aitalk.c   437  Esr_WriteAudio(6c02d580, 642947c0, 6400) [in]
[2016/12/15 15:23:13 414][Px1747][Tx77fff700][TRC] LENGINE    aitalk.c   467  Esr_WriteAudio(0) [out]
[2016/12/15 15:23:13 421][Px1747][Tx77fff700][TRC] LMOD       luac_logge 170  [isr_local:590:esr_audio_write, ret =  0  ]
[2016/12/15 15:23:13 421][Px1747][Tx77fff700][TRC] LMOD       luac_logge 170  [isr_local:1536:auwl =   6400  ]
[2016/12/15 15:23:13 421][Px1747][Tx77fff700][TRC] LENGINE    aitalk.c   437  Esr_WriteAudio(6c02d580, 642960d0, 6400) [in]
[2016/12/15 15:23:13 421][Px1747][Tx77fff700][TRC] LENGINE    aitalk.c   467  Esr_WriteAudio(0) [out]
[2016/12/15 15:23:13 422][Px1747][Tx77fff700][TRC] LMOD       luac_logge 170  [isr_local:590:esr_audio_write, ret =  0  ]
[2016/12/15 15:23:13 422][Px1747][Tx77fff700][TRC] LMOD       luac_logge 170  [isr_local:1536:auwl =   6400  ]
[2016/12/15 15:23:13 422][Px1747][Tx77fff700][TRC] LENGINE    aitalk.c   437  Esr_WriteAudio(6c02d580, 642979e0, 6400) [in]
[2016/12/15 15:23:13 428][Px1747][Tx77fff700][TRC] LENGINE    aitalk.c   467  Esr_WriteAudio(0) [out]
[2016/12/15 15:23:13 428][Px1747][Tx77fff700][TRC] LMOD       luac_logge 170  [isr_local:590:esr_audio_write, ret =  0  ]
[2016/12/15 15:23:13 429][Px1747][Tx77fff700][TRC] LMOD       luac_logge 170  [isr_local:1536:auwl =   6400  ]
[2016/12/15 15:23:13 429][Px1747][Tx77fff700][TRC] LENGINE    aitalk.c   437  Esr_WriteAudio(6c02d580, 642992f0, 6400) [in]
[2016/12/15 15:23:13 429][Px1747][Tx77fff700][TRC] LENGINE    aitalk.c   467  Esr_WriteAudio(0) [out]
[2016/12/15 15:23:13 430][Px1747][Tx77fff700][TRC] LMOD       luac_logge 170  [isr_local:590:esr_audio_write, ret =  0  ]
[2016/12/15 15:23:13 430][Px1747][Tx77fff700][TRC] LMOD       luac_logge 170  [isr_local:1536:auwl =   6400  ]
[2016/12/15 15:23:13 430][Px1747][Tx77fff700][TRC] LENGINE    aitalk.c   437  Esr_WriteAudio(6c02d580, 6426f200, 6400) [in]
[2016/12/15 15:23:13 430][Px1747][Tx77fff700][TRC] LENGINE    aitalk.c   467  Esr_WriteAudio(0) [out]
[2016/12/15 15:23:13 436][Px1747][Tx77fff700][TRC] LMOD       luac_logge 170  [isr_local:590:esr_audio_write, ret =  0  ]
[2016/12/15 15:23:13 437][Px1747][Tx77fff700][TRC] LMOD       luac_logge 170  [isr_local:1536:auwl =   6400  ]
[2016/12/15 15:23:13 437][Px1747][Tx77fff700][TRC] LENGINE    aitalk.c   437  Esr_WriteAudio(6c02d580, 6429ac00, 6400) [in]
[2016/12/15 15:23:13 437][Px1747][Tx77fff700][TRC] LENGINE    aitalk.c   467  Esr_WriteAudio(0) [out]
[2016/12/15 15:23:13 437][Px1747][Tx77fff700][TRC] LMOD       luac_logge 170  [isr_local:590:esr_audio_write, ret =  0  ]
[2016/12/15 15:23:13 438][Px1747][Tx77fff700][TRC] LMOD       luac_logge 170  [isr_local:1536:auwl =   6400  ]
[2016/12/15 15:23:13 439][Px1747][Tx77fff700][TRC] LENGINE    aitalk.c   437  Esr_WriteAudio(6c02d580, 6429c510, 6400) [in]
[2016/12/15 15:23:13 439][Px1747][Tx77fff700][TRC] LENGINE    aitalk.c   467  Esr_WriteAudio(0) [out]
[2016/12/15 15:23:13 439][Px1747][Tx758c3700][DBG] MSPTHREAD  MSPThreadP 733  POST l_engine_2:10:2:0
[2016/12/15 15:23:13 440][Px1747][Tx77fff700][TRC] LMOD       luac_logge 170  [isr_local:590:esr_audio_write, ret =  0  ]
[2016/12/15 15:23:13 443][Px1747][Tx77fff700][TRC] LMOD       luac_logge 170  [isr_local:1536:auwl =   6400  ]
[2016/12/15 15:23:13 443][Px1747][Tx77fff700][TRC] LENGINE    aitalk.c   437  Esr_WriteAudio(6c02d580, 6429de20, 6400) [in]
[2016/12/15 15:23:13 443][Px1747][Tx77fff700][TRC] LENGINE    aitalk.c   467  Esr_WriteAudio(0) [out]
[2016/12/15 15:23:13 444][Px1747][Tx77fff700][TRC] LMOD       luac_logge 170  [isr_local:590:esr_audio_write, ret =  0  ]
[2016/12/15 15:23:13 444][Px1747][Tx77fff700][TRC] LMOD       luac_logge 170  [isr_local:1536:auwl =   6400  ]
[2016/12/15 15:23:13 444][Px1747][Tx77fff700][TRC] LENGINE    aitalk.c   437  Esr_WriteAudio(6c02d580, 6429fa80, 6400) [in]
[2016/12/15 15:23:13 444][Px1747][Tx77fff700][TRC] LENGINE    aitalk.c   467  Esr_WriteAudio(0) [out]
[2016/12/15 15:23:13 445][Px1747][Tx77fff700][TRC] LMOD       luac_logge 170  [isr_local:590:esr_audio_write, ret =  0  ]
[2016/12/15 15:23:13 448][Px1747][Tx77fff700][TRC] LMOD       luac_logge 170  [isr_local:1536:auwl =   6400  ]
[2016/12/15 15:23:13 448][Px1747][Tx77fff700][TRC] LENGINE    aitalk.c   437  Esr_WriteAudio(6c02d580, 642a1730, 6400) [in]
[2016/12/15 15:23:13 449][Px1747][Tx77fff700][TRC] LENGINE    aitalk.c   467  Esr_WriteAudio(0) [out]
[2016/12/15 15:23:13 449][Px1747][Tx77fff700][TRC] LMOD       luac_logge 170  [isr_local:590:esr_audio_write, ret =  0  ]
[2016/12/15 15:23:13 449][Px1747][Tx77fff700][TRC] LMOD       luac_logge 170  [isr_local:1536:auwl =   6400  ]
[2016/12/15 15:23:13 449][Px1747][Tx77fff700][TRC] LENGINE    aitalk.c   437  Esr_WriteAudio(6c02d580, 642a33e0, 6400) [in]
[2016/12/15 15:23:13 450][Px1747][Tx77fff700][TRC] LENGINE    aitalk.c   467  Esr_WriteAudio(0) [out]
[2016/12/15 15:23:13 450][Px1747][Tx77fff700][TRC] LMOD       luac_logge 170  [isr_local:590:esr_audio_write, ret =  0  ]
[2016/12/15 15:23:13 450][Px1747][Tx77fff700][TRC] LMOD       luac_logge 170  [isr_local:1536:auwl =   6400  ]
[2016/12/15 15:23:13 456][Px1747][Tx77fff700][TRC] LENGINE    aitalk.c   437  Esr_WriteAudio(6c02d580, 642a5090, 6400) [in]
[2016/12/15 15:23:13 456][Px1747][Tx77fff700][TRC] LENGINE    aitalk.c   467  Esr_WriteAudio(0) [out]
[2016/12/15 15:23:13 457][Px1747][Tx77fff700][TRC] LMOD       luac_logge 170  [isr_local:590:esr_audio_write, ret =  0  ]
[2016/12/15 15:23:13 457][Px1747][Tx77fff700][TRC] LMOD       luac_logge 170  [isr_local:1536:auwl =   6400  ]
[2016/12/15 15:23:13 457][Px1747][Tx77fff700][TRC] LENGINE    aitalk.c   437  Esr_WriteAudio(6c02d580, 64291860, 6400) [in]
[2016/12/15 15:23:13 458][Px1747][Tx77fff700][TRC] LENGINE    aitalk.c   467  Esr_WriteAudio(0) [out]
[2016/12/15 15:23:13 458][Px1747][Tx77fff700][TRC] LMOD       luac_logge 170  [isr_local:590:esr_audio_write, ret =  0  ]
[2016/12/15 15:23:13 458][Px1747][Tx77fff700][TRC] LMOD       luac_logge 170  [isr_local:1536:auwl =   6400  ]
[2016/12/15 15:23:13 459][Px1747][Tx77fff700][TRC] LENGINE    aitalk.c   437  Esr_WriteAudio(6c02d580, 642a6af0, 6400) [in]
[2016/12/15 15:23:13 459][Px1747][Tx77fff700][TRC] LENGINE    aitalk.c   467  Esr_WriteAudio(0) [out]
[2016/12/15 15:23:13 464][Px1747][Tx7f39e700][TRC] QISR       qisr.c     390  QISRGetResult(94b020,3d267b0c,0,3d267a4c) [in]
[2016/12/15 15:23:13 464][Px1747][Tx7f39e700][TRC] QISR       qisr.c     396  QISRGetResult session addr:(94b020)
[2016/12/15 15:23:13 465][Px1747][Tx7f39e700][TRC] LENGINE    leng_shell 385  lEngine_SendMessage(94b860,3,0,,,) [in]
[2016/12/15 15:23:13 465][Px1747][Tx7f39e700][DBG] MSPTHREAD  MSPThreadP 733  POST l_engine_3:11:1:1
[2016/12/15 15:23:13 465][Px1747][Tx777fe700][DBG] LENGINE    leng_main. 535  ENGINE_MSG_RPC_SYNC
[2016/12/15 15:23:13 466][Px1747][Tx777fe700][DBG] LENGINE    leng_main. 543  [cisr1PdHHBHNrqyJXZPVaad4DB2JBviknj], stat = 1
[2016/12/15 15:23:13 466][Px1747][Tx777fe700][DBG] LENGINE    leng_rpc.c 413  luacRPCFuncProto_Invoke(943cc0,94b860) [in]
[2016/12/15 15:23:13 466][Px1747][Tx77fff700][TRC] LMOD       luac_logge 170  [isr_local:590:esr_audio_write, ret =  0  ]
[2016/12/15 15:23:13 466][Px1747][Tx777fe700][TRC] LMOD       luac_logge 170  [isr:1618:ASR_MSG_GRSLT,   local  ]
[2016/12/15 15:23:13 469][Px1747][Tx77fff700][TRC] LMOD       luac_logge 170  [isr_local:1536:auwl =   5760  ]
[2016/12/15 15:23:13 469][Px1747][Tx77fff700][TRC] LENGINE    aitalk.c   437  Esr_WriteAudio(6c02d580, 642a8400, 5760) [in]
[2016/12/15 15:23:13 470][Px1747][Tx77fff700][TRC] LENGINE    aitalk.c   467  Esr_WriteAudio(0) [out]
[2016/12/15 15:23:13 470][Px1747][Tx77fff700][TRC] LENGINE    aitalk.c   476  Esr_EndAudio(6c02d580) [in]
[2016/12/15 15:23:13 470][Px1747][Tx77fff700][DBG] MSPTHREAD  MSPThreadP 733  POST l_engine_2:10:3:0
[2016/12/15 15:23:13 470][Px1747][Tx77fff700][TRC] LENGINE    aitalk.c   491  Esr_EndAudio(0) [out]
[2016/12/15 15:23:13 471][Px1747][Tx777fe700][TRC] LMOD       luac_logge 170  [isr:1297:0  nil  2  ]
[2016/12/15 15:23:13 471][Px1747][Tx777fe700][DBG] LENGINE    leng_rpc.c 527  luacRPCFuncProto_Invoke() [out] ret = 0
[2016/12/15 15:23:13 471][Px1747][Tx7f39e700][TRC] LENGINE    leng_shell 428  lEngine_SendMessage() [out] 0
[2016/12/15 15:23:13 472][Px1747][Tx7f39e700][TRC] QISR       qisr.c     455  QISRGetResult() [out] 0 2 0
[2016/12/15 15:23:13 476][Px1747][Tx77fff700][TRC] LMOD       luac_logge 170  [isr_local:590:esr_audio_write, ret =  0  ]
[2016/12/15 15:23:13 476][Px1747][Tx77fff700][DBG] LENGINE    leng_rpc.c 527  luacRPCFuncProto_Invoke() [out] ret = 0
[2016/12/15 15:23:13 477][Px1747][Tx77fff700][DBG] LENGINE    leng_main. 513  ENGINE_MSG_RPC_ASYNC
[2016/12/15 15:23:13 477][Px1747][Tx77fff700][DBG] LENGINE    leng_main. 521  [isr_local], stat = 1
[2016/12/15 15:23:13 477][Px1747][Tx77fff700][DBG] LENGINE    leng_rpc.c 413  luacRPCFuncProto_Invoke(60000c00,6426de80) [in]
[2016/12/15 15:23:13 478][Px1747][Tx77fff700][TRC] LMOD       luac_logge 170  [isr_local:630:local engine started  ]
[2016/12/15 15:23:13 478][Px1747][Tx77fff700][TRC] MSPCMN     msp_cmn.c  827  statusCbStub(,,param_num = 5)
[2016/12/15 15:23:13 478][Px1747][Tx77fff700][PRF] LENGINE    leng_main. 189  callc(msp_status_cb) cost 0 ms
[2016/12/15 15:23:13 478][Px1747][Tx77fff700][DBG] LENGINE    leng_rpc.c 527  luacRPCFuncProto_Invoke() [out] ret = 0
[2016/12/15 15:23:13 478][Px1747][Tx77fff700][DBG] LENGINE    leng_main. 513  ENGINE_MSG_RPC_ASYNC
[2016/12/15 15:23:13 479][Px1747][Tx77fff700][DBG] LENGINE    leng_main. 521  [isr_local], stat = 1
[2016/12/15 15:23:13 484][Px1747][Tx77fff700][DBG] LENGINE    leng_rpc.c 413  luacRPCFuncProto_Invoke(601b9580,6426de80) [in]
[2016/12/15 15:23:13 485][Px1747][Tx77fff700][DBG] MSPTHREAD  MSPThreadP 733  POST l_engine_3:10:1:1
[2016/12/15 15:23:13 485][Px1747][Tx77fff700][PRF] LENGINE    leng_main. 189  callc(local_service_cbmsg) cost 1 ms
[2016/12/15 15:23:13 486][Px1747][Tx77fff700][DBG] LENGINE    leng_rpc.c 527  luacRPCFuncProto_Invoke() [out] ret = 0
[2016/12/15 15:23:13 486][Px1747][Tx77fff700][DBG] LENGINE    leng_main. 513  ENGINE_MSG_RPC_ASYNC
[2016/12/15 15:23:13 486][Px1747][Tx77fff700][DBG] LENGINE    leng_main. 521  [isr_local], stat = 1
[2016/12/15 15:23:13 486][Px1747][Tx77fff700][DBG] LENGINE    leng_rpc.c 413  luacRPCFuncProto_Invoke(6c3f7710,6426de80) [in]
[2016/12/15 15:23:13 486][Px1747][Tx77fff700][DBG] MSPTHREAD  MSPThreadP 733  POST l_engine_3:10:1:0
[2016/12/15 15:23:13 486][Px1747][Tx77fff700][PRF] LENGINE    leng_main. 189  callc(local_service_cbmsg) cost 0 ms
[2016/12/15 15:23:13 488][Px1747][Tx77fff700][DBG] LENGINE    leng_rpc.c 527  luacRPCFuncProto_Invoke() [out] ret = 0
[2016/12/15 15:23:13 488][Px1747][Tx777fe700][DBG] LENGINE    leng_main. 513  ENGINE_MSG_RPC_ASYNC
[2016/12/15 15:23:13 488][Px1747][Tx777fe700][DBG] LENGINE    leng_main. 521  [cisr1PdHHBHNrqyJXZPVaad4DB2JBviknj], stat = 1
[2016/12/15 15:23:13 488][Px1747][Tx777fe700][DBG] LENGINE    leng_rpc.c 413  luacRPCFuncProto_Invoke(6c3fbf60,94b860) [in]
[2016/12/15 15:23:13 492][Px1747][Tx777fe700][TRC] LMOD       luac_logge 170  [isr:759:local_cbmsg_handler  ,msg=  404  param1=  nil  ]
[2016/12/15 15:23:13 492][Px1747][Tx777fe700][DBG] LENGINE    leng_rpc.c 527  luacRPCFuncProto_Invoke() [out] ret = 0
[2016/12/15 15:23:13 493][Px1747][Tx777fe700][DBG] LENGINE    leng_main. 513  ENGINE_MSG_RPC_ASYNC
[2016/12/15 15:23:13 493][Px1747][Tx777fe700][DBG] LENGINE    leng_main. 521  [cisr1PdHHBHNrqyJXZPVaad4DB2JBviknj], stat = 1
[2016/12/15 15:23:13 493][Px1747][Tx777fe700][DBG] LENGINE    leng_rpc.c 413  luacRPCFuncProto_Invoke(6c3ebe20,94b860) [in]
[2016/12/15 15:23:13 493][Px1747][Tx777fe700][TRC] LMOD       luac_logge 170  [isr:759:local_cbmsg_handler  ,msg=  406  param1=  nil  ]
[2016/12/15 15:23:13 494][Px1747][Tx777fe700][DBG] LENGINE    leng_rpc.c 527  luacRPCFuncProto_Invoke() [out] ret = 0
[2016/12/15 15:23:13 544][Px1747][Tx758c3700][TRC] LENGINE    aitalk.c   1397 final result will throw out next!
[2016/12/15 15:23:13 545][Px1747][Tx758c3700][DBG] MSPTHREAD  MSPThreadP 733  POST l_engine_2:10:1:1
[2016/12/15 15:23:13 545][Px1747][Tx77fff700][DBG] LENGINE    leng_main. 513  ENGINE_MSG_RPC_ASYNC
[2016/12/15 15:23:13 545][Px1747][Tx77fff700][DBG] LENGINE    leng_main. 521  [isr_local], stat = 1
[2016/12/15 15:23:13 545][Px1747][Tx77fff700][DBG] LENGINE    leng_rpc.c 413  luacRPCFuncProto_Invoke(600008e0,6426de80) [in]
[2016/12/15 15:23:13 546][Px1747][Tx77fff700][TRC] LMOD       luac_logge 170  [isr_local:669:final result will throw out next!  ]
[2016/12/15 15:23:13 546][Px1747][Tx77fff700][DBG] LENGINE    leng_rpc.c 527  luacRPCFuncProto_Invoke() [out] ret = 0
[2016/12/15 15:23:13 546][Px1747][Tx758c3700][TRC] LENGINE    aitalk.c   1361 got result!
[2016/12/15 15:23:13 546][Px1747][Tx758c3700][DBG] MSPTHREAD  MSPThreadP 733  POST l_engine_2:10:1:1
[2016/12/15 15:23:13 547][Px1747][Tx77fff700][DBG] LENGINE    leng_main. 513  ENGINE_MSG_RPC_ASYNC
[2016/12/15 15:23:13 547][Px1747][Tx77fff700][DBG] LENGINE    leng_main. 521  [isr_local], stat = 1
[2016/12/15 15:23:13 547][Px1747][Tx77fff700][DBG] LENGINE    leng_rpc.c 413  luacRPCFuncProto_Invoke(600008e0,6426de80) [in]
[2016/12/15 15:23:13 547][Px1747][Tx758c3700][DBG] MSPTHREAD  MSPThreadP 733  POST l_engine_2:10:1:0
[2016/12/15 15:23:13 547][Px1747][Tx77fff700][TRC] LMOD       luac_logge 170  [isr_local:679:nRecognizeState:  1  ]
[2016/12/15 15:23:13 548][Px1747][Tx77fff700][TRC] LMOD       luac_logge 170  [isr_local:680:nConfidenceScore:  76  ]
[2016/12/15 15:23:13 548][Px1747][Tx77fff700][TRC] LMOD       luac_logge 170  [isr_local:728:result_type :   xml  ]
[2016/12/15 15:23:13 549][Px1747][Tx77fff700][TRC] LMOD       luac_logge 170  [isr_local:729:result_encoding :   UTF-8  ]
[2016/12/15 15:23:13 549][Px1747][Tx77fff700][TRC] LMOD       luac_logge 170  [isr_local:730:is iat :   false  ]
[2016/12/15 15:23:13 549][Px1747][Tx77fff700][INF] LLOADER    lloader.c  327  load LuaXml
[2016/12/15 15:23:13 549][Px1747][Tx77fff700][INF] LLOADER    lloader.c  339  a intalled entry
[2016/12/15 15:23:13 550][Px1747][Tx77fff700][INF] LLOADER    lloader.c  365  from rom
[2016/12/15 15:23:13 550][Px1747][Tx77fff700][PRF] LLOADER    lloader.c  397  load LuaXml cost 0 (ms)
[2016/12/15 15:23:13 550][Px1747][Tx77fff700][TRC] LMOD       luac_logge 170  [isr_local:469:item_count:1  ]
[2016/12/15 15:23:13 551][Px1747][Tx77fff700][INF] LMOD       luac_logge 172  [isr_local:293:nil  ]
[2016/12/15 15:23:13 551][Px1747][Tx77fff700][DBG] MSPTHREAD  MSPThreadP 733  POST l_engine_3:10:1:1
[2016/12/15 15:23:13 551][Px1747][Tx77fff700][PRF] LENGINE    leng_main. 189  callc(local_service_cbmsg) cost 0 ms
[2016/12/15 15:23:13 551][Px1747][Tx77fff700][DBG] LENGINE    leng_rpc.c 527  luacRPCFuncProto_Invoke() [out] ret = 0
[2016/12/15 15:23:13 551][Px1747][Tx77fff700][DBG] LENGINE    leng_main. 513  ENGINE_MSG_RPC_ASYNC
[2016/12/15 15:23:13 552][Px1747][Tx77fff700][DBG] LENGINE    leng_main. 521  [isr_local], stat = 1
[2016/12/15 15:23:13 552][Px1747][Tx77fff700][DBG] LENGINE    leng_rpc.c 413  luacRPCFuncProto_Invoke(60000c60,6426de80) [in]
[2016/12/15 15:23:13 552][Px1747][Tx777fe700][DBG] LENGINE    leng_main. 513  ENGINE_MSG_RPC_ASYNC
[2016/12/15 15:23:13 552][Px1747][Tx777fe700][DBG] LENGINE    leng_main. 521  [cisr1PdHHBHNrqyJXZPVaad4DB2JBviknj], stat = 1
[2016/12/15 15:23:13 552][Px1747][Tx777fe700][DBG] LENGINE    leng_rpc.c 413  luacRPCFuncProto_Invoke(6c07dd00,94b860) [in]
[2016/12/15 15:23:13 552][Px1747][Tx77fff700][TRC] LMOD       luac_logge 170  [isr_local:675:recognized end!  ]
[2016/12/15 15:23:13 553][Px1747][Tx77fff700][DBG] MSPTHREAD  MSPThreadP 733  POST l_engine_3:10:1:0
[2016/12/15 15:23:13 553][Px1747][Tx77fff700][PRF] LENGINE    leng_main. 189  callc(local_service_cbmsg) cost 0 ms
[2016/12/15 15:23:13 553][Px1747][Tx77fff700][DBG] LENGINE    leng_rpc.c 527  luacRPCFuncProto_Invoke() [out] ret = 0
[2016/12/15 15:23:13 553][Px1747][Tx777fe700][TRC] LMOD       luac_logge 170  [isr:759:local_cbmsg_handler  ,msg=  407  param1=  udata(64270cb8) ]
[2016/12/15 15:23:13 554][Px1747][Tx777fe700][TRC] LMOD       luac_logge 170  [isr:661:process_result call:  local  udata(64270cb8) 76  2  ]
[2016/12/15 15:23:13 554][Px1747][Tx777fe700][DBG] LENGINE    leng_rpc.c 527  luacRPCFuncProto_Invoke() [out] ret = 0
[2016/12/15 15:23:13 555][Px1747][Tx777fe700][DBG] LENGINE    leng_main. 513  ENGINE_MSG_RPC_ASYNC
[2016/12/15 15:23:13 555][Px1747][Tx777fe700][DBG] LENGINE    leng_main. 521  [cisr1PdHHBHNrqyJXZPVaad4DB2JBviknj], stat = 1
[2016/12/15 15:23:13 555][Px1747][Tx777fe700][DBG] LENGINE    leng_rpc.c 413  luacRPCFuncProto_Invoke(6c05ef30,94b860) [in]
[2016/12/15 15:23:13 555][Px1747][Tx777fe700][TRC] LMOD       luac_logge 170  [isr:759:local_cbmsg_handler  ,msg=  408  param1=  nil  ]
[2016/12/15 15:23:13 556][Px1747][Tx777fe700][TRC] LMOD       luac_logge 170  [isr:774:local session recognized end!  ]
[2016/12/15 15:23:13 556][Px1747][Tx777fe700][DBG] LENGINE    leng_rpc.c 527  luacRPCFuncProto_Invoke() [out] ret = 0
[2016/12/15 15:23:13 572][Px1747][Tx77fff700][DBG] LENGINE    leng_rpc.c 413  luacRPCFuncProto_Invoke(6c07dd00,6426de80) [in]
[2016/12/15 15:23:13 572][Px1747][Tx77fff700][INF] LMOD       luac_logge 172  [transport:959:session.domain=  open.xf-yun.com  ]
[2016/12/15 15:23:13 573][Px1747][Tx77fff700][INF] LMOD       luac_logge 172  [transport:960:url.host=  open.xf-yun.com  ]
[2016/12/15 15:23:13 573][Px1747][Tx77fff700][INF] LLOADER    lloader.c  327  load dkjson
[2016/12/15 15:23:13 573][Px1747][Tx77fff700][INF] LLOADER    lloader.c  339  a intalled entry
[2016/12/15 15:23:13 573][Px1747][Tx77fff700][INF] LLOADER    lloader.c  365  from rom
[2016/12/15 15:23:13 573][Px1747][Tx77fff700][PRF] LLOADER    lloader.c  397  load dkjson cost 1 (ms)
[2016/12/15 15:23:13 574][Px1747][Tx77fff700][DBG] LMOD       luac_logge 178  [network:83:ipfromenv ,  ipcache  open.xf-yun.com  def  nil  ]
[2016/12/15 15:23:13 574][Px1747][Tx77fff700][TRC] LMOD       luac_logge 170  [transport:994:NAMESERVER START  ]
[2016/12/15 15:23:13 575][Px1747][Tx77fff700][INF] LMOD       luac_logge 172  [transport:997:name =   ath  ]
[2016/12/15 15:23:13 575][Px1747][Tx77fff700][INF] LMOD       luac_logge 172  [ns:727:ntt=  standard  ]
[2016/12/15 15:23:13 575][Px1747][Tx77fff700][INF] LMOD       luac_logge 172  [transport:1000:trans,ns_inprog =  0  ]
[2016/12/15 15:23:13 576][Px1747][Tx77fff700][TRC] LMOD       luac_logge 170  [ns:682:name server start  ]
[2016/12/15 15:23:13 576][Px1747][Tx77fff700][INF] LMOD       luac_logge 172  [ns:683:ns_sub =   ath  ]
[2016/12/15 15:23:13 576][Px1747][Tx7f39e700][TRC] QISR       qisr.c     390  QISRGetResult(94b020,3d267b0c,0,3d267a4c) [in]
[2016/12/15 15:23:13 577][Px1747][Tx7f39e700][TRC] QISR       qisr.c     396  QISRGetResult session addr:(94b020)
[2016/12/15 15:23:13 577][Px1747][Tx7f39e700][TRC] LENGINE    leng_shell 385  lEngine_SendMessage(94b860,3,0,,,) [in]
[2016/12/15 15:23:13 577][Px1747][Tx7f39e700][DBG] MSPTHREAD  MSPThreadP 733  POST l_engine_3:11:1:1
[2016/12/15 15:23:13 577][Px1747][Tx777fe700][DBG] LENGINE    leng_main. 535  ENGINE_MSG_RPC_SYNC
[2016/12/15 15:23:13 577][Px1747][Tx777fe700][DBG] LENGINE    leng_main. 543  [cisr1PdHHBHNrqyJXZPVaad4DB2JBviknj], stat = 1
[2016/12/15 15:23:13 578][Px1747][Tx777fe700][DBG] LENGINE    leng_rpc.c 413  luacRPCFuncProto_Invoke(957a50,94b860) [in]
[2016/12/15 15:23:13 578][Px1747][Tx77fff700][INF] LMOD       luac_logge 172  [ns:685:ns_host=  open.xf-yun.com  ]
[2016/12/15 15:23:13 578][Px1747][Tx777fe700][TRC] LMOD       luac_logge 170  [isr:1618:ASR_MSG_GRSLT,   local  ]
[2016/12/15 15:23:13 578][Px1747][Tx77fff700][INF] LMOD       luac_logge 172  [ns:403:ns_host=  open.xf-yun.com  ]
[2016/12/15 15:23:13 579][Px1747][Tx777fe700][TRC] LMOD       luac_logge 170  [isr:1297:0  udata(64270cb8) 5  ]
[2016/12/15 15:23:13 579][Px1747][Tx777fe700][DBG] LENGINE    leng_rpc.c 527  luacRPCFuncProto_Invoke() [out] ret = 0
[2016/12/15 15:23:13 579][Px1747][Tx7f39e700][TRC] LENGINE    leng_shell 428  lEngine_SendMessage() [out] 0
[2016/12/15 15:23:13 579][Px1747][Tx7f39e700][TRC] QISR       qisr.c     455  QISRGetResult() [out] 93c6d0 5 0
[2016/12/15 15:23:13 580][Px1747][Tx77fff700][DBG] LMOD       luac_logge 178  [ns:662:GET /sip/resolver?srand=1215152311.32 HTTP/1.1
Host: hdns.openspeech.cn
Connection: Keep-Alive
X-Par: ver=1.2&appid=583467f7&operator=UNKNOW&nettype=STANDARD&cver=5.0.27.1135&svc=ath&host=open.xf-yun.com&sign=35d8de5920788f2239e6c003e0791a01
User-Agent: iFLYCloud

  ]
[2016/12/15 15:23:13 581][Px1747][Tx77fff700][INF] LMOD       luac_logge 172  [ns:663:net_type =  standard  ]
[2016/12/15 15:23:13 583][Px1747][Tx77fff700][INF] LMOD       luac_logge 172  [ns:664:cmwapascmnet =  ]
[2016/12/15 15:23:13 584][Px1747][Tx77fff700][INF] LMOD       luac_logge 172  [ns:665:uniwapasuninet =  ]
[2016/12/15 15:23:13 585][Px1747][Tx77fff700][INF] LMOD       luac_logge 172  [ns:666:ctwapasctnet =  ]
[2016/12/15 15:23:13 585][Px1747][Tx77fff700][INF] LMOD       luac_logge 172  [ns:676:host=  hdns.openspeech.cn  ]
[2016/12/15 15:23:13 586][Px1747][Tx77fff700][TRC] MSPADNS    MSPAsyncDn 268  MSPAsyncDns_Start() [in]
[2016/12/15 15:23:13 586][Px1747][Tx77fff700][TRC] MSPADNS    MSPAsyncDn 268  MSPAsyncDns_Start() [in]
[2016/12/15 15:23:13 586][Px1747][Tx7d46f700][DBG] MSPADNS    MSPAsyncDn 184  gethostbyname(hdns.openspeech.cn) start [id=1812100456]
[2016/12/15 15:23:13 586][Px1747][Tx7d46f700][ERR] MSPADNS    MSPAsyncDn 211  gethostbyname(hdns.openspeech.cn) failed: Temporary failure in name resolution [id=1812100456]
[2016/12/15 15:23:13 587][Px1747][Tx7d46f700][DBG] MSPTHREAD  MSPThreadP 733  POST l_engine_2:10:1:1
[2016/12/15 15:23:13 587][Px1747][Tx77fff700][DBG] LENGINE    leng_rpc.c 527  luacRPCFuncProto_Invoke() [out] ret = 0
[2016/12/15 15:23:13 587][Px1747][Tx77fff700][DBG] LENGINE    leng_main. 513  ENGINE_MSG_RPC_ASYNC
[2016/12/15 15:23:13 588][Px1747][Tx77fff700][DBG] LENGINE    leng_main. 521  [isr_local], stat = 1
[2016/12/15 15:23:13 588][Px1747][Tx77fff700][DBG] LENGINE    leng_rpc.c 413  luacRPCFuncProto_Invoke(54001a20,6426de80) [in]
[2016/12/15 15:23:13 588][Px1747][Tx7d46f700][DBG] MSPADNS    MSPAsyncDn 184  gethostbyname(open.xf-yun.com) start [id=1816105528]
[2016/12/15 15:23:13 588][Px1747][Tx7d46f700][ERR] MSPADNS    MSPAsyncDn 211  gethostbyname(open.xf-yun.com) failed: Temporary failure in name resolution [id=1816105528]
[2016/12/15 15:23:13 588][Px1747][Tx7d46f700][DBG] MSPTHREAD  MSPThreadP 733  POST l_engine_2:10:1:0
[2016/12/15 15:23:13 589][Px1747][Tx77fff700][INF] LMOD       luac_logge 172  [ns:290:ns dns resp  10214  ]
[2016/12/15 15:23:13 589][Px1747][Tx77fff700][INF] LMOD       luac_logge 172  [ns:564:ns dns failed, err =   10214  ]
[2016/12/15 15:23:13 590][Px1747][Tx77fff700][INF] LMOD       luac_logge 172  [ns:174:ns gethttpresp  117.121.48.5  80  ]
[2016/12/15 15:23:13 590][Px1747][Tx77fff700][TRC] MSPSOCKET  MSPSocket. 269  MSPSocket_New(1, 1) [in]
[2016/12/15 15:23:13 590][Px1747][Tx77fff700][DBG] MSPSOCKET  MSPSocket. 326  socket(2,1,) ret=b, detail=101
[2016/12/15 15:23:13 591][Px1747][Tx77fff700][TRC] MSPSOCKET  MSPSocket. 411  MSPSocket_New() [out] 6c05ee80 0
[2016/12/15 15:23:13 592][Px1747][Tx77fff700][TRC] MSPSOCKET  MSPSocket. 501  MSPSocket_Connect(6c05ee80) [in]
[2016/12/15 15:23:13 592][Px1747][Tx77fff700][DBG] MSPSOCKET  MSPSocket. 515  connect(b,117.121.48.5,) ret=-1, hd=6c05ee80
[2016/12/15 15:23:13 592][Px1747][Tx77fff700][ERR] MSPSOCKET  MSPSocket. 530  connect() failed! 6c05ee80,b,-1,101
[2016/12/15 15:23:13 592][Px1747][Tx77fff700][DBG] MSPTHREAD  MSPThreadP 733  POST l_engine_2:10:2:0
[2016/12/15 15:23:13 593][Px1747][Tx77fff700][TRC] MSPSOCKET  MSPSocket. 565  MSPSocket_Connect() [out] 10202
[2016/12/15 15:23:13 593][Px1747][Tx77fff700][DBG] LENGINE    leng_rpc.c 527  luacRPCFuncProto_Invoke() [out] ret = 0
[2016/12/15 15:23:13 594][Px1747][Tx77fff700][DBG] LENGINE    leng_main. 513  ENGINE_MSG_RPC_ASYNC
[2016/12/15 15:23:13 594][Px1747][Tx77fff700][DBG] LENGINE    leng_main. 521  [isr_local], stat = 1
[2016/12/15 15:23:13 594][Px1747][Tx77fff700][DBG] LENGINE    leng_rpc.c 413  luacRPCFuncProto_Invoke(54002d10,6426de80) [in]
[2016/12/15 15:23:13 594][Px1747][Tx77fff700][ERR] LMOD       luac_logge 166  [transport:295:[dns] [0] failed! 10214  ]
[2016/12/15 15:23:13 594][Px1747][Tx77fff700][INF] LLOADER    lloader.c  327  load dkjson
[2016/12/15 15:23:13 595][Px1747][Tx77fff700][INF] LLOADER    lloader.c  339  a intalled entry
[2016/12/15 15:23:13 595][Px1747][Tx77fff700][INF] LLOADER    lloader.c  365  from rom
[2016/12/15 15:23:13 595][Px1747][Tx77fff700][PRF] LLOADER    lloader.c  397  load dkjson cost 1 (ms)
[2016/12/15 15:23:13 596][Px1747][Tx77fff700][DBG] LMOD       luac_logge 178  [network:83:ipfromenv ,  ipcache  open.xf-yun.com  def  nil  ]
[2016/12/15 15:23:13 596][Px1747][Tx77fff700][INF] LLOADER    lloader.c  327  load dkjson
[2016/12/15 15:23:13 596][Px1747][Tx77fff700][INF] LLOADER    lloader.c  339  a intalled entry
[2016/12/15 15:23:13 596][Px1747][Tx77fff700][INF] LLOADER    lloader.c  365  from rom
[2016/12/15 15:23:13 597][Px1747][Tx77fff700][PRF] LLOADER    lloader.c  397  load dkjson cost 1 (ms)
[2016/12/15 15:23:13 597][Px1747][Tx77fff700][DBG] LMOD       luac_logge 178  [network:83:ipfromenv ,  ipcfg  open.xf-yun.com  def  nil  ]
[2016/12/15 15:23:13 598][Px1747][Tx77fff700][TRC] LMOD       luac_logge 170  [transport:1166:[soc] connect   116.213.69.195  80  ]
[2016/12/15 15:23:13 598][Px1747][Tx77fff700][TRC] MSPSOCKET  MSPSocket. 1593 MSPSocketTCPConnPool_Query(116.213.69.195, 80) [in]
[2016/12/15 15:23:13 598][Px1747][Tx77fff700][TRC] MSPSOCKET  MSPSocket. 1618 MSPSocketTCPConnPool_Query() [out] ret=0
[2016/12/15 15:23:13 599][Px1747][Tx77fff700][INF] LMOD       luac_logge 172  [transport:1183:mspsoc.open,prot_type=  tcp  ]
[2016/12/15 15:23:13 599][Px1747][Tx77fff700][TRC] MSPSOCKET  MSPSocket. 269  MSPSocket_New(1, 1) [in]
[2016/12/15 15:23:13 599][Px1747][Tx77fff700][DBG] MSPSOCKET  MSPSocket. 326  socket(2,1,) ret=c, detail=101
[2016/12/15 15:23:13 599][Px1747][Tx77fff700][TRC] MSPSOCKET  MSPSocket. 411  MSPSocket_New() [out] 6c3f2b20 0
[2016/12/15 15:23:13 600][Px1747][Tx77fff700][TRC] MSPSOCKET  MSPSocket. 501  MSPSocket_Connect(6c3f2b20) [in]
[2016/12/15 15:23:13 600][Px1747][Tx77fff700][DBG] MSPSOCKET  MSPSocket. 515  connect(c,116.213.69.195,) ret=-1, hd=6c3f2b20
[2016/12/15 15:23:13 600][Px1747][Tx77fff700][ERR] MSPSOCKET  MSPSocket. 530  connect() failed! 6c3f2b20,c,-1,101
[2016/12/15 15:23:13 600][Px1747][Tx77fff700][DBG] MSPTHREAD  MSPThreadP 733  POST l_engine_2:10:2:0
[2016/12/15 15:23:13 600][Px1747][Tx77fff700][TRC] MSPSOCKET  MSPSocket. 565  MSPSocket_Connect() [out] 10202
[2016/12/15 15:23:13 601][Px1747][Tx77fff700][DBG] LENGINE    leng_rpc.c 527  luacRPCFuncProto_Invoke() [out] ret = 0
[2016/12/15 15:23:13 601][Px1747][Tx77fff700][DBG] LENGINE    leng_main. 513  ENGINE_MSG_RPC_ASYNC
[2016/12/15 15:23:13 601][Px1747][Tx77fff700][DBG] LENGINE    leng_main. 521  [isr_local], stat = 1
[2016/12/15 15:23:13 601][Px1747][Tx77fff700][DBG] LENGINE    leng_rpc.c 413  luacRPCFuncProto_Invoke(6c002cd0,6426de80) [in]
[2016/12/15 15:23:13 602][Px1747][Tx77fff700][INF] LMOD       luac_logge 172  [ns:244:ns soc error  10202  ]
[2016/12/15 15:23:13 602][Px1747][Tx77fff700][TRC] MSPSOCKET  MSPSocket. 1014 MSPSocket_Close(6c05ee80) [in]
[2016/12/15 15:23:13 602][Px1747][Tx77fff700][DBG] MSPSOCKET  MSPSocket. 1034 close(b), 6c05ee80
[2016/12/15 15:23:13 603][Px1747][Tx77fff700][TRC] MSPSOCKET  MSPSocket. 1068 MSPSocket_Close() [out] 0
[2016/12/15 15:23:13 603][Px1747][Tx77fff700][INF] LMOD       luac_logge 172  [ns:407:name server http resp  nil  10202  nil  ]
[2016/12/15 15:23:13 603][Px1747][Tx77fff700][INF] LMOD       luac_logge 172  [ns:551:ns response failed, err =  10202  ]
[2016/12/15 15:23:13 604][Px1747][Tx77fff700][INF] LMOD       luac_logge 172  [ns:111:ns_host=  open.xf-yun.com  ]
[2016/12/15 15:23:13 604][Px1747][Tx77fff700][INF] LMOD       luac_logge 172  [ns:113:use default ip  ]
[2016/12/15 15:23:13 605][Px1747][Tx77fff700][INF] LMOD       luac_logge 172  [transport:974:ns_ip =   116.213.69.195  ]
[2016/12/15 15:23:13 605][Px1747][Tx77fff700][INF] LMOD       luac_logge 172  [transport:975:ip_type =  def_athopen.xf-yun.com  ]
[2016/12/15 15:23:13 610][Px1747][Tx77fff700][INF] LMOD       luac_logge 172  [ns:756:no data in ns_q  ]
[2016/12/15 15:23:13 610][Px1747][Tx77fff700][INF] LMOD       luac_logge 172  [ns:757:conti_ns,ns_inprog =   1  ]
[2016/12/15 15:23:13 611][Px1747][Tx77fff700][DBG] LENGINE    leng_rpc.c 527  luacRPCFuncProto_Invoke() [out] ret = 0
[2016/12/15 15:23:13 611][Px1747][Tx77fff700][DBG] LENGINE    leng_main. 513  ENGINE_MSG_RPC_ASYNC
[2016/12/15 15:23:13 611][Px1747][Tx77fff700][DBG] LENGINE    leng_main. 521  [isr_local], stat = 1
[2016/12/15 15:23:13 611][Px1747][Tx77fff700][DBG] LENGINE    leng_rpc.c 413  luacRPCFuncProto_Invoke(6c027540,6426de80) [in]
[2016/12/15 15:23:13 612][Px1747][Tx77fff700][ERR] LMOD       luac_logge 166  [transport:545:MSC:[soc] [0] error 10202 101!  ]
[2016/12/15 15:23:13 612][Px1747][Tx77fff700][TRC] MSPSOCKET  MSPSocket. 1014 MSPSocket_Close(6c3f2b20) [in]
[2016/12/15 15:23:13 612][Px1747][Tx77fff700][DBG] MSPSOCKET  MSPSocket. 1034 close(c), 6c3f2b20
[2016/12/15 15:23:13 613][Px1747][Tx77fff700][TRC] MSPSOCKET  MSPSocket. 1068 MSPSocket_Close() [out] 0
[2016/12/15 15:23:13 614][Px1747][Tx77fff700][INF] LMOD       luac_logge 172  [transport:57:clear_ip ip_type =  def_athopen.xf-yun.com  ]
[2016/12/15 15:23:13 614][Px1747][Tx77fff700][WAR] LMOD       luac_logge 168  [transport:321:soc_conn_failed  ]
[2016/12/15 15:23:13 614][Px1747][Tx77fff700][DBG] LMOD       luac_logge 178  [network:88:iptoenv ,  ipcache  open.xf-yun.com  def  nil  ]
[2016/12/15 15:23:13 614][Px1747][Tx77fff700][INF] LLOADER    lloader.c  327  load dkjson
[2016/12/15 15:23:13 615][Px1747][Tx77fff700][INF] LLOADER    lloader.c  339  a intalled entry
[2016/12/15 15:23:13 615][Px1747][Tx77fff700][INF] LLOADER    lloader.c  365  from rom
[2016/12/15 15:23:13 615][Px1747][Tx77fff700][PRF] LLOADER    lloader.c  397  load dkjson cost 1 (ms)
[2016/12/15 15:23:13 616][Px1747][Tx77fff700][INF] LMOD       luac_logge 172  [transport:390:switch 80  ]
[2016/12/15 15:23:13 616][Px1747][Tx77fff700][TRC] LENGINE    leng_shell 109  lEngine_Start(6c0639d8,6c0639d8,0,) [in]
[2016/12/15 15:23:13 617][Px1747][Tx77fff700][TRC] LENGINE    leng_shell 351  lEngine_PostMessage(6c3fc3c0,1,2,) [in]
[2016/12/15 15:23:13 617][Px1747][Tx77fff700][DBG] MSPTHREAD  MSPThreadP 733  POST l_engine_1:10:1:1
[2016/12/15 15:23:13 617][Px1747][Tx7cc6e700][DBG] LENGINE    leng_main. 513  ENGINE_MSG_RPC_ASYNC
[2016/12/15 15:23:13 618][Px1747][Tx7cc6e700][DBG] LENGINE    leng_main. 521  [waiter], stat = 1
[2016/12/15 15:23:13 618][Px1747][Tx7cc6e700][DBG] LENGINE    leng_rpc.c 413  luacRPCFuncProto_Invoke(6c3fd0b0,6c3fc3c0) [in]
[2016/12/15 15:23:13 618][Px1747][Tx77fff700][TRC] LENGINE    leng_shell 374  lEngine_PostMessage() [out] 0
[2016/12/15 15:23:13 619][Px1747][Tx7cc6e700][INF] LMOD       luac_logge 172  [network:380:redns  def  open.xf-yun.com  ]
[2016/12/15 15:23:13 619][Px1747][Tx7cc6e700][TRC] MSPADNS    MSPAsyncDn 268  MSPAsyncDns_Start() [in]
[2016/12/15 15:23:13 619][Px1747][Tx7d46f700][DBG] MSPADNS    MSPAsyncDn 184  gethostbyname(open.xf-yun.com) start [id=1879140392]
[2016/12/15 15:23:13 620][Px1747][Tx7d46f700][ERR] MSPADNS    MSPAsyncDn 211  gethostbyname(open.xf-yun.com) failed: Temporary failure in name resolution [id=1879140392]
[2016/12/15 15:23:13 620][Px1747][Tx7d46f700][DBG] MSPTHREAD  MSPThreadP 733  POST l_engine_1:10:1:0
[2016/12/15 15:23:13 620][Px1747][Tx77fff700][TRC] LMOD       luac_logge 170  [transport:1198:[soc] disconnect   ]
[2016/12/15 15:23:13 620][Px1747][Tx7cc6e700][INF] LMOD       luac_logge 172  [waiter:196:last gc at  1481844193  ]
[2016/12/15 15:23:13 621][Px1747][Tx7cc6e700][DBG] LENGINE    leng_rpc.c 527  luacRPCFuncProto_Invoke() [out] ret = 0
[2016/12/15 15:23:13 621][Px1747][Tx7cc6e700][DBG] LENGINE    leng_main. 513  ENGINE_MSG_RPC_ASYNC
[2016/12/15 15:23:13 621][Px1747][Tx7cc6e700][DBG] LENGINE    leng_main. 521  [waiter], stat = 1
[2016/12/15 15:23:13 622][Px1747][Tx7cc6e700][DBG] LENGINE    leng_rpc.c 413  luacRPCFuncProto_Invoke(54002ef0,6c3fc3c0) [in]
[2016/12/15 15:23:13 622][Px1747][Tx77fff700][DBG] LENGINE    leng_rpc.c 527  luacRPCFuncProto_Invoke() [out] ret = 0
[2016/12/15 15:23:13 622][Px1747][Tx7cc6e700][INF] LMOD       luac_logge 172  [network:173:dns resp  10214  ]
[2016/12/15 15:23:13 624][Px1747][Tx7cc6e700][INF] LMOD       luac_logge 172  [network:397:redns dns resp  nil  10214  nil  nil  ]
[2016/12/15 15:23:13 625][Px1747][Tx7cc6e700][DBG] LENGINE    leng_rpc.c 527  luacRPCFuncProto_Invoke() [out] ret = 0
[2016/12/15 15:23:13 684][Px1747][Tx7f39e700][TRC] QISR       qisr.c     269  QISRSessionEnd(94b020,4054ff) [in]
[2016/12/15 15:23:13 685][Px1747][Tx7f39e700][TRC] QISR       qisr.c     275  warning:(94b020) will be free!
[2016/12/15 15:23:13 685][Px1747][Tx7f39e700][TRC] LENGINE    leng_shell 385  lEngine_SendMessage(94b860,4,1,,,) [in]
[2016/12/15 15:23:13 685][Px1747][Tx7f39e700][DBG] MSPTHREAD  MSPThreadP 733  POST l_engine_3:11:1:1
[2016/12/15 15:23:13 686][Px1747][Tx777fe700][DBG] LENGINE    leng_main. 535  ENGINE_MSG_RPC_SYNC
[2016/12/15 15:23:13 686][Px1747][Tx777fe700][DBG] LENGINE    leng_main. 543  [cisr1PdHHBHNrqyJXZPVaad4DB2JBviknj], stat = 1
[2016/12/15 15:23:13 686][Px1747][Tx777fe700][DBG] LENGINE    leng_rpc.c 413  luacRPCFuncProto_Invoke(947c10,94b860) [in]
[2016/12/15 15:23:13 686][Px1747][Tx777fe700][TRC] LMOD       luac_logge 170  [isr:1621:ASR_MSG_SSE,   local  ]
[2016/12/15 15:23:13 687][Px1747][Tx777fe700][TRC] LMOD       luac_logge 170  [isr:1346:session_end() [in]  ]
[2016/12/15 15:23:13 688][Px1747][Tx777fe700][TRC] LMOD       luac_logge 170  [isr:1367:local_session_end() [in]  ]
[2016/12/15 15:23:13 688][Px1747][Tx777fe700][INF] LLOADER    lloader.c  327  load dkjson
[2016/12/15 15:23:13 689][Px1747][Tx777fe700][INF] LLOADER    lloader.c  339  a intalled entry
[2016/12/15 15:23:13 689][Px1747][Tx777fe700][INF] LLOADER    lloader.c  365  from rom
[2016/12/15 15:23:13 689][Px1747][Tx777fe700][PRF] LLOADER    lloader.c  397  load dkjson cost 1 (ms)
[2016/12/15 15:23:13 689][Px1747][Tx777fe700][INF] LLOADER    lloader.c  327  load debug
[2016/12/15 15:23:13 690][Px1747][Tx777fe700][INF] LLOADER    lloader.c  339  a intalled entry
[2016/12/15 15:23:13 690][Px1747][Tx777fe700][INF] LLOADER    lloader.c  365  from rom
[2016/12/15 15:23:13 690][Px1747][Tx777fe700][PRF] LLOADER    lloader.c  397  load debug cost 1 (ms)
[2016/12/15 15:23:13 690][Px1747][Tx777fe700][TRC] LMOD       luac_logge 170  [isr:1404:ASR_LOCAL_MSG_SSE net_type  nil  ]
[2016/12/15 15:23:13 690][Px1747][Tx777fe700][TRC] LENGINE    leng_shell 351  lEngine_PostMessage(6426de80,304,3,) [in]
[2016/12/15 15:23:13 691][Px1747][Tx777fe700][DBG] MSPTHREAD  MSPThreadP 733  POST l_engine_2:10:1:1
[2016/12/15 15:23:13 691][Px1747][Tx777fe700][TRC] LENGINE    leng_shell 374  lEngine_PostMessage() [out] 0
[2016/12/15 15:23:13 691][Px1747][Tx777fe700][DBG] LENGINE    leng_rpc.c 527  luacRPCFuncProto_Invoke() [out] ret = 0
[2016/12/15 15:23:13 692][Px1747][Tx7f39e700][TRC] LENGINE    leng_shell 428  lEngine_SendMessage() [out] 0
[2016/12/15 15:23:13 692][Px1747][Tx7f39e700][TRC] LENGINE    leng_shell 281  lEngine_Stop(94b860) [in]
[2016/12/15 15:23:13 692][Px1747][Tx7f39e700][DBG] MSPTHREAD  MSPThreadP 733  POST l_engine_3:7:1:1
[2016/12/15 15:23:13 692][Px1747][Tx777fe700][DBG] LENGINE    leng_main. 582  ENGINE_MSG_UNLOAD
[2016/12/15 15:23:13 692][Px1747][Tx777fe700][DBG] LENGINE    leng_rpc.c 413  luacRPCFuncProto_Invoke(642a58e0,94b860) [in]
[2016/12/15 15:23:13 693][Px1747][Tx77fff700][DBG] LENGINE    leng_main. 513  ENGINE_MSG_RPC_ASYNC
[2016/12/15 15:23:13 693][Px1747][Tx777fe700][TRC] LMOD       luac_logge 170  [isr:1649:isr unload!  ]
[2016/12/15 15:23:13 693][Px1747][Tx777fe700][TRC] LENGINE    leng_shell 512  lEngine_Exit(94b860) [in]
[2016/12/15 15:23:13 693][Px1747][Tx777fe700][DBG] LENGINE    leng_shell 516  [cisr1PdHHBHNrqyJXZPVaad4DB2JBviknj] dying...
[2016/12/15 15:23:13 694][Px1747][Tx777fe700][DBG] MSPTHREAD  MSPThreadP 733  POST l_engine_3:9:1:0
[2016/12/15 15:23:13 694][Px1747][Tx777fe700][TRC] LENGINE    leng_shell 549  lEngine_Exit() [out] 0
[2016/12/15 15:23:13 694][Px1747][Tx777fe700][DBG] LENGINE    leng_rpc.c 527  luacRPCFuncProto_Invoke() [out] ret = 0
[2016/12/15 15:23:13 694][Px1747][Tx777fe700][DBG] LENGINE    leng_main. 619  [cisr1PdHHBHNrqyJXZPVaad4DB2JBviknj] active, go bg!
[2016/12/15 15:23:13 694][Px1747][Tx777fe700][DBG] LENGINE    leng_main. 647  ENGINE_MSG_STOP
[2016/12/15 15:23:13 694][Px1747][Tx777fe700][DBG] LENGINE    leng_main. 667  [cisr1PdHHBHNrqyJXZPVaad4DB2JBviknj] bg, unload directly!
[2016/12/15 15:23:13 694][Px1747][Tx777fe700][INF] LENGINE    leng_main. 672  l_engine_3 occupancy: 0 (0%)
[2016/12/15 15:23:13 695][Px1747][Tx777fe700][TRC] AUDIOCODEC audio_code 651  audioEncoder_Release() [in]
[2016/12/15 15:23:13 695][Px1747][Tx777fe700][DBG] MSPTHREAD  MSPThreadP 733  POST audioEncoder:5:1:1
[2016/12/15 15:23:13 695][Px1747][Tx777fe700][DBG] MSPTHREAD  MSPThreadP 733  POST audioEncoder:2:1:0
[2016/12/15 15:23:13 695][Px1747][Tx767fc700][TRC] AUDIOCODEC audio_code 367  EXIT
[2016/12/15 15:23:13 696][Px1747][Tx767fc700][DBG] MSPTHREAD  MSPThreadP 871  grmWorker_build END <audioEncoder>
[2016/12/15 15:23:13 696][Px1747][Tx767fc700][DBG] MSPTHREAD  MSPThreadP 894  grmWorker_build IDLE
[2016/12/15 15:23:13 696][Px1747][Tx7f39e700][TRC] LENGINE    leng_shell 340  lEngine_Stop() [out] 0
[2016/12/15 15:23:13 696][Px1747][Tx7f39e700][TRC] QISR       qisr.c     292  QISRSessionEnd() [out]
[2016/12/15 15:23:13 697][Px1747][Tx77fff700][DBG] LENGINE    leng_main. 521  [isr_local], stat = 1
[2016/12/15 15:23:13 697][Px1747][Tx77fff700][DBG] LENGINE    leng_rpc.c 413  luacRPCFuncProto_Invoke(642a2f80,6426de80) [in]
[2016/12/15 15:23:13 697][Px1747][Tx77fff700][TRC] LMOD       luac_logge 170  [isr_local:2117:ASR_LOCAL_MSG_SSE  ]
[2016/12/15 15:23:13 698][Px1747][Tx77fff700][TRC] LENGINE    aitalk.c   561  Esr_Stop(6c02d580) [in]
[2016/12/15 15:23:13 698][Px1747][Tx77fff700][TRC] LENGINE    aitalk.c   582  Esr_Stop(0) [out]
[2016/12/15 15:23:13 698][Px1747][Tx77fff700][TRC] LMOD       luac_logge 170  [isr_local:1496:esr_session_end | esr_obj:stop ret =  0  ]
[2016/12/15 15:23:13 698][Px1747][Tx77fff700][TRC] MSPCMN     msp_cmn.c  827  statusCbStub(,,param_num = 5)
[2016/12/15 15:23:13 698][Px1747][Tx77fff700][PRF] LENGINE    leng_main. 189  callc(msp_status_cb) cost 0 ms
[2016/12/15 15:23:13 699][Px1747][Tx77fff700][TRC] LMOD       luac_logge 170  [isr_local:2119:esr_session_end, ret =  0  ]
[2016/12/15 15:23:13 699][Px1747][Tx77fff700][INF] LLOADER    lloader.c  327  load dkjson
[2016/12/15 15:23:13 699][Px1747][Tx77fff700][INF] LLOADER    lloader.c  339  a intalled entry
[2016/12/15 15:23:13 699][Px1747][Tx77fff700][INF] LLOADER    lloader.c  365  from rom
[2016/12/15 15:23:13 700][Px1747][Tx77fff700][PRF] LLOADER    lloader.c  397  load dkjson cost 1 (ms)
[2016/12/15 15:23:13 700][Px1747][Tx77fff700][TRC] LENGINE    leng_shell 109  lEngine_Start(6c029968,6c029968,0,) [in]
[2016/12/15 15:23:13 701][Px1747][Tx77fff700][INF] LLOADER    lloader.c  327  load sessinfo_local
[2016/12/15 15:23:13 701][Px1747][Tx77fff700][INF] LLOADER    lloader.c  339  a intalled entry
[2016/12/15 15:23:13 701][Px1747][Tx77fff700][INF] LLOADER    lloader.c  365  from rom
[2016/12/15 15:23:13 701][Px1747][Tx77fff700][PRF] LLOADER    lloader.c  397  load sessinfo_local cost 1 (ms)
[2016/12/15 15:23:13 702][Px1747][Tx77fff700][DBG] LENGINE    leng_shell 193  env=6c3ebe20,sessinfo_local,sessinfo_local
[2016/12/15 15:23:13 702][Px1747][Tx77fff700][DBG] MSPTHREAD  MSPThreadP 733  POST l_engine_3:6:1:1
[2016/12/15 15:23:13 702][Px1747][Tx777fe700][DBG] LENGINE    leng_main. 561  ENGINE_MSG_LOAD
[2016/12/15 15:23:13 702][Px1747][Tx777fe700][DBG] LENGINE    leng_main. 209  lEngine_LoadEnv(7f1963a0,6c3ebe20) [in]
[2016/12/15 15:23:13 703][Px1747][Tx77fff700][TRC] LENGINE    leng_shell 264  lEngine_Start() [out] 0
[2016/12/15 15:23:13 703][Px1747][Tx77fff700][TRC] LENGINE    leng_shell 351  lEngine_PostMessage(6c3ebe20,1,2,) [in]
[2016/12/15 15:23:13 704][Px1747][Tx777fe700][INF] LLOADER    lloader.c  327  load ecode
[2016/12/15 15:23:13 704][Px1747][Tx777fe700][INF] LLOADER    lloader.c  339  a intalled entry
[2016/12/15 15:23:13 704][Px1747][Tx777fe700][INF] LLOADER    lloader.c  365  from rom
[2016/12/15 15:23:13 704][Px1747][Tx777fe700][PRF] LLOADER    lloader.c  397  load ecode cost 1 (ms)
[2016/12/15 15:23:13 705][Px1747][Tx777fe700][INF] LLOADER    lloader.c  327  load config
[2016/12/15 15:23:13 705][Px1747][Tx777fe700][INF] LLOADER    lloader.c  339  a intalled entry
[2016/12/15 15:23:13 705][Px1747][Tx777fe700][INF] LLOADER    lloader.c  365  from rom
[2016/12/15 15:23:13 706][Px1747][Tx777fe700][PRF] LLOADER    lloader.c  397  load config cost 1 (ms)
[2016/12/15 15:23:13 706][Px1747][Tx777fe700][INF] LMOD       luac_logge 172  [config:42:use general cloud  ]
[2016/12/15 15:23:13 707][Px1747][Tx777fe700][INF] LLOADER    lloader.c  327  load debug
[2016/12/15 15:23:13 707][Px1747][Tx777fe700][INF] LLOADER    lloader.c  339  a intalled entry
[2016/12/15 15:23:13 708][Px1747][Tx777fe700][INF] LLOADER    lloader.c  365  from rom
[2016/12/15 15:23:13 708][Px1747][Tx777fe700][PRF] LLOADER    lloader.c  397  load debug cost 2 (ms)
[2016/12/15 15:23:13 708][Px1747][Tx777fe700][INF] LLOADER    lloader.c  327  load network
[2016/12/15 15:23:13 709][Px1747][Tx777fe700][INF] LLOADER    lloader.c  339  a intalled entry
[2016/12/15 15:23:13 709][Px1747][Tx777fe700][INF] LLOADER    lloader.c  365  from rom
[2016/12/15 15:23:13 710][Px1747][Tx777fe700][PRF] LLOADER    lloader.c  397  load network cost 1 (ms)
[2016/12/15 15:23:13 711][Px1747][Tx777fe700][DBG] LENGINE    leng_main. 263  precall return 0
[2016/12/15 15:23:13 711][Px1747][Tx777fe700][DBG] LENGINE    leng_main. 288  [sessinfo_local], ACTIVE
[2016/12/15 15:23:13 712][Px1747][Tx777fe700][DBG] LENGINE    leng_rpc.c 413  luacRPCFuncProto_Invoke(64297ed0,6c3ebe20) [in]
[2016/12/15 15:23:13 712][Px1747][Tx777fe700][INF] LMOD       luac_logge 172  [sessinfo_local:505:lcl sessinfo loaded!  ]
[2016/12/15 15:23:13 712][Px1747][Tx777fe700][DBG] LENGINE    leng_rpc.c 527  luacRPCFuncProto_Invoke() [out] ret = 0
[2016/12/15 15:23:13 712][Px1747][Tx777fe700][DBG] LENGINE    leng_main. 312  [sessinfo_local], loaded
[2016/12/15 15:23:13 712][Px1747][Tx777fe700][DBG] LENGINE    leng_rpc.c 413  luacRPCFuncProto_Invoke(642980d0,6c3ebe20) [in]
[2016/12/15 15:23:13 713][Px1747][Tx777fe700][DBG] LENGINE    leng_rpc.c 527  luacRPCFuncProto_Invoke() [out] ret = 0
[2016/12/15 15:23:13 713][Px1747][Tx777fe700][DBG] LENGINE    leng_main. 345  lEngine_LoadEnv() [out] successfully
[2016/12/15 15:23:13 714][Px1747][Tx777fe700][DBG] LENGINE    leng_main. 567  sessinfo_local, eng = l_engine_3, env = 6c3ebe20, L = 6c0027a0
[2016/12/15 15:23:13 714][Px1747][Tx777fe700][INF] LENGINE    leng_main. 568  l_engine_3 occupancy: 1 (33%)
[2016/12/15 15:23:13 715][Px1747][Tx77fff700][DBG] MSPTHREAD  MSPThreadP 733  POST l_engine_3:10:1:0
[2016/12/15 15:23:13 715][Px1747][Tx777fe700][DBG] LENGINE    leng_main. 513  ENGINE_MSG_RPC_ASYNC
[2016/12/15 15:23:13 715][Px1747][Tx777fe700][DBG] LENGINE    leng_main. 521  [sessinfo_local], stat = 1
[2016/12/15 15:23:13 716][Px1747][Tx777fe700][DBG] LENGINE    leng_rpc.c 413  luacRPCFuncProto_Invoke(6c3f85b0,6c3ebe20) [in]
[2016/12/15 15:23:13 716][Px1747][Tx777fe700][TRC] LMOD       luac_logge 170  [sessinfo_local:526:LOCALSESSION_MSG_CMD  ]
[2016/12/15 15:23:13 717][Px1747][Tx777fe700][TRC] LMOD       luac_logge 170  [sessinfo_local:537:net_type =  nil  flower_mode =  realtime  ]
[2016/12/15 15:23:13 717][Px1747][Tx777fe700][TRC] LMOD       luac_logge 170  [sessinfo_local:378:send_sessifo start  ]
[2016/12/15 15:23:13 717][Px1747][Tx77fff700][TRC] LENGINE    leng_shell 374  lEngine_PostMessage() [out] 0
[2016/12/15 15:23:13 718][Px1747][Tx777fe700][TRC] LMOD       luac_logge 170  [sessinfo_local:386:plog_fsize  0  ]
[2016/12/15 15:23:13 719][Px1747][Tx777fe700][TRC] LMOD       luac_logge 170  [sessinfo_local:129:get_send_data  ]
[2016/12/15 15:23:13 719][Px1747][Tx77fff700][INF] LMOD       luac_logge 172  [isr_local:2242:last gc at  1481844179  ]
[2016/12/15 15:23:13 719][Px1747][Tx777fe700][INF] LLOADER    lloader.c  327  load dkjson
[2016/12/15 15:23:13 719][Px1747][Tx777fe700][INF] LLOADER    lloader.c  339  a intalled entry
[2016/12/15 15:23:13 720][Px1747][Tx777fe700][INF] LLOADER    lloader.c  365  from rom
[2016/12/15 15:23:13 720][Px1747][Tx777fe700][PRF] LLOADER    lloader.c  397  load dkjson cost 1 (ms)
[2016/12/15 15:23:13 720][Px1747][Tx77fff700][DBG] LENGINE    leng_rpc.c 527  luacRPCFuncProto_Invoke() [out] ret = 0
[2016/12/15 15:23:13 721][Px1747][Tx777fe700][INF] LMOD       luac_logge 172  [sessinfo_local:459:original_data_len  1023  ]
[2016/12/15 15:23:13 722][Px1747][Tx777fe700][DBG] MSPTHREAD  MSPThreadP 733  POST grmWorker_build:1:1:1
[2016/12/15 15:23:13 727][Px1747][Tx767fc700][DBG] MSPTHREAD  MSPThreadP 867  grmWorker_build RUN <zlibCoder>
[2016/12/15 15:23:13 727][Px1747][Tx777fe700][TRC] LMOD       luac_logge 170  [sessinfo_local:482:new encoder success  ]
[2016/12/15 15:23:13 727][Px1747][Tx777fe700][DBG] MSPTHREAD  MSPThreadP 733  POST zlibCoder:6:1:1
[2016/12/15 15:23:13 728][Px1747][Tx767fc700][TRC] LENGINE    luac_zlib. 510  zlib compressedDataSize = 1024
[2016/12/15 15:23:13 728][Px1747][Tx767fc700][PRF] LENGINE    luac_zlib. 521  zlib encode cost 0(ms)
[2016/12/15 15:23:13 728][Px1747][Tx767fc700][DBG] MSPTHREAD  MSPThreadP 733  POST l_engine_3:10:1:0
[2016/12/15 15:23:13 729][Px1747][Tx777fe700][DBG] LENGINE    leng_rpc.c 527  luacRPCFuncProto_Invoke() [out] ret = 0
[2016/12/15 15:23:13 729][Px1747][Tx777fe700][DBG] LENGINE    leng_main. 513  ENGINE_MSG_RPC_ASYNC
[2016/12/15 15:23:13 730][Px1747][Tx777fe700][DBG] LENGINE    leng_main. 521  [sessinfo_local], stat = 1
[2016/12/15 15:23:13 731][Px1747][Tx777fe700][DBG] LENGINE    leng_rpc.c 413  luacRPCFuncProto_Invoke(5c000ce0,6c3ebe20) [in]
[2016/12/15 15:23:13 731][Px1747][Tx777fe700][TRC] LENGINE    luac_zlib. 229  zlib_coder_release() [in]
[2016/12/15 15:23:13 731][Px1747][Tx777fe700][DBG] MSPTHREAD  MSPThreadP 733  POST zlibCoder:5:1:1
[2016/12/15 15:23:13 731][Px1747][Tx767fc700][TRC] LENGINE    luac_zlib. 593  zlib exit
[2016/12/15 15:23:13 732][Px1747][Tx767fc700][DBG] MSPTHREAD  MSPThreadP 871  grmWorker_build END <zlibCoder>
[2016/12/15 15:23:13 732][Px1747][Tx777fe700][DBG] MSPTHREAD  MSPThreadP 733  POST zlibCoder:2:1:0
[2016/12/15 15:23:13 732][Px1747][Tx767fc700][DBG] MSPTHREAD  MSPThreadP 894  grmWorker_build IDLE
[2016/12/15 15:23:13 732][Px1747][Tx777fe700][TRC] LENGINE    luac_zlib. 244  zlib_coder_release() [out]
[2016/12/15 15:23:13 732][Px1747][Tx777fe700][TRC] LMOD       luac_logge 170  [sessinfo_local:465:compress success, compressed data_len:  633  ]
[2016/12/15 15:23:13 733][Px1747][Tx777fe700][TRC] LMOD       luac_logge 170  [sessinfo_local:468:data encrypt success  ]
[2016/12/15 15:23:13 733][Px1747][Tx777fe700][TRC] LMOD       luac_logge 170  [sessinfo_local:198:send_httpreq_data  ]
[2016/12/15 15:23:13 733][Px1747][Tx777fe700][INF] LMOD       luac_logge 172  [sessinfo_local:243:standard  ]
[2016/12/15 15:23:13 733][Px1747][Tx777fe700][DBG] LMOD       luac_logge 178  [sessinfo_local:296:POST /scs?cmd=statsdklog&logver=1.1.3&size=1023&gzip=0 HTTP/1.1
Host: scs.openspeech.cn
Connection: Keep-Alive
Content-Type: application/x-gzip;charset=utf-8
Content-Length: 633
User-Agent: iFLYCloud
Cache-Control: no-cache
Accept: */*

}™hVÈkÑ5ãT'Zó—#t·L³®!S¯¤GU|fbžç=¬èi¾_ó=uçBëÙ.ÄÞ±¹bVP‡žâòžêžô(¿Dö(çÈÈÚh”Û±	ÈT¨pÝ'ô‡òdÌQÂ°ÌUK‹kok¨œQP&×s¹ŒÀAÔÕO©×L¢Î†ÜÁWŸO}&]?Ü50´‹·Aõ3>“én6éåÁ”á_¶˜ØzøøâÂèØª*rš;Úxº¸úó6tÂL)TSe\BŒþÍ1d#SejÇrjƒ‰|†P3@¢·§£Œ>9òûÂèæzßFG¶¹aÀÝ£*­¬PÔñdÊ>Bú˜WÃoòT<BOÙD'•[U¦Ø~¨ÈªýS4‰pÞÅ¹ÄeÃù¬‹+â¡FvC3oŒ!01ÍâøkV¦‚H‘É6jŒ»MÎã&¹XõÎ¿kvÌ±¨MØw“N§\&
ªa˜*¾Ö¤i©|+î  ]
[2016/12/15 15:23:13 734][Px1747][Tx777fe700][INF] LMOD       luac_logge 172  [network:312:gethttpresp  http://scs.openspeech.cn:80/scs?cmd=statsdklog&logver=1.1.3&size=1023&gzip=0  ]
[2016/12/15 15:23:13 734][Px1747][Tx777fe700][TRC] MSPADNS    MSPAsyncDn 268  MSPAsyncDns_Start() [in]
[2016/12/15 15:23:13 734][Px1747][Tx7d46f700][DBG] MSPADNS    MSPAsyncDn 184  gethostbyname(scs.openspeech.cn) start [id=1677774712]
[2016/12/15 15:23:13 735][Px1747][Tx7d46f700][ERR] MSPADNS    MSPAsyncDn 211  gethostbyname(scs.openspeech.cn) failed: Temporary failure in name resolution [id=1677774712]
[2016/12/15 15:23:13 735][Px1747][Tx7d46f700][DBG] MSPTHREAD  MSPThreadP 733  POST l_engine_3:10:1:0
[2016/12/15 15:23:13 735][Px1747][Tx777fe700][DBG] LENGINE    leng_rpc.c 527  luacRPCFuncProto_Invoke() [out] ret = 0
[2016/12/15 15:23:13 735][Px1747][Tx777fe700][DBG] LENGINE    leng_main. 513  ENGINE_MSG_RPC_ASYNC
[2016/12/15 15:23:13 736][Px1747][Tx777fe700][DBG] LENGINE    leng_main. 521  [sessinfo_local], stat = 1
[2016/12/15 15:23:13 737][Px1747][Tx777fe700][DBG] LENGINE    leng_rpc.c 413  luacRPCFuncProto_Invoke(54002b10,6c3ebe20) [in]
[2016/12/15 15:23:13 737][Px1747][Tx777fe700][INF] LMOD       luac_logge 172  [network:173:dns resp  10214  ]
[2016/12/15 15:23:13 737][Px1747][Tx777fe700][INF] LMOD       luac_logge 172  [network:322:dns failed, err =   10214  ]
[2016/12/15 15:23:13 738][Px1747][Tx777fe700][TRC] LMOD       luac_logge 170  [sessinfo_local:341:perflog http resp  nil  10214  nil  ]
[2016/12/15 15:23:13 738][Px1747][Tx777fe700][TRC] LMOD       luac_logge 170  [sessinfo_local:370:upload session info failed, errcode =  10214  ]
[2016/12/15 15:23:13 738][Px1747][Tx777fe700][TRC] LMOD       luac_logge 170  [sessinfo_local:181:remain_trytime  1  ]
[2016/12/15 15:23:13 739][Px1747][Tx777fe700][TRC] LMOD       luac_logge 170  [sessinfo_local:198:send_httpreq_data  ]
[2016/12/15 15:23:13 739][Px1747][Tx777fe700][INF] LMOD       luac_logge 172  [sessinfo_local:243:standard  ]
[2016/12/15 15:23:13 740][Px1747][Tx777fe700][DBG] LMOD       luac_logge 178  [sessinfo_local:296:POST /scs?cmd=statsdklog&logver=1.1.3&size=1023&gzip=0 HTTP/1.1
Host: scs.openspeech.cn
Connection: Keep-Alive
Content-Type: application/x-gzip;charset=utf-8
Content-Length: 633
User-Agent: iFLYCloud
Cache-Control: no-cache
Accept: */*

}™hVÈkÑ5ãT'Zó—#t·L³®!S¯¤GU|fbžç=¬èi¾_ó=uçBëÙ.ÄÞ±¹bVP‡žâòžêžô(¿Dö(çÈÈÚh”Û±	ÈT¨pÝ'ô‡òdÌQÂ°ÌUK‹kok¨œQP&×s¹ŒÀAÔÕO©×L¢Î†ÜÁWŸO}&]?Ü50´‹·Aõ3>“én6éåÁ”á_¶˜ØzøøâÂèØª*rš;Úxº¸úó6tÂL)TSe\BŒþÍ1d#SejÇrjƒ‰|†P3@¢·§£Œ>9òûÂèæzßFG¶¹aÀÝ£*­¬PÔñdÊ>Bú˜WÃoòT<BOÙD'•[U¦Ø~¨ÈªýS4‰pÞÅ¹ÄeÃù¬‹+â¡FvC3oŒ!01ÍâøkV¦‚H‘É6jŒ»MÎã&¹XõÎ¿kvÌ±¨MØw“N§\&
ªa˜*¾Ö¤i©|+î  ]
[2016/12/15 15:23:13 740][Px1747][Tx777fe700][INF] LMOD       luac_logge 172  [network:312:gethttpresp  http://scs.openspeech.cn:80/scs?cmd=statsdklog&logver=1.1.3&size=1023&gzip=0  ]
[2016/12/15 15:23:13 740][Px1747][Tx777fe700][TRC] MSPADNS    MSPAsyncDn 268  MSPAsyncDns_Start() [in]
[2016/12/15 15:23:13 740][Px1747][Tx7d46f700][DBG] MSPADNS    MSPAsyncDn 184  gethostbyname(scs.openspeech.cn) start [id=1677734648]
[2016/12/15 15:23:13 741][Px1747][Tx7d46f700][ERR] MSPADNS    MSPAsyncDn 211  gethostbyname(scs.openspeech.cn) failed: Temporary failure in name resolution [id=1677734648]
[2016/12/15 15:23:13 741][Px1747][Tx7d46f700][DBG] MSPTHREAD  MSPThreadP 733  POST l_engine_3:10:1:0
[2016/12/15 15:23:13 741][Px1747][Tx777fe700][DBG] LENGINE    leng_rpc.c 527  luacRPCFuncProto_Invoke() [out] ret = 0
[2016/12/15 15:23:13 741][Px1747][Tx777fe700][DBG] LENGINE    leng_main. 513  ENGINE_MSG_RPC_ASYNC
[2016/12/15 15:23:13 742][Px1747][Tx777fe700][DBG] LENGINE    leng_main. 521  [sessinfo_local], stat = 1
[2016/12/15 15:23:13 742][Px1747][Tx777fe700][DBG] LENGINE    leng_rpc.c 413  luacRPCFuncProto_Invoke(54002d10,6c3ebe20) [in]
[2016/12/15 15:23:13 742][Px1747][Tx777fe700][INF] LMOD       luac_logge 172  [network:173:dns resp  10214  ]
[2016/12/15 15:23:13 742][Px1747][Tx777fe700][INF] LMOD       luac_logge 172  [network:322:dns failed, err =   10214  ]
[2016/12/15 15:23:13 743][Px1747][Tx777fe700][TRC] LMOD       luac_logge 170  [sessinfo_local:341:perflog http resp  nil  10214  nil  ]
[2016/12/15 15:23:13 743][Px1747][Tx777fe700][TRC] LMOD       luac_logge 170  [sessinfo_local:370:upload session info failed, errcode =  10214  ]
[2016/12/15 15:23:13 743][Px1747][Tx777fe700][TRC] LMOD       luac_logge 170  [sessinfo_local:181:remain_trytime  0  ]
[2016/12/15 15:23:13 743][Px1747][Tx777fe700][TRC] LMOD       luac_logge 170  [sessinfo_local:171:save no upload data  ]
[2016/12/15 15:23:13 744][Px1747][Tx777fe700][TRC] LENGINE    leng_shell 109  lEngine_Start(6428ff98,6428ff98,0,) [in]
[2016/12/15 15:23:13 744][Px1747][Tx777fe700][TRC] LENGINE    leng_shell 351  lEngine_PostMessage(6c3fc3c0,500,0,) [in]
[2016/12/15 15:23:13 744][Px1747][Tx777fe700][DBG] MSPTHREAD  MSPThreadP 733  POST l_engine_1:10:1:1
[2016/12/15 15:23:13 744][Px1747][Tx7cc6e700][DBG] LENGINE    leng_main. 513  ENGINE_MSG_RPC_ASYNC
[2016/12/15 15:23:13 745][Px1747][Tx7cc6e700][DBG] LENGINE    leng_main. 521  [waiter], stat = 1
[2016/12/15 15:23:13 745][Px1747][Tx7cc6e700][DBG] LENGINE    leng_rpc.c 413  luacRPCFuncProto_Invoke(64001f60,6c3fc3c0) [in]
[2016/12/15 15:23:13 745][Px1747][Tx777fe700][TRC] LENGINE    leng_shell 374  lEngine_PostMessage() [out] 0
[2016/12/15 15:23:13 746][Px1747][Tx7cc6e700][TRC] LMOD       luac_logge 170  [waiter:183:start upload timer  ]
[2016/12/15 15:23:13 746][Px1747][Tx777fe700][TRC] LENGINE    leng_shell 512  lEngine_Exit(6c3ebe20) [in]
[2016/12/15 15:23:13 746][Px1747][Tx7cc6e700][TRC] LMOD       luac_logge 170  [waiter:184:false  ]
[2016/12/15 15:23:13 747][Px1747][Tx777fe700][DBG] LENGINE    leng_shell 516  [sessinfo_local] dying...
[2016/12/15 15:23:13 747][Px1747][Tx7cc6e700][INF] LMOD       luac_logge 172  [waiter:196:last gc at  1481844193  ]
[2016/12/15 15:23:13 747][Px1747][Tx7cc6e700][DBG] LENGINE    leng_rpc.c 527  luacRPCFuncProto_Invoke() [out] ret = 0
[2016/12/15 15:23:13 748][Px1747][Tx777fe700][DBG] MSPTHREAD  MSPThreadP 733  POST l_engine_3:9:1:0
[2016/12/15 15:23:13 748][Px1747][Tx758c3700][DBG] MSPTHREAD  MSPThreadP 733  POST l_engine_2:10:1:1
[2016/12/15 15:23:13 749][Px1747][Tx77fff700][DBG] LENGINE    leng_main. 513  ENGINE_MSG_RPC_ASYNC
[2016/12/15 15:23:13 749][Px1747][Tx77fff700][DBG] LENGINE    leng_main. 521  [isr_local], stat = 1
[2016/12/15 15:23:13 749][Px1747][Tx77fff700][DBG] LENGINE    leng_rpc.c 413  luacRPCFuncProto_Invoke(600008e0,6426de80) [in]
[2016/12/15 15:23:13 749][Px1747][Tx777fe700][TRC] LENGINE    leng_shell 549  lEngine_Exit() [out] 0
[2016/12/15 15:23:13 750][Px1747][Tx777fe700][DBG] LENGINE    leng_rpc.c 527  luacRPCFuncProto_Invoke() [out] ret = 0
[2016/12/15 15:23:13 750][Px1747][Tx777fe700][DBG] LENGINE    leng_main. 647  ENGINE_MSG_STOP
[2016/12/15 15:23:13 750][Px1747][Tx777fe700][DBG] LENGINE    leng_main. 667  [sessinfo_local] bg, unload directly!
[2016/12/15 15:23:13 750][Px1747][Tx777fe700][INF] LENGINE    leng_main. 672  l_engine_3 occupancy: 0 (0%)
[2016/12/15 15:23:13 750][Px1747][Tx777fe700][TRC] LENGINE    luac_zlib. 244  zlib_coder_release() [out]
[2016/12/15 15:23:13 751][Px1747][Tx77fff700][TRC] LMOD       luac_logge 170  [isr_local:638:local engine already stopped! stop cmd ignored  ]
[2016/12/15 15:23:13 751][Px1747][Tx77fff700][DBG] LENGINE    leng_rpc.c 527  luacRPCFuncProto_Invoke() [out] ret = 0
[2016/12/15 15:23:13 820][Px1747][Tx77fff700][DBG] LENGINE    leng_rpc.c 413  luacRPCFuncProto_Invoke(6c05efa0,6426de80) [in]
[2016/12/15 15:23:13 821][Px1747][Tx77fff700][INF] LMOD       luac_logge 172  [transport:959:session.domain=  open.xf-yun.com  ]
[2016/12/15 15:23:13 821][Px1747][Tx77fff700][INF] LMOD       luac_logge 172  [transport:960:url.host=  open.xf-yun.com  ]
[2016/12/15 15:23:13 822][Px1747][Tx77fff700][INF] LLOADER    lloader.c  327  load dkjson
[2016/12/15 15:23:13 822][Px1747][Tx77fff700][INF] LLOADER    lloader.c  339  a intalled entry
[2016/12/15 15:23:13 822][Px1747][Tx77fff700][INF] LLOADER    lloader.c  365  from rom
[2016/12/15 15:23:13 822][Px1747][Tx77fff700][PRF] LLOADER    lloader.c  397  load dkjson cost 1 (ms)
[2016/12/15 15:23:13 823][Px1747][Tx77fff700][DBG] LMOD       luac_logge 178  [network:83:ipfromenv ,  ipcache  open.xf-yun.com  def  nil  ]
[2016/12/15 15:23:13 823][Px1747][Tx77fff700][TRC] LMOD       luac_logge 170  [transport:994:NAMESERVER START  ]
[2016/12/15 15:23:13 824][Px1747][Tx77fff700][INF] LMOD       luac_logge 172  [transport:997:name =   ath  ]
[2016/12/15 15:23:13 824][Px1747][Tx77fff700][INF] LMOD       luac_logge 172  [ns:727:ntt=  standard  ]
[2016/12/15 15:23:13 824][Px1747][Tx77fff700][INF] LMOD       luac_logge 172  [transport:1000:trans,ns_inprog =  0  ]
[2016/12/15 15:23:13 825][Px1747][Tx77fff700][TRC] LMOD       luac_logge 170  [ns:682:name server start  ]
[2016/12/15 15:23:13 825][Px1747][Tx77fff700][INF] LMOD       luac_logge 172  [ns:683:ns_sub =   ath  ]
[2016/12/15 15:23:13 825][Px1747][Tx77fff700][INF] LMOD       luac_logge 172  [ns:685:ns_host=  open.xf-yun.com  ]
[2016/12/15 15:23:13 826][Px1747][Tx77fff700][INF] LMOD       luac_logge 172  [ns:403:ns_host=  open.xf-yun.com  ]
[2016/12/15 15:23:13 826][Px1747][Tx77fff700][DBG] LMOD       luac_logge 178  [ns:662:GET /sip/resolver?srand=1215152311.32 HTTP/1.1
Host: hdns.openspeech.cn
Connection: Keep-Alive
X-Par: ver=1.2&appid=583467f7&operator=UNKNOW&nettype=STANDARD&cver=5.0.27.1135&svc=ath&host=open.xf-yun.com&sign=35d8de5920788f2239e6c003e0791a01
User-Agent: iFLYCloud

  ]
[2016/12/15 15:23:13 827][Px1747][Tx77fff700][INF] LMOD       luac_logge 172  [ns:663:net_type =  standard  ]
[2016/12/15 15:23:13 827][Px1747][Tx77fff700][INF] LMOD       luac_logge 172  [ns:664:cmwapascmnet =  ]
[2016/12/15 15:23:13 827][Px1747][Tx77fff700][INF] LMOD       luac_logge 172  [ns:665:uniwapasuninet =  ]
[2016/12/15 15:23:13 828][Px1747][Tx77fff700][INF] LMOD       luac_logge 172  [ns:666:ctwapasctnet =  ]
[2016/12/15 15:23:13 828][Px1747][Tx77fff700][INF] LMOD       luac_logge 172  [ns:676:host=  hdns.openspeech.cn  ]
[2016/12/15 15:23:13 828][Px1747][Tx77fff700][TRC] MSPADNS    MSPAsyncDn 268  MSPAsyncDns_Start() [in]
[2016/12/15 15:23:13 829][Px1747][Tx7d46f700][DBG] MSPADNS    MSPAsyncDn 184  gethostbyname(hdns.openspeech.cn) start [id=1812508152]
[2016/12/15 15:23:13 829][Px1747][Tx7d46f700][ERR] MSPADNS    MSPAsyncDn 211  gethostbyname(hdns.openspeech.cn) failed: Temporary failure in name resolution [id=1812508152]
[2016/12/15 15:23:13 829][Px1747][Tx7d46f700][DBG] MSPTHREAD  MSPThreadP 733  POST l_engine_2:10:1:1
[2016/12/15 15:23:13 829][Px1747][Tx77fff700][TRC] MSPADNS    MSPAsyncDn 268  MSPAsyncDns_Start() [in]
[2016/12/15 15:23:13 829][Px1747][Tx7d46f700][DBG] MSPADNS    MSPAsyncDn 184  gethostbyname(open.xf-yun.com) start [id=1816121752]
[2016/12/15 15:23:13 830][Px1747][Tx7d46f700][ERR] MSPADNS    MSPAsyncDn 211  gethostbyname(open.xf-yun.com) failed: Temporary failure in name resolution [id=1816121752]
[2016/12/15 15:23:13 830][Px1747][Tx7d46f700][DBG] MSPTHREAD  MSPThreadP 733  POST l_engine_2:10:2:0
[2016/12/15 15:23:13 830][Px1747][Tx77fff700][DBG] LENGINE    leng_rpc.c 527  luacRPCFuncProto_Invoke() [out] ret = 0
[2016/12/15 15:23:13 830][Px1747][Tx77fff700][DBG] LENGINE    leng_main. 513  ENGINE_MSG_RPC_ASYNC
[2016/12/15 15:23:13 831][Px1747][Tx77fff700][DBG] LENGINE    leng_main. 521  [isr_local], stat = 1
[2016/12/15 15:23:13 831][Px1747][Tx77fff700][DBG] LENGINE    leng_rpc.c 413  luacRPCFuncProto_Invoke(54002f10,6426de80) [in]
[2016/12/15 15:23:13 831][Px1747][Tx77fff700][INF] LMOD       luac_logge 172  [ns:290:ns dns resp  10214  ]
[2016/12/15 15:23:13 831][Px1747][Tx77fff700][INF] LMOD       luac_logge 172  [ns:564:ns dns failed, err =   10214  ]
[2016/12/15 15:23:13 832][Px1747][Tx77fff700][INF] LMOD       luac_logge 172  [ns:174:ns gethttpresp  117.121.48.5  80  ]
[2016/12/15 15:23:13 832][Px1747][Tx77fff700][TRC] MSPSOCKET  MSPSocket. 269  MSPSocket_New(1, 1) [in]
[2016/12/15 15:23:13 832][Px1747][Tx77fff700][DBG] MSPSOCKET  MSPSocket. 326  socket(2,1,) ret=7, detail=101
[2016/12/15 15:23:13 832][Px1747][Tx77fff700][TRC] MSPSOCKET  MSPSocket. 411  MSPSocket_New() [out] 6c027540 0
[2016/12/15 15:23:13 832][Px1747][Tx77fff700][TRC] MSPSOCKET  MSPSocket. 501  MSPSocket_Connect(6c027540) [in]
[2016/12/15 15:23:13 833][Px1747][Tx77fff700][DBG] MSPSOCKET  MSPSocket. 515  connect(7,117.121.48.5,) ret=-1, hd=6c027540
[2016/12/15 15:23:13 833][Px1747][Tx77fff700][ERR] MSPSOCKET  MSPSocket. 530  connect() failed! 6c027540,7,-1,101
[2016/12/15 15:23:13 833][Px1747][Tx77fff700][DBG] MSPTHREAD  MSPThreadP 733  POST l_engine_2:10:2:0
[2016/12/15 15:23:13 833][Px1747][Tx77fff700][TRC] MSPSOCKET  MSPSocket. 565  MSPSocket_Connect() [out] 10202
[2016/12/15 15:23:13 833][Px1747][Tx77fff700][DBG] LENGINE    leng_rpc.c 527  luacRPCFuncProto_Invoke() [out] ret = 0
[2016/12/15 15:23:13 833][Px1747][Tx77fff700][DBG] LENGINE    leng_main. 513  ENGINE_MSG_RPC_ASYNC
[2016/12/15 15:23:13 833][Px1747][Tx77fff700][DBG] LENGINE    leng_main. 521  [isr_local], stat = 1
[2016/12/15 15:23:13 834][Px1747][Tx77fff700][DBG] LENGINE    leng_rpc.c 413  luacRPCFuncProto_Invoke(54002dd0,6426de80) [in]
[2016/12/15 15:23:13 834][Px1747][Tx77fff700][ERR] LMOD       luac_logge 166  [transport:295:[dns] [0] failed! 10214  ]
[2016/12/15 15:23:13 835][Px1747][Tx77fff700][INF] LLOADER    lloader.c  327  load dkjson
[2016/12/15 15:23:13 835][Px1747][Tx77fff700][INF] LLOADER    lloader.c  339  a intalled entry
[2016/12/15 15:23:13 835][Px1747][Tx77fff700][INF] LLOADER    lloader.c  365  from rom
[2016/12/15 15:23:13 835][Px1747][Tx77fff700][PRF] LLOADER    lloader.c  397  load dkjson cost 1 (ms)
[2016/12/15 15:23:13 836][Px1747][Tx77fff700][DBG] LMOD       luac_logge 178  [network:83:ipfromenv ,  ipcache  open.xf-yun.com  def  nil  ]
[2016/12/15 15:23:13 836][Px1747][Tx77fff700][INF] LLOADER    lloader.c  327  load dkjson
[2016/12/15 15:23:13 836][Px1747][Tx77fff700][INF] LLOADER    lloader.c  339  a intalled entry
[2016/12/15 15:23:13 837][Px1747][Tx77fff700][INF] LLOADER    lloader.c  365  from rom
[2016/12/15 15:23:13 837][Px1747][Tx77fff700][PRF] LLOADER    lloader.c  397  load dkjson cost 1 (ms)
[2016/12/15 15:23:13 838][Px1747][Tx77fff700][DBG] LMOD       luac_logge 178  [network:83:ipfromenv ,  ipcfg  open.xf-yun.com  def  nil  ]
[2016/12/15 15:23:13 838][Px1747][Tx77fff700][TRC] LMOD       luac_logge 170  [transport:1166:[soc] connect   116.213.69.195  80  ]
[2016/12/15 15:23:13 838][Px1747][Tx77fff700][TRC] MSPSOCKET  MSPSocket. 1593 MSPSocketTCPConnPool_Query(116.213.69.195, 80) [in]
[2016/12/15 15:23:13 839][Px1747][Tx77fff700][TRC] MSPSOCKET  MSPSocket. 1618 MSPSocketTCPConnPool_Query() [out] ret=0
[2016/12/15 15:23:13 839][Px1747][Tx77fff700][INF] LMOD       luac_logge 172  [transport:1183:mspsoc.open,prot_type=  tcp  ]
[2016/12/15 15:23:13 839][Px1747][Tx77fff700][TRC] MSPSOCKET  MSPSocket. 269  MSPSocket_New(1, 1) [in]
[2016/12/15 15:23:13 840][Px1747][Tx77fff700][DBG] MSPSOCKET  MSPSocket. 326  socket(2,1,) ret=8, detail=101
[2016/12/15 15:23:13 840][Px1747][Tx77fff700][TRC] MSPSOCKET  MSPSocket. 411  MSPSocket_New() [out] 6c3fb050 0
[2016/12/15 15:23:13 840][Px1747][Tx77fff700][TRC] MSPSOCKET  MSPSocket. 501  MSPSocket_Connect(6c3fb050) [in]
[2016/12/15 15:23:13 840][Px1747][Tx77fff700][DBG] MSPSOCKET  MSPSocket. 515  connect(8,116.213.69.195,) ret=-1, hd=6c3fb050
[2016/12/15 15:23:13 841][Px1747][Tx77fff700][ERR] MSPSOCKET  MSPSocket. 530  connect() failed! 6c3fb050,8,-1,101
[2016/12/15 15:23:13 841][Px1747][Tx77fff700][DBG] MSPTHREAD  MSPThreadP 733  POST l_engine_2:10:2:0
[2016/12/15 15:23:13 841][Px1747][Tx77fff700][TRC] MSPSOCKET  MSPSocket. 565  MSPSocket_Connect() [out] 10202
[2016/12/15 15:23:13 841][Px1747][Tx77fff700][DBG] LENGINE    leng_rpc.c 527  luacRPCFuncProto_Invoke() [out] ret = 0
[2016/12/15 15:23:13 841][Px1747][Tx77fff700][DBG] LENGINE    leng_main. 513  ENGINE_MSG_RPC_ASYNC
[2016/12/15 15:23:13 842][Px1747][Tx77fff700][DBG] LENGINE    leng_main. 521  [isr_local], stat = 1
[2016/12/15 15:23:13 842][Px1747][Tx77fff700][DBG] LENGINE    leng_rpc.c 413  luacRPCFuncProto_Invoke(6c05efa0,6426de80) [in]
[2016/12/15 15:23:13 842][Px1747][Tx77fff700][INF] LMOD       luac_logge 172  [ns:244:ns soc error  10202  ]
[2016/12/15 15:23:13 842][Px1747][Tx77fff700][TRC] MSPSOCKET  MSPSocket. 1014 MSPSocket_Close(6c027540) [in]
[2016/12/15 15:23:13 843][Px1747][Tx77fff700][DBG] MSPSOCKET  MSPSocket. 1034 close(7), 6c027540
[2016/12/15 15:23:13 843][Px1747][Tx77fff700][TRC] MSPSOCKET  MSPSocket. 1068 MSPSocket_Close() [out] 0
[2016/12/15 15:23:13 843][Px1747][Tx77fff700][INF] LMOD       luac_logge 172  [ns:407:name server http resp  nil  10202  nil  ]
[2016/12/15 15:23:13 844][Px1747][Tx77fff700][INF] LMOD       luac_logge 172  [ns:551:ns response failed, err =  10202  ]
[2016/12/15 15:23:13 844][Px1747][Tx77fff700][INF] LMOD       luac_logge 172  [ns:111:ns_host=  open.xf-yun.com  ]
[2016/12/15 15:23:13 844][Px1747][Tx77fff700][INF] LMOD       luac_logge 172  [ns:113:use default ip  ]
[2016/12/15 15:23:13 845][Px1747][Tx77fff700][INF] LMOD       luac_logge 172  [transport:974:ns_ip =   116.213.69.195  ]
[2016/12/15 15:23:13 845][Px1747][Tx77fff700][INF] LMOD       luac_logge 172  [transport:975:ip_type =  def_athopen.xf-yun.com  ]
[2016/12/15 15:23:13 845][Px1747][Tx77fff700][INF] LMOD       luac_logge 172  [ns:756:no data in ns_q  ]
[2016/12/15 15:23:13 846][Px1747][Tx77fff700][INF] LMOD       luac_logge 172  [ns:757:conti_ns,ns_inprog =   1  ]
[2016/12/15 15:23:13 846][Px1747][Tx77fff700][DBG] LENGINE    leng_rpc.c 527  luacRPCFuncProto_Invoke() [out] ret = 0
[2016/12/15 15:23:13 846][Px1747][Tx77fff700][DBG] LENGINE    leng_main. 513  ENGINE_MSG_RPC_ASYNC
[2016/12/15 15:23:13 846][Px1747][Tx77fff700][DBG] LENGINE    leng_main. 521  [isr_local], stat = 1
[2016/12/15 15:23:13 846][Px1747][Tx77fff700][DBG] LENGINE    leng_rpc.c 413  luacRPCFuncProto_Invoke(6c08add0,6426de80) [in]
[2016/12/15 15:23:13 847][Px1747][Tx77fff700][ERR] LMOD       luac_logge 166  [transport:545:MSC:[soc] [0] error 10202 101!  ]
[2016/12/15 15:23:13 847][Px1747][Tx77fff700][TRC] MSPSOCKET  MSPSocket. 1014 MSPSocket_Close(6c3fb050) [in]
[2016/12/15 15:23:13 847][Px1747][Tx77fff700][DBG] MSPSOCKET  MSPSocket. 1034 close(8), 6c3fb050
[2016/12/15 15:23:13 847][Px1747][Tx77fff700][TRC] MSPSOCKET  MSPSocket. 1068 MSPSocket_Close() [out] 0
[2016/12/15 15:23:13 848][Px1747][Tx77fff700][INF] LMOD       luac_logge 172  [transport:57:clear_ip ip_type =  def_athopen.xf-yun.com  ]
[2016/12/15 15:23:13 848][Px1747][Tx77fff700][WAR] LMOD       luac_logge 168  [transport:321:soc_conn_failed  ]
[2016/12/15 15:23:13 848][Px1747][Tx77fff700][DBG] LMOD       luac_logge 178  [network:88:iptoenv ,  ipcache  open.xf-yun.com  def  nil  ]
[2016/12/15 15:23:13 849][Px1747][Tx77fff700][INF] LLOADER    lloader.c  327  load dkjson
[2016/12/15 15:23:13 849][Px1747][Tx77fff700][INF] LLOADER    lloader.c  339  a intalled entry
[2016/12/15 15:23:13 849][Px1747][Tx77fff700][INF] LLOADER    lloader.c  365  from rom
[2016/12/15 15:23:13 849][Px1747][Tx77fff700][PRF] LLOADER    lloader.c  397  load dkjson cost 1 (ms)
[2016/12/15 15:23:13 850][Px1747][Tx77fff700][INF] LMOD       luac_logge 172  [transport:390:switch 80  ]
[2016/12/15 15:23:13 850][Px1747][Tx77fff700][TRC] LENGINE    leng_shell 109  lEngine_Start(6c0639d8,6c0639d8,0,) [in]
[2016/12/15 15:23:13 850][Px1747][Tx77fff700][TRC] LENGINE    leng_shell 351  lEngine_PostMessage(6c3fc3c0,1,2,) [in]
[2016/12/15 15:23:13 851][Px1747][Tx77fff700][DBG] MSPTHREAD  MSPThreadP 733  POST l_engine_1:10:1:1
[2016/12/15 15:23:13 851][Px1747][Tx7cc6e700][DBG] LENGINE    leng_main. 513  ENGINE_MSG_RPC_ASYNC
[2016/12/15 15:23:13 851][Px1747][Tx7cc6e700][DBG] LENGINE    leng_main. 521  [waiter], stat = 1
[2016/12/15 15:23:13 851][Px1747][Tx7cc6e700][DBG] LENGINE    leng_rpc.c 413  luacRPCFuncProto_Invoke(6c3fbeb0,6c3fc3c0) [in]
[2016/12/15 15:23:13 851][Px1747][Tx77fff700][TRC] LENGINE    leng_shell 374  lEngine_PostMessage() [out] 0
[2016/12/15 15:23:13 852][Px1747][Tx7cc6e700][INF] LMOD       luac_logge 172  [network:380:redns  def  open.xf-yun.com  ]
[2016/12/15 15:23:13 852][Px1747][Tx7cc6e700][TRC] MSPADNS    MSPAsyncDn 268  MSPAsyncDns_Start() [in]
[2016/12/15 15:23:13 853][Px1747][Tx7d46f700][DBG] MSPADNS    MSPAsyncDn 184  gethostbyname(open.xf-yun.com) start [id=1879142552]
[2016/12/15 15:23:13 853][Px1747][Tx7d46f700][ERR] MSPADNS    MSPAsyncDn 211  gethostbyname(open.xf-yun.com) failed: Temporary failure in name resolution [id=1879142552]
[2016/12/15 15:23:13 853][Px1747][Tx7d46f700][DBG] MSPTHREAD  MSPThreadP 733  POST l_engine_1:10:1:0
[2016/12/15 15:23:13 854][Px1747][Tx77fff700][TRC] LMOD       luac_logge 170  [transport:1198:[soc] disconnect   ]
[2016/12/15 15:23:13 854][Px1747][Tx7cc6e700][INF] LMOD       luac_logge 172  [waiter:196:last gc at  1481844193  ]
[2016/12/15 15:23:13 854][Px1747][Tx7cc6e700][DBG] LENGINE    leng_rpc.c 527  luacRPCFuncProto_Invoke() [out] ret = 0
[2016/12/15 15:23:13 854][Px1747][Tx7cc6e700][DBG] LENGINE    leng_main. 513  ENGINE_MSG_RPC_ASYNC
[2016/12/15 15:23:13 854][Px1747][Tx7cc6e700][DBG] LENGINE    leng_main. 521  [waiter], stat = 1
[2016/12/15 15:23:13 855][Px1747][Tx7cc6e700][DBG] LENGINE    leng_rpc.c 413  luacRPCFuncProto_Invoke(54001a20,6c3fc3c0) [in]
[2016/12/15 15:23:13 855][Px1747][Tx77fff700][DBG] LENGINE    leng_rpc.c 527  luacRPCFuncProto_Invoke() [out] ret = 0
[2016/12/15 15:23:13 855][Px1747][Tx7cc6e700][INF] LMOD       luac_logge 172  [network:173:dns resp  10214  ]
[2016/12/15 15:23:13 856][Px1747][Tx7cc6e700][INF] LMOD       luac_logge 172  [network:397:redns dns resp  nil  10214  nil  nil  ]
[2016/12/15 15:23:13 856][Px1747][Tx7cc6e700][DBG] LENGINE    leng_rpc.c 527  luacRPCFuncProto_Invoke() [out] ret = 0
[2016/12/15 15:23:14 054][Px1747][Tx77fff700][DBG] LENGINE    leng_rpc.c 413  luacRPCFuncProto_Invoke(6c401cb0,6426de80) [in]
[2016/12/15 15:23:14 055][Px1747][Tx77fff700][INF] LMOD       luac_logge 172  [transport:959:session.domain=  open.xf-yun.com  ]
[2016/12/15 15:23:14 056][Px1747][Tx77fff700][INF] LMOD       luac_logge 172  [transport:960:url.host=  open.xf-yun.com  ]
[2016/12/15 15:23:14 056][Px1747][Tx77fff700][INF] LLOADER    lloader.c  327  load dkjson
[2016/12/15 15:23:14 056][Px1747][Tx77fff700][INF] LLOADER    lloader.c  339  a intalled entry
[2016/12/15 15:23:14 056][Px1747][Tx77fff700][INF] LLOADER    lloader.c  365  from rom
[2016/12/15 15:23:14 057][Px1747][Tx77fff700][PRF] LLOADER    lloader.c  397  load dkjson cost 0 (ms)
[2016/12/15 15:23:14 057][Px1747][Tx77fff700][DBG] LMOD       luac_logge 178  [network:83:ipfromenv ,  ipcache  open.xf-yun.com  def  nil  ]
[2016/12/15 15:23:14 057][Px1747][Tx77fff700][TRC] LMOD       luac_logge 170  [transport:994:NAMESERVER START  ]
[2016/12/15 15:23:14 058][Px1747][Tx77fff700][INF] LMOD       luac_logge 172  [transport:997:name =   ath  ]
[2016/12/15 15:23:14 058][Px1747][Tx77fff700][INF] LMOD       luac_logge 172  [ns:727:ntt=  standard  ]
[2016/12/15 15:23:14 058][Px1747][Tx77fff700][INF] LMOD       luac_logge 172  [transport:1000:trans,ns_inprog =  0  ]
[2016/12/15 15:23:14 059][Px1747][Tx77fff700][TRC] LMOD       luac_logge 170  [ns:682:name server start  ]
[2016/12/15 15:23:14 059][Px1747][Tx77fff700][INF] LMOD       luac_logge 172  [ns:683:ns_sub =   ath  ]
[2016/12/15 15:23:14 060][Px1747][Tx77fff700][INF] LMOD       luac_logge 172  [ns:685:ns_host=  open.xf-yun.com  ]
[2016/12/15 15:23:14 060][Px1747][Tx77fff700][INF] LMOD       luac_logge 172  [ns:403:ns_host=  open.xf-yun.com  ]
[2016/12/15 15:23:14 060][Px1747][Tx77fff700][DBG] LMOD       luac_logge 178  [ns:662:GET /sip/resolver?srand=1215152311.32 HTTP/1.1
Host: hdns.openspeech.cn
Connection: Keep-Alive
X-Par: ver=1.2&appid=583467f7&operator=UNKNOW&nettype=STANDARD&cver=5.0.27.1135&svc=ath&host=open.xf-yun.com&sign=35d8de5920788f2239e6c003e0791a01
User-Agent: iFLYCloud

  ]
[2016/12/15 15:23:14 061][Px1747][Tx77fff700][INF] LMOD       luac_logge 172  [ns:663:net_type =  standard  ]
[2016/12/15 15:23:14 061][Px1747][Tx77fff700][INF] LMOD       luac_logge 172  [ns:664:cmwapascmnet =  ]
[2016/12/15 15:23:14 062][Px1747][Tx77fff700][INF] LMOD       luac_logge 172  [ns:665:uniwapasuninet =  ]
[2016/12/15 15:23:14 063][Px1747][Tx77fff700][INF] LMOD       luac_logge 172  [ns:666:ctwapasctnet =  ]
[2016/12/15 15:23:14 063][Px1747][Tx77fff700][INF] LMOD       luac_logge 172  [ns:676:host=  hdns.openspeech.cn  ]
[2016/12/15 15:23:14 063][Px1747][Tx77fff700][TRC] MSPADNS    MSPAsyncDn 268  MSPAsyncDns_Start() [in]
[2016/12/15 15:23:14 064][Px1747][Tx7d46f700][DBG] MSPADNS    MSPAsyncDn 184  gethostbyname(hdns.openspeech.cn) start [id=1812328392]
[2016/12/15 15:23:14 064][Px1747][Tx7d46f700][ERR] MSPADNS    MSPAsyncDn 211  gethostbyname(hdns.openspeech.cn) failed: Temporary failure in name resolution [id=1812328392]
[2016/12/15 15:23:14 064][Px1747][Tx7d46f700][DBG] MSPTHREAD  MSPThreadP 733  POST l_engine_2:10:1:1
[2016/12/15 15:23:14 064][Px1747][Tx77fff700][TRC] MSPADNS    MSPAsyncDn 268  MSPAsyncDns_Start() [in]
[2016/12/15 15:23:14 065][Px1747][Tx7d46f700][DBG] MSPADNS    MSPAsyncDn 184  gethostbyname(open.xf-yun.com) start [id=1816121752]
[2016/12/15 15:23:14 065][Px1747][Tx7d46f700][ERR] MSPADNS    MSPAsyncDn 211  gethostbyname(open.xf-yun.com) failed: Temporary failure in name resolution [id=1816121752]
[2016/12/15 15:23:14 065][Px1747][Tx7d46f700][DBG] MSPTHREAD  MSPThreadP 733  POST l_engine_2:10:2:0
[2016/12/15 15:23:14 065][Px1747][Tx77fff700][DBG] LENGINE    leng_rpc.c 527  luacRPCFuncProto_Invoke() [out] ret = 0
[2016/12/15 15:23:14 066][Px1747][Tx77fff700][DBG] LENGINE    leng_main. 513  ENGINE_MSG_RPC_ASYNC
[2016/12/15 15:23:14 066][Px1747][Tx77fff700][DBG] LENGINE    leng_main. 521  [isr_local], stat = 1
[2016/12/15 15:23:14 066][Px1747][Tx77fff700][DBG] LENGINE    leng_rpc.c 413  luacRPCFuncProto_Invoke(54002b60,6426de80) [in]
[2016/12/15 15:23:14 067][Px1747][Tx77fff700][INF] LMOD       luac_logge 172  [ns:290:ns dns resp  10214  ]
[2016/12/15 15:23:14 067][Px1747][Tx77fff700][INF] LMOD       luac_logge 172  [ns:564:ns dns failed, err =   10214  ]
[2016/12/15 15:23:14 068][Px1747][Tx77fff700][INF] LMOD       luac_logge 172  [ns:174:ns gethttpresp  117.121.48.5  80  ]
[2016/12/15 15:23:14 068][Px1747][Tx77fff700][TRC] MSPSOCKET  MSPSocket. 269  MSPSocket_New(1, 1) [in]
[2016/12/15 15:23:14 069][Px1747][Tx77fff700][DBG] MSPSOCKET  MSPSocket. 326  socket(2,1,) ret=7, detail=101
[2016/12/15 15:23:14 069][Px1747][Tx77fff700][TRC] MSPSOCKET  MSPSocket. 411  MSPSocket_New() [out] 6c027540 0
[2016/12/15 15:23:14 069][Px1747][Tx77fff700][TRC] MSPSOCKET  MSPSocket. 501  MSPSocket_Connect(6c027540) [in]
[2016/12/15 15:23:14 069][Px1747][Tx77fff700][DBG] MSPSOCKET  MSPSocket. 515  connect(7,117.121.48.5,) ret=-1, hd=6c027540
[2016/12/15 15:23:14 069][Px1747][Tx77fff700][ERR] MSPSOCKET  MSPSocket. 530  connect() failed! 6c027540,7,-1,101
[2016/12/15 15:23:14 070][Px1747][Tx77fff700][DBG] MSPTHREAD  MSPThreadP 733  POST l_engine_2:10:2:0
[2016/12/15 15:23:14 070][Px1747][Tx77fff700][TRC] MSPSOCKET  MSPSocket. 565  MSPSocket_Connect() [out] 10202
[2016/12/15 15:23:14 070][Px1747][Tx77fff700][DBG] LENGINE    leng_rpc.c 527  luacRPCFuncProto_Invoke() [out] ret = 0
[2016/12/15 15:23:14 070][Px1747][Tx77fff700][DBG] LENGINE    leng_main. 513  ENGINE_MSG_RPC_ASYNC
[2016/12/15 15:23:14 071][Px1747][Tx77fff700][DBG] LENGINE    leng_main. 521  [isr_local], stat = 1
[2016/12/15 15:23:14 071][Px1747][Tx77fff700][DBG] LENGINE    leng_rpc.c 413  luacRPCFuncProto_Invoke(54002d10,6426de80) [in]
[2016/12/15 15:23:14 071][Px1747][Tx77fff700][ERR] LMOD       luac_logge 166  [transport:295:[dns] [0] failed! 10214  ]
[2016/12/15 15:23:14 072][Px1747][Tx77fff700][INF] LLOADER    lloader.c  327  load dkjson
[2016/12/15 15:23:14 072][Px1747][Tx77fff700][INF] LLOADER    lloader.c  339  a intalled entry
[2016/12/15 15:23:14 072][Px1747][Tx77fff700][INF] LLOADER    lloader.c  365  from rom
[2016/12/15 15:23:14 072][Px1747][Tx77fff700][PRF] LLOADER    lloader.c  397  load dkjson cost 1 (ms)
[2016/12/15 15:23:14 073][Px1747][Tx77fff700][DBG] LMOD       luac_logge 178  [network:83:ipfromenv ,  ipcache  open.xf-yun.com  def  nil  ]
[2016/12/15 15:23:14 073][Px1747][Tx77fff700][INF] LLOADER    lloader.c  327  load dkjson
[2016/12/15 15:23:14 073][Px1747][Tx77fff700][INF] LLOADER    lloader.c  339  a intalled entry
[2016/12/15 15:23:14 074][Px1747][Tx77fff700][INF] LLOADER    lloader.c  365  from rom
[2016/12/15 15:23:14 074][Px1747][Tx77fff700][PRF] LLOADER    lloader.c  397  load dkjson cost 0 (ms)
[2016/12/15 15:23:14 074][Px1747][Tx77fff700][DBG] LMOD       luac_logge 178  [network:83:ipfromenv ,  ipcfg  open.xf-yun.com  def  nil  ]
[2016/12/15 15:23:14 075][Px1747][Tx77fff700][TRC] LMOD       luac_logge 170  [transport:1166:[soc] connect   116.213.69.195  80  ]
[2016/12/15 15:23:14 075][Px1747][Tx77fff700][TRC] MSPSOCKET  MSPSocket. 1593 MSPSocketTCPConnPool_Query(116.213.69.195, 80) [in]
[2016/12/15 15:23:14 075][Px1747][Tx77fff700][TRC] MSPSOCKET  MSPSocket. 1618 MSPSocketTCPConnPool_Query() [out] ret=0
[2016/12/15 15:23:14 076][Px1747][Tx77fff700][INF] LMOD       luac_logge 172  [transport:1183:mspsoc.open,prot_type=  tcp  ]
[2016/12/15 15:23:14 076][Px1747][Tx77fff700][TRC] MSPSOCKET  MSPSocket. 269  MSPSocket_New(1, 1) [in]
[2016/12/15 15:23:14 077][Px1747][Tx77fff700][DBG] MSPSOCKET  MSPSocket. 326  socket(2,1,) ret=8, detail=101
[2016/12/15 15:23:14 077][Px1747][Tx77fff700][TRC] MSPSOCKET  MSPSocket. 411  MSPSocket_New() [out] 6c401cb0 0
[2016/12/15 15:23:14 078][Px1747][Tx77fff700][TRC] MSPSOCKET  MSPSocket. 501  MSPSocket_Connect(6c401cb0) [in]
[2016/12/15 15:23:14 078][Px1747][Tx77fff700][DBG] MSPSOCKET  MSPSocket. 515  connect(8,116.213.69.195,) ret=-1, hd=6c401cb0
[2016/12/15 15:23:14 078][Px1747][Tx77fff700][ERR] MSPSOCKET  MSPSocket. 530  connect() failed! 6c401cb0,8,-1,101
[2016/12/15 15:23:14 079][Px1747][Tx77fff700][DBG] MSPTHREAD  MSPThreadP 733  POST l_engine_2:10:2:0
[2016/12/15 15:23:14 079][Px1747][Tx77fff700][TRC] MSPSOCKET  MSPSocket. 565  MSPSocket_Connect() [out] 10202
[2016/12/15 15:23:14 079][Px1747][Tx77fff700][DBG] LENGINE    leng_rpc.c 527  luacRPCFuncProto_Invoke() [out] ret = 0
[2016/12/15 15:23:14 079][Px1747][Tx77fff700][DBG] LENGINE    leng_main. 513  ENGINE_MSG_RPC_ASYNC
[2016/12/15 15:23:14 080][Px1747][Tx77fff700][DBG] LENGINE    leng_main. 521  [isr_local], stat = 1
[2016/12/15 15:23:14 080][Px1747][Tx77fff700][DBG] LENGINE    leng_rpc.c 413  luacRPCFuncProto_Invoke(6c3f6080,6426de80) [in]
[2016/12/15 15:23:14 081][Px1747][Tx77fff700][INF] LMOD       luac_logge 172  [ns:244:ns soc error  10202  ]
[2016/12/15 15:23:14 081][Px1747][Tx77fff700][TRC] MSPSOCKET  MSPSocket. 1014 MSPSocket_Close(6c027540) [in]
[2016/12/15 15:23:14 081][Px1747][Tx77fff700][DBG] MSPSOCKET  MSPSocket. 1034 close(7), 6c027540
[2016/12/15 15:23:14 081][Px1747][Tx77fff700][TRC] MSPSOCKET  MSPSocket. 1068 MSPSocket_Close() [out] 0
[2016/12/15 15:23:14 082][Px1747][Tx77fff700][INF] LMOD       luac_logge 172  [ns:407:name server http resp  nil  10202  nil  ]
[2016/12/15 15:23:14 082][Px1747][Tx77fff700][INF] LMOD       luac_logge 172  [ns:551:ns response failed, err =  10202  ]
[2016/12/15 15:23:14 083][Px1747][Tx77fff700][INF] LMOD       luac_logge 172  [ns:111:ns_host=  open.xf-yun.com  ]
[2016/12/15 15:23:14 084][Px1747][Tx77fff700][INF] LMOD       luac_logge 172  [ns:113:use default ip  ]
[2016/12/15 15:23:14 084][Px1747][Tx77fff700][INF] LMOD       luac_logge 172  [transport:974:ns_ip =   116.213.69.195  ]
[2016/12/15 15:23:14 084][Px1747][Tx77fff700][INF] LMOD       luac_logge 172  [transport:975:ip_type =  def_athopen.xf-yun.com  ]
[2016/12/15 15:23:14 085][Px1747][Tx77fff700][INF] LMOD       luac_logge 172  [ns:756:no data in ns_q  ]
[2016/12/15 15:23:14 085][Px1747][Tx77fff700][INF] LMOD       luac_logge 172  [ns:757:conti_ns,ns_inprog =   1  ]
[2016/12/15 15:23:14 085][Px1747][Tx77fff700][DBG] LENGINE    leng_rpc.c 527  luacRPCFuncProto_Invoke() [out] ret = 0
[2016/12/15 15:23:14 086][Px1747][Tx77fff700][DBG] LENGINE    leng_main. 513  ENGINE_MSG_RPC_ASYNC
[2016/12/15 15:23:14 086][Px1747][Tx77fff700][DBG] LENGINE    leng_main. 521  [isr_local], stat = 1
[2016/12/15 15:23:14 086][Px1747][Tx77fff700][DBG] LENGINE    leng_rpc.c 413  luacRPCFuncProto_Invoke(6c3fd170,6426de80) [in]
[2016/12/15 15:23:14 087][Px1747][Tx77fff700][ERR] LMOD       luac_logge 166  [transport:545:MSC:[soc] [0] error 10202 101!  ]
[2016/12/15 15:23:14 087][Px1747][Tx77fff700][TRC] MSPSOCKET  MSPSocket. 1014 MSPSocket_Close(6c401cb0) [in]
[2016/12/15 15:23:14 087][Px1747][Tx77fff700][DBG] MSPSOCKET  MSPSocket. 1034 close(8), 6c401cb0
[2016/12/15 15:23:14 088][Px1747][Tx77fff700][TRC] MSPSOCKET  MSPSocket. 1068 MSPSocket_Close() [out] 0
[2016/12/15 15:23:14 089][Px1747][Tx77fff700][INF] LMOD       luac_logge 172  [transport:57:clear_ip ip_type =  def_athopen.xf-yun.com  ]
[2016/12/15 15:23:14 089][Px1747][Tx77fff700][WAR] LMOD       luac_logge 168  [transport:321:soc_conn_failed  ]
[2016/12/15 15:23:14 090][Px1747][Tx77fff700][DBG] LMOD       luac_logge 178  [network:88:iptoenv ,  ipcache  open.xf-yun.com  def  nil  ]
[2016/12/15 15:23:14 090][Px1747][Tx77fff700][INF] LLOADER    lloader.c  327  load dkjson
[2016/12/15 15:23:14 090][Px1747][Tx77fff700][INF] LLOADER    lloader.c  339  a intalled entry
[2016/12/15 15:23:14 091][Px1747][Tx77fff700][INF] LLOADER    lloader.c  365  from rom
[2016/12/15 15:23:14 091][Px1747][Tx77fff700][PRF] LLOADER    lloader.c  397  load dkjson cost 0 (ms)
[2016/12/15 15:23:14 091][Px1747][Tx77fff700][INF] LMOD       luac_logge 172  [transport:390:switch 80  ]
[2016/12/15 15:23:14 092][Px1747][Tx77fff700][TRC] LENGINE    leng_shell 109  lEngine_Start(6c0639d8,6c0639d8,0,) [in]
[2016/12/15 15:23:14 092][Px1747][Tx77fff700][TRC] LENGINE    leng_shell 351  lEngine_PostMessage(6c3fc3c0,1,2,) [in]
[2016/12/15 15:23:14 092][Px1747][Tx77fff700][DBG] MSPTHREAD  MSPThreadP 733  POST l_engine_1:10:1:1
[2016/12/15 15:23:14 093][Px1747][Tx7cc6e700][DBG] LENGINE    leng_main. 513  ENGINE_MSG_RPC_ASYNC
[2016/12/15 15:23:14 093][Px1747][Tx7cc6e700][DBG] LENGINE    leng_main. 521  [waiter], stat = 1
[2016/12/15 15:23:14 094][Px1747][Tx7cc6e700][DBG] LENGINE    leng_rpc.c 413  luacRPCFuncProto_Invoke(6c3f9030,6c3fc3c0) [in]
[2016/12/15 15:23:14 095][Px1747][Tx77fff700][TRC] LENGINE    leng_shell 374  lEngine_PostMessage() [out] 0
[2016/12/15 15:23:14 095][Px1747][Tx7cc6e700][INF] LMOD       luac_logge 172  [network:380:redns  def  open.xf-yun.com  ]
[2016/12/15 15:23:14 095][Px1747][Tx7cc6e700][TRC] MSPADNS    MSPAsyncDn 268  MSPAsyncDns_Start() [in]
[2016/12/15 15:23:14 096][Px1747][Tx7d46f700][DBG] MSPADNS    MSPAsyncDn 184  gethostbyname(open.xf-yun.com) start [id=1879144184]
[2016/12/15 15:23:14 096][Px1747][Tx7d46f700][ERR] MSPADNS    MSPAsyncDn 211  gethostbyname(open.xf-yun.com) failed: Temporary failure in name resolution [id=1879144184]
[2016/12/15 15:23:14 096][Px1747][Tx7d46f700][DBG] MSPTHREAD  MSPThreadP 733  POST l_engine_1:10:1:0
[2016/12/15 15:23:14 097][Px1747][Tx77fff700][TRC] LMOD       luac_logge 170  [transport:1198:[soc] disconnect   ]
[2016/12/15 15:23:14 097][Px1747][Tx7cc6e700][INF] LMOD       luac_logge 172  [waiter:196:last gc at  1481844193  ]
[2016/12/15 15:23:14 098][Px1747][Tx7cc6e700][DBG] LENGINE    leng_rpc.c 527  luacRPCFuncProto_Invoke() [out] ret = 0
[2016/12/15 15:23:14 099][Px1747][Tx7cc6e700][DBG] LENGINE    leng_main. 513  ENGINE_MSG_RPC_ASYNC
[2016/12/15 15:23:14 100][Px1747][Tx7cc6e700][DBG] LENGINE    leng_main. 521  [waiter], stat = 1
[2016/12/15 15:23:14 100][Px1747][Tx7cc6e700][DBG] LENGINE    leng_rpc.c 413  luacRPCFuncProto_Invoke(54001a20,6c3fc3c0) [in]
[2016/12/15 15:23:14 101][Px1747][Tx77fff700][DBG] LENGINE    leng_rpc.c 527  luacRPCFuncProto_Invoke() [out] ret = 0
[2016/12/15 15:23:14 102][Px1747][Tx7cc6e700][INF] LMOD       luac_logge 172  [network:173:dns resp  10214  ]
[2016/12/15 15:23:14 102][Px1747][Tx7cc6e700][INF] LMOD       luac_logge 172  [network:397:redns dns resp  nil  10214  nil  nil  ]
[2016/12/15 15:23:14 102][Px1747][Tx7cc6e700][DBG] LENGINE    leng_rpc.c 527  luacRPCFuncProto_Invoke() [out] ret = 0
[2016/12/15 15:23:14 298][Px1747][Tx77fff700][DBG] LENGINE    leng_rpc.c 413  luacRPCFuncProto_Invoke(6c3f75d0,6426de80) [in]
[2016/12/15 15:23:14 299][Px1747][Tx77fff700][INF] LMOD       luac_logge 172  [transport:959:session.domain=  open.xf-yun.com  ]
[2016/12/15 15:23:14 300][Px1747][Tx77fff700][INF] LMOD       luac_logge 172  [transport:960:url.host=  open.xf-yun.com  ]
[2016/12/15 15:23:14 300][Px1747][Tx77fff700][INF] LLOADER    lloader.c  327  load dkjson
[2016/12/15 15:23:14 300][Px1747][Tx77fff700][INF] LLOADER    lloader.c  339  a intalled entry
[2016/12/15 15:23:14 301][Px1747][Tx77fff700][INF] LLOADER    lloader.c  365  from rom
[2016/12/15 15:23:14 301][Px1747][Tx77fff700][PRF] LLOADER    lloader.c  397  load dkjson cost 0 (ms)
[2016/12/15 15:23:14 301][Px1747][Tx77fff700][DBG] LMOD       luac_logge 178  [network:83:ipfromenv ,  ipcache  open.xf-yun.com  def  nil  ]
[2016/12/15 15:23:14 302][Px1747][Tx77fff700][TRC] LMOD       luac_logge 170  [transport:994:NAMESERVER START  ]
[2016/12/15 15:23:14 302][Px1747][Tx77fff700][INF] LMOD       luac_logge 172  [transport:997:name =   ath  ]
[2016/12/15 15:23:14 302][Px1747][Tx77fff700][INF] LMOD       luac_logge 172  [ns:727:ntt=  standard  ]
[2016/12/15 15:23:14 303][Px1747][Tx77fff700][INF] LMOD       luac_logge 172  [transport:1000:trans,ns_inprog =  0  ]
[2016/12/15 15:23:14 303][Px1747][Tx77fff700][TRC] LMOD       luac_logge 170  [ns:682:name server start  ]
[2016/12/15 15:23:14 304][Px1747][Tx77fff700][INF] LMOD       luac_logge 172  [ns:683:ns_sub =   ath  ]
[2016/12/15 15:23:14 304][Px1747][Tx77fff700][INF] LMOD       luac_logge 172  [ns:685:ns_host=  open.xf-yun.com  ]
[2016/12/15 15:23:14 305][Px1747][Tx77fff700][INF] LMOD       luac_logge 172  [ns:403:ns_host=  open.xf-yun.com  ]
[2016/12/15 15:23:14 305][Px1747][Tx77fff700][DBG] LMOD       luac_logge 178  [ns:662:GET /sip/resolver?srand=1215152311.32 HTTP/1.1
Host: hdns.openspeech.cn
Connection: Keep-Alive
X-Par: ver=1.2&appid=583467f7&operator=UNKNOW&nettype=STANDARD&cver=5.0.27.1135&svc=ath&host=open.xf-yun.com&sign=35d8de5920788f2239e6c003e0791a01
User-Agent: iFLYCloud

  ]
[2016/12/15 15:23:14 306][Px1747][Tx77fff700][INF] LMOD       luac_logge 172  [ns:663:net_type =  standard  ]
[2016/12/15 15:23:14 306][Px1747][Tx77fff700][INF] LMOD       luac_logge 172  [ns:664:cmwapascmnet =  ]
[2016/12/15 15:23:14 306][Px1747][Tx77fff700][INF] LMOD       luac_logge 172  [ns:665:uniwapasuninet =  ]
[2016/12/15 15:23:14 307][Px1747][Tx77fff700][INF] LMOD       luac_logge 172  [ns:666:ctwapasctnet =  ]
[2016/12/15 15:23:14 307][Px1747][Tx77fff700][INF] LMOD       luac_logge 172  [ns:676:host=  hdns.openspeech.cn  ]
[2016/12/15 15:23:14 307][Px1747][Tx77fff700][TRC] MSPADNS    MSPAsyncDn 268  MSPAsyncDns_Start() [in]
[2016/12/15 15:23:14 308][Px1747][Tx7d46f700][DBG] MSPADNS    MSPAsyncDn 184  gethostbyname(hdns.openspeech.cn) start [id=1812100456]
[2016/12/15 15:23:14 308][Px1747][Tx7d46f700][ERR] MSPADNS    MSPAsyncDn 211  gethostbyname(hdns.openspeech.cn) failed: Temporary failure in name resolution [id=1812100456]
[2016/12/15 15:23:14 308][Px1747][Tx7d46f700][DBG] MSPTHREAD  MSPThreadP 733  POST l_engine_2:10:1:1
[2016/12/15 15:23:14 309][Px1747][Tx77fff700][TRC] MSPADNS    MSPAsyncDn 268  MSPAsyncDns_Start() [in]
[2016/12/15 15:23:14 309][Px1747][Tx7d46f700][DBG] MSPADNS    MSPAsyncDn 184  gethostbyname(open.xf-yun.com) start [id=1816163048]
[2016/12/15 15:23:14 309][Px1747][Tx7d46f700][ERR] MSPADNS    MSPAsyncDn 211  gethostbyname(open.xf-yun.com) failed: Temporary failure in name resolution [id=1816163048]
[2016/12/15 15:23:14 309][Px1747][Tx7d46f700][DBG] MSPTHREAD  MSPThreadP 733  POST l_engine_2:10:2:0
[2016/12/15 15:23:14 309][Px1747][Tx77fff700][DBG] LENGINE    leng_rpc.c 527  luacRPCFuncProto_Invoke() [out] ret = 0
[2016/12/15 15:23:14 310][Px1747][Tx77fff700][DBG] LENGINE    leng_main. 513  ENGINE_MSG_RPC_ASYNC
[2016/12/15 15:23:14 310][Px1747][Tx77fff700][DBG] LENGINE    leng_main. 521  [isr_local], stat = 1
[2016/12/15 15:23:14 310][Px1747][Tx77fff700][DBG] LENGINE    leng_rpc.c 413  luacRPCFuncProto_Invoke(54001a20,6426de80) [in]
[2016/12/15 15:23:14 311][Px1747][Tx77fff700][INF] LMOD       luac_logge 172  [ns:290:ns dns resp  10214  ]
[2016/12/15 15:23:14 312][Px1747][Tx77fff700][INF] LMOD       luac_logge 172  [ns:564:ns dns failed, err =   10214  ]
[2016/12/15 15:23:14 312][Px1747][Tx77fff700][INF] LMOD       luac_logge 172  [ns:174:ns gethttpresp  117.121.48.5  80  ]
[2016/12/15 15:23:14 312][Px1747][Tx77fff700][TRC] MSPSOCKET  MSPSocket. 269  MSPSocket_New(1, 1) [in]
[2016/12/15 15:23:14 312][Px1747][Tx77fff700][DBG] MSPSOCKET  MSPSocket. 326  socket(2,1,) ret=7, detail=101
[2016/12/15 15:23:14 313][Px1747][Tx77fff700][TRC] MSPSOCKET  MSPSocket. 411  MSPSocket_New() [out] 6c3f75d0 0
[2016/12/15 15:23:14 313][Px1747][Tx77fff700][TRC] MSPSOCKET  MSPSocket. 501  MSPSocket_Connect(6c3f75d0) [in]
[2016/12/15 15:23:14 313][Px1747][Tx77fff700][DBG] MSPSOCKET  MSPSocket. 515  connect(7,117.121.48.5,) ret=-1, hd=6c3f75d0
[2016/12/15 15:23:14 313][Px1747][Tx77fff700][ERR] MSPSOCKET  MSPSocket. 530  connect() failed! 6c3f75d0,7,-1,101
[2016/12/15 15:23:14 313][Px1747][Tx77fff700][DBG] MSPTHREAD  MSPThreadP 733  POST l_engine_2:10:2:0
[2016/12/15 15:23:14 314][Px1747][Tx77fff700][TRC] MSPSOCKET  MSPSocket. 565  MSPSocket_Connect() [out] 10202
[2016/12/15 15:23:14 314][Px1747][Tx77fff700][DBG] LENGINE    leng_rpc.c 527  luacRPCFuncProto_Invoke() [out] ret = 0
[2016/12/15 15:23:14 314][Px1747][Tx77fff700][DBG] LENGINE    leng_main. 513  ENGINE_MSG_RPC_ASYNC
[2016/12/15 15:23:14 314][Px1747][Tx77fff700][DBG] LENGINE    leng_main. 521  [isr_local], stat = 1
[2016/12/15 15:23:14 315][Px1747][Tx77fff700][DBG] LENGINE    leng_rpc.c 413  luacRPCFuncProto_Invoke(54002d10,6426de80) [in]
[2016/12/15 15:23:14 315][Px1747][Tx77fff700][ERR] LMOD       luac_logge 166  [transport:295:[dns] [0] failed! 10214  ]
[2016/12/15 15:23:14 315][Px1747][Tx77fff700][INF] LLOADER    lloader.c  327  load dkjson
[2016/12/15 15:23:14 315][Px1747][Tx77fff700][INF] LLOADER    lloader.c  339  a intalled entry
[2016/12/15 15:23:14 315][Px1747][Tx77fff700][INF] LLOADER    lloader.c  365  from rom
[2016/12/15 15:23:14 316][Px1747][Tx77fff700][PRF] LLOADER    lloader.c  397  load dkjson cost 0 (ms)
[2016/12/15 15:23:14 316][Px1747][Tx77fff700][DBG] LMOD       luac_logge 178  [network:83:ipfromenv ,  ipcache  open.xf-yun.com  def  nil  ]
[2016/12/15 15:23:14 317][Px1747][Tx77fff700][INF] LLOADER    lloader.c  327  load dkjson
[2016/12/15 15:23:14 317][Px1747][Tx77fff700][INF] LLOADER    lloader.c  339  a intalled entry
[2016/12/15 15:23:14 317][Px1747][Tx77fff700][INF] LLOADER    lloader.c  365  from rom
[2016/12/15 15:23:14 317][Px1747][Tx77fff700][PRF] LLOADER    lloader.c  397  load dkjson cost 1 (ms)
[2016/12/15 15:23:14 318][Px1747][Tx77fff700][DBG] LMOD       luac_logge 178  [network:83:ipfromenv ,  ipcfg  open.xf-yun.com  def  nil  ]
[2016/12/15 15:23:14 318][Px1747][Tx77fff700][TRC] LMOD       luac_logge 170  [transport:1166:[soc] connect   116.213.69.195  80  ]
[2016/12/15 15:23:14 318][Px1747][Tx77fff700][TRC] MSPSOCKET  MSPSocket. 1593 MSPSocketTCPConnPool_Query(116.213.69.195, 80) [in]
[2016/12/15 15:23:14 319][Px1747][Tx77fff700][TRC] MSPSOCKET  MSPSocket. 1618 MSPSocketTCPConnPool_Query() [out] ret=0
[2016/12/15 15:23:14 319][Px1747][Tx77fff700][INF] LMOD       luac_logge 172  [transport:1183:mspsoc.open,prot_type=  tcp  ]
[2016/12/15 15:23:14 320][Px1747][Tx77fff700][TRC] MSPSOCKET  MSPSocket. 269  MSPSocket_New(1, 1) [in]
[2016/12/15 15:23:14 320][Px1747][Tx77fff700][DBG] MSPSOCKET  MSPSocket. 326  socket(2,1,) ret=8, detail=101
[2016/12/15 15:23:14 320][Px1747][Tx77fff700][TRC] MSPSOCKET  MSPSocket. 411  MSPSocket_New() [out] 6c4016c0 0
[2016/12/15 15:23:14 320][Px1747][Tx77fff700][TRC] MSPSOCKET  MSPSocket. 501  MSPSocket_Connect(6c4016c0) [in]
[2016/12/15 15:23:14 320][Px1747][Tx77fff700][DBG] MSPSOCKET  MSPSocket. 515  connect(8,116.213.69.195,) ret=-1, hd=6c4016c0
[2016/12/15 15:23:14 321][Px1747][Tx77fff700][ERR] MSPSOCKET  MSPSocket. 530  connect() failed! 6c4016c0,8,-1,101
[2016/12/15 15:23:14 321][Px1747][Tx77fff700][DBG] MSPTHREAD  MSPThreadP 733  POST l_engine_2:10:2:0
[2016/12/15 15:23:14 321][Px1747][Tx77fff700][TRC] MSPSOCKET  MSPSocket. 565  MSPSocket_Connect() [out] 10202
[2016/12/15 15:23:14 322][Px1747][Tx77fff700][DBG] LENGINE    leng_rpc.c 527  luacRPCFuncProto_Invoke() [out] ret = 0
[2016/12/15 15:23:14 322][Px1747][Tx77fff700][DBG] LENGINE    leng_main. 513  ENGINE_MSG_RPC_ASYNC
[2016/12/15 15:23:14 322][Px1747][Tx77fff700][DBG] LENGINE    leng_main. 521  [isr_local], stat = 1
[2016/12/15 15:23:14 322][Px1747][Tx77fff700][DBG] LENGINE    leng_rpc.c 413  luacRPCFuncProto_Invoke(6c4057b0,6426de80) [in]
[2016/12/15 15:23:14 323][Px1747][Tx77fff700][INF] LMOD       luac_logge 172  [ns:244:ns soc error  10202  ]
[2016/12/15 15:23:14 323][Px1747][Tx77fff700][TRC] MSPSOCKET  MSPSocket. 1014 MSPSocket_Close(6c3f75d0) [in]
[2016/12/15 15:23:14 323][Px1747][Tx77fff700][DBG] MSPSOCKET  MSPSocket. 1034 close(7), 6c3f75d0
[2016/12/15 15:23:14 323][Px1747][Tx77fff700][TRC] MSPSOCKET  MSPSocket. 1068 MSPSocket_Close() [out] 0
[2016/12/15 15:23:14 324][Px1747][Tx77fff700][INF] LMOD       luac_logge 172  [ns:407:name server http resp  nil  10202  nil  ]
[2016/12/15 15:23:14 325][Px1747][Tx77fff700][INF] LMOD       luac_logge 172  [ns:551:ns response failed, err =  10202  ]
[2016/12/15 15:23:14 325][Px1747][Tx77fff700][INF] LMOD       luac_logge 172  [ns:111:ns_host=  open.xf-yun.com  ]
[2016/12/15 15:23:14 325][Px1747][Tx77fff700][INF] LMOD       luac_logge 172  [ns:113:use default ip  ]
[2016/12/15 15:23:14 326][Px1747][Tx77fff700][INF] LMOD       luac_logge 172  [transport:974:ns_ip =   116.213.69.195  ]
[2016/12/15 15:23:14 326][Px1747][Tx77fff700][INF] LMOD       luac_logge 172  [transport:975:ip_type =  def_athopen.xf-yun.com  ]
[2016/12/15 15:23:14 326][Px1747][Tx77fff700][INF] LMOD       luac_logge 172  [ns:756:no data in ns_q  ]
[2016/12/15 15:23:14 327][Px1747][Tx77fff700][INF] LMOD       luac_logge 172  [ns:757:conti_ns,ns_inprog =   1  ]
[2016/12/15 15:23:14 327][Px1747][Tx77fff700][DBG] LENGINE    leng_rpc.c 527  luacRPCFuncProto_Invoke() [out] ret = 0
[2016/12/15 15:23:14 327][Px1747][Tx77fff700][DBG] LENGINE    leng_main. 513  ENGINE_MSG_RPC_ASYNC
[2016/12/15 15:23:14 327][Px1747][Tx77fff700][DBG] LENGINE    leng_main. 521  [isr_local], stat = 1
[2016/12/15 15:23:14 328][Px1747][Tx77fff700][DBG] LENGINE    leng_rpc.c 413  luacRPCFuncProto_Invoke(6c027540,6426de80) [in]
[2016/12/15 15:23:14 328][Px1747][Tx77fff700][ERR] LMOD       luac_logge 166  [transport:545:MSC:[soc] [0] error 10202 101!  ]
[2016/12/15 15:23:14 328][Px1747][Tx77fff700][TRC] MSPSOCKET  MSPSocket. 1014 MSPSocket_Close(6c4016c0) [in]
[2016/12/15 15:23:14 328][Px1747][Tx77fff700][DBG] MSPSOCKET  MSPSocket. 1034 close(8), 6c4016c0
[2016/12/15 15:23:14 329][Px1747][Tx77fff700][TRC] MSPSOCKET  MSPSocket. 1068 MSPSocket_Close() [out] 0
[2016/12/15 15:23:14 329][Px1747][Tx77fff700][INF] LMOD       luac_logge 172  [transport:57:clear_ip ip_type =  def_athopen.xf-yun.com  ]
[2016/12/15 15:23:14 329][Px1747][Tx77fff700][WAR] LMOD       luac_logge 168  [transport:321:soc_conn_failed  ]
[2016/12/15 15:23:14 330][Px1747][Tx77fff700][DBG] LMOD       luac_logge 178  [network:88:iptoenv ,  ipcache  open.xf-yun.com  def  nil  ]
[2016/12/15 15:23:14 331][Px1747][Tx77fff700][INF] LLOADER    lloader.c  327  load dkjson
[2016/12/15 15:23:14 331][Px1747][Tx77fff700][INF] LLOADER    lloader.c  339  a intalled entry
[2016/12/15 15:23:14 331][Px1747][Tx77fff700][INF] LLOADER    lloader.c  365  from rom
[2016/12/15 15:23:14 331][Px1747][Tx77fff700][PRF] LLOADER    lloader.c  397  load dkjson cost 1 (ms)
[2016/12/15 15:23:14 332][Px1747][Tx77fff700][INF] LMOD       luac_logge 172  [transport:390:switch 80  ]
[2016/12/15 15:23:14 332][Px1747][Tx77fff700][TRC] LENGINE    leng_shell 109  lEngine_Start(6c0639d8,6c0639d8,0,) [in]
[2016/12/15 15:23:14 332][Px1747][Tx77fff700][TRC] LENGINE    leng_shell 351  lEngine_PostMessage(6c3fc3c0,1,2,) [in]
[2016/12/15 15:23:14 333][Px1747][Tx77fff700][DBG] MSPTHREAD  MSPThreadP 733  POST l_engine_1:10:1:1
[2016/12/15 15:23:14 333][Px1747][Tx7cc6e700][DBG] LENGINE    leng_main. 513  ENGINE_MSG_RPC_ASYNC
[2016/12/15 15:23:14 333][Px1747][Tx7cc6e700][DBG] LENGINE    leng_main. 521  [waiter], stat = 1
[2016/12/15 15:23:14 334][Px1747][Tx7cc6e700][DBG] LENGINE    leng_rpc.c 413  luacRPCFuncProto_Invoke(6c3f2a90,6c3fc3c0) [in]
[2016/12/15 15:23:14 334][Px1747][Tx77fff700][TRC] LENGINE    leng_shell 374  lEngine_PostMessage() [out] 0
[2016/12/15 15:23:14 334][Px1747][Tx7cc6e700][INF] LMOD       luac_logge 172  [network:380:redns  def  open.xf-yun.com  ]
[2016/12/15 15:23:14 335][Px1747][Tx7cc6e700][TRC] MSPADNS    MSPAsyncDn 268  MSPAsyncDns_Start() [in]
[2016/12/15 15:23:14 335][Px1747][Tx7d46f700][DBG] MSPADNS    MSPAsyncDn 184  gethostbyname(open.xf-yun.com) start [id=1879145880]
[2016/12/15 15:23:14 335][Px1747][Tx7d46f700][ERR] MSPADNS    MSPAsyncDn 211  gethostbyname(open.xf-yun.com) failed: Temporary failure in name resolution [id=1879145880]
[2016/12/15 15:23:14 336][Px1747][Tx7d46f700][DBG] MSPTHREAD  MSPThreadP 733  POST l_engine_1:10:1:0
[2016/12/15 15:23:14 336][Px1747][Tx77fff700][TRC] LMOD       luac_logge 170  [transport:1198:[soc] disconnect   ]
[2016/12/15 15:23:14 336][Px1747][Tx7cc6e700][INF] LMOD       luac_logge 172  [waiter:196:last gc at  1481844193  ]
[2016/12/15 15:23:14 337][Px1747][Tx7cc6e700][DBG] LENGINE    leng_rpc.c 527  luacRPCFuncProto_Invoke() [out] ret = 0
[2016/12/15 15:23:14 338][Px1747][Tx7cc6e700][DBG] LENGINE    leng_main. 513  ENGINE_MSG_RPC_ASYNC
[2016/12/15 15:23:14 338][Px1747][Tx7cc6e700][DBG] LENGINE    leng_main. 521  [waiter], stat = 1
[2016/12/15 15:23:14 338][Px1747][Tx7cc6e700][DBG] LENGINE    leng_rpc.c 413  luacRPCFuncProto_Invoke(54001a20,6c3fc3c0) [in]
[2016/12/15 15:23:14 339][Px1747][Tx77fff700][DBG] LENGINE    leng_rpc.c 527  luacRPCFuncProto_Invoke() [out] ret = 0
[2016/12/15 15:23:14 339][Px1747][Tx7cc6e700][INF] LMOD       luac_logge 172  [network:173:dns resp  10214  ]
[2016/12/15 15:23:14 339][Px1747][Tx7cc6e700][INF] LMOD       luac_logge 172  [network:397:redns dns resp  nil  10214  nil  nil  ]
[2016/12/15 15:23:14 340][Px1747][Tx7cc6e700][DBG] LENGINE    leng_rpc.c 527  luacRPCFuncProto_Invoke() [out] ret = 0
[2016/12/15 15:23:14 536][Px1747][Tx77fff700][DBG] LENGINE    leng_rpc.c 413  luacRPCFuncProto_Invoke(6c0056b0,6426de80) [in]
[2016/12/15 15:23:14 537][Px1747][Tx77fff700][INF] LMOD       luac_logge 172  [transport:959:session.domain=  open.xf-yun.com  ]
[2016/12/15 15:23:14 538][Px1747][Tx77fff700][INF] LMOD       luac_logge 172  [transport:960:url.host=  open.xf-yun.com  ]
[2016/12/15 15:23:14 539][Px1747][Tx77fff700][INF] LLOADER    lloader.c  327  load dkjson
[2016/12/15 15:23:14 539][Px1747][Tx77fff700][INF] LLOADER    lloader.c  339  a intalled entry
[2016/12/15 15:23:14 539][Px1747][Tx77fff700][INF] LLOADER    lloader.c  365  from rom
[2016/12/15 15:23:14 539][Px1747][Tx77fff700][PRF] LLOADER    lloader.c  397  load dkjson cost 1 (ms)
[2016/12/15 15:23:14 540][Px1747][Tx77fff700][DBG] LMOD       luac_logge 178  [network:83:ipfromenv ,  ipcache  open.xf-yun.com  def  nil  ]
[2016/12/15 15:23:14 540][Px1747][Tx77fff700][TRC] LMOD       luac_logge 170  [transport:994:NAMESERVER START  ]
[2016/12/15 15:23:14 542][Px1747][Tx77fff700][INF] LMOD       luac_logge 172  [transport:997:name =   ath  ]
[2016/12/15 15:23:14 543][Px1747][Tx77fff700][INF] LMOD       luac_logge 172  [ns:727:ntt=  standard  ]
[2016/12/15 15:23:14 543][Px1747][Tx77fff700][INF] LMOD       luac_logge 172  [transport:1000:trans,ns_inprog =  0  ]
[2016/12/15 15:23:14 543][Px1747][Tx77fff700][TRC] LMOD       luac_logge 170  [ns:682:name server start  ]
[2016/12/15 15:23:14 544][Px1747][Tx77fff700][INF] LMOD       luac_logge 172  [ns:683:ns_sub =   ath  ]
[2016/12/15 15:23:14 544][Px1747][Tx77fff700][INF] LMOD       luac_logge 172  [ns:685:ns_host=  open.xf-yun.com  ]
[2016/12/15 15:23:14 545][Px1747][Tx77fff700][INF] LMOD       luac_logge 172  [ns:403:ns_host=  open.xf-yun.com  ]
[2016/12/15 15:23:14 545][Px1747][Tx77fff700][DBG] LMOD       luac_logge 178  [ns:662:GET /sip/resolver?srand=1215152311.32 HTTP/1.1
Host: hdns.openspeech.cn
Connection: Keep-Alive
X-Par: ver=1.2&appid=583467f7&operator=UNKNOW&nettype=STANDARD&cver=5.0.27.1135&svc=ath&host=open.xf-yun.com&sign=35d8de5920788f2239e6c003e0791a01
User-Agent: iFLYCloud

  ]
[2016/12/15 15:23:14 546][Px1747][Tx77fff700][INF] LMOD       luac_logge 172  [ns:663:net_type =  standard  ]
[2016/12/15 15:23:14 546][Px1747][Tx77fff700][INF] LMOD       luac_logge 172  [ns:664:cmwapascmnet =  ]
[2016/12/15 15:23:14 546][Px1747][Tx77fff700][INF] LMOD       luac_logge 172  [ns:665:uniwapasuninet =  ]
[2016/12/15 15:23:14 547][Px1747][Tx77fff700][INF] LMOD       luac_logge 172  [ns:666:ctwapasctnet =  ]
[2016/12/15 15:23:14 547][Px1747][Tx77fff700][INF] LMOD       luac_logge 172  [ns:676:host=  hdns.openspeech.cn  ]
[2016/12/15 15:23:14 547][Px1747][Tx77fff700][TRC] MSPADNS    MSPAsyncDn 268  MSPAsyncDns_Start() [in]
[2016/12/15 15:23:14 547][Px1747][Tx7d46f700][DBG] MSPADNS    MSPAsyncDn 184  gethostbyname(hdns.openspeech.cn) start [id=1816098296]
[2016/12/15 15:23:14 547][Px1747][Tx7d46f700][ERR] MSPADNS    MSPAsyncDn 211  gethostbyname(hdns.openspeech.cn) failed: Temporary failure in name resolution [id=1816098296]
[2016/12/15 15:23:14 548][Px1747][Tx7d46f700][DBG] MSPTHREAD  MSPThreadP 733  POST l_engine_2:10:1:1
[2016/12/15 15:23:14 549][Px1747][Tx77fff700][TRC] MSPADNS    MSPAsyncDn 268  MSPAsyncDns_Start() [in]
[2016/12/15 15:23:14 549][Px1747][Tx7d46f700][DBG] MSPADNS    MSPAsyncDn 184  gethostbyname(open.xf-yun.com) start [id=1816161736]
[2016/12/15 15:23:14 550][Px1747][Tx7d46f700][ERR] MSPADNS    MSPAsyncDn 211  gethostbyname(open.xf-yun.com) failed: Temporary failure in name resolution [id=1816161736]
[2016/12/15 15:23:14 550][Px1747][Tx7d46f700][DBG] MSPTHREAD  MSPThreadP 733  POST l_engine_2:10:2:0
[2016/12/15 15:23:14 550][Px1747][Tx77fff700][DBG] LENGINE    leng_rpc.c 527  luacRPCFuncProto_Invoke() [out] ret = 0
[2016/12/15 15:23:14 550][Px1747][Tx77fff700][DBG] LENGINE    leng_main. 513  ENGINE_MSG_RPC_ASYNC
[2016/12/15 15:23:14 551][Px1747][Tx77fff700][DBG] LENGINE    leng_main. 521  [isr_local], stat = 1
[2016/12/15 15:23:14 551][Px1747][Tx77fff700][DBG] LENGINE    leng_rpc.c 413  luacRPCFuncProto_Invoke(54001a20,6426de80) [in]
[2016/12/15 15:23:14 551][Px1747][Tx77fff700][INF] LMOD       luac_logge 172  [ns:290:ns dns resp  10214  ]
[2016/12/15 15:23:14 552][Px1747][Tx77fff700][INF] LMOD       luac_logge 172  [ns:564:ns dns failed, err =   10214  ]
[2016/12/15 15:23:14 552][Px1747][Tx77fff700][INF] LMOD       luac_logge 172  [ns:174:ns gethttpresp  117.121.48.5  80  ]
[2016/12/15 15:23:14 553][Px1747][Tx77fff700][TRC] MSPSOCKET  MSPSocket. 269  MSPSocket_New(1, 1) [in]
[2016/12/15 15:23:14 553][Px1747][Tx77fff700][DBG] MSPSOCKET  MSPSocket. 326  socket(2,1,) ret=7, detail=101
[2016/12/15 15:23:14 553][Px1747][Tx77fff700][TRC] MSPSOCKET  MSPSocket. 411  MSPSocket_New() [out] 6c406ba0 0
[2016/12/15 15:23:14 553][Px1747][Tx77fff700][TRC] MSPSOCKET  MSPSocket. 501  MSPSocket_Connect(6c406ba0) [in]
[2016/12/15 15:23:14 553][Px1747][Tx77fff700][DBG] MSPSOCKET  MSPSocket. 515  connect(7,117.121.48.5,) ret=-1, hd=6c406ba0
[2016/12/15 15:23:14 554][Px1747][Tx77fff700][ERR] MSPSOCKET  MSPSocket. 530  connect() failed! 6c406ba0,7,-1,101
[2016/12/15 15:23:14 554][Px1747][Tx77fff700][DBG] MSPTHREAD  MSPThreadP 733  POST l_engine_2:10:2:0
[2016/12/15 15:23:14 554][Px1747][Tx77fff700][TRC] MSPSOCKET  MSPSocket. 565  MSPSocket_Connect() [out] 10202
[2016/12/15 15:23:14 554][Px1747][Tx77fff700][DBG] LENGINE    leng_rpc.c 527  luacRPCFuncProto_Invoke() [out] ret = 0
[2016/12/15 15:23:14 555][Px1747][Tx77fff700][DBG] LENGINE    leng_main. 513  ENGINE_MSG_RPC_ASYNC
[2016/12/15 15:23:14 555][Px1747][Tx77fff700][DBG] LENGINE    leng_main. 521  [isr_local], stat = 1
[2016/12/15 15:23:14 555][Px1747][Tx77fff700][DBG] LENGINE    leng_rpc.c 413  luacRPCFuncProto_Invoke(54002d10,6426de80) [in]
[2016/12/15 15:23:14 555][Px1747][Tx77fff700][ERR] LMOD       luac_logge 166  [transport:295:[dns] [0] failed! 10214  ]
[2016/12/15 15:23:14 556][Px1747][Tx77fff700][INF] LLOADER    lloader.c  327  load dkjson
[2016/12/15 15:23:14 556][Px1747][Tx77fff700][INF] LLOADER    lloader.c  339  a intalled entry
[2016/12/15 15:23:14 556][Px1747][Tx77fff700][INF] LLOADER    lloader.c  365  from rom
[2016/12/15 15:23:14 556][Px1747][Tx77fff700][PRF] LLOADER    lloader.c  397  load dkjson cost 1 (ms)
[2016/12/15 15:23:14 557][Px1747][Tx77fff700][DBG] LMOD       luac_logge 178  [network:83:ipfromenv ,  ipcache  open.xf-yun.com  def  nil  ]
[2016/12/15 15:23:14 557][Px1747][Tx77fff700][INF] LLOADER    lloader.c  327  load dkjson
[2016/12/15 15:23:14 558][Px1747][Tx77fff700][INF] LLOADER    lloader.c  339  a intalled entry
[2016/12/15 15:23:14 558][Px1747][Tx77fff700][INF] LLOADER    lloader.c  365  from rom
[2016/12/15 15:23:14 559][Px1747][Tx77fff700][PRF] LLOADER    lloader.c  397  load dkjson cost 1 (ms)
[2016/12/15 15:23:14 560][Px1747][Tx77fff700][DBG] LMOD       luac_logge 178  [network:83:ipfromenv ,  ipcfg  open.xf-yun.com  def  nil  ]
[2016/12/15 15:23:14 560][Px1747][Tx77fff700][TRC] LMOD       luac_logge 170  [transport:1166:[soc] connect   116.213.69.195  80  ]
[2016/12/15 15:23:14 560][Px1747][Tx77fff700][TRC] MSPSOCKET  MSPSocket. 1593 MSPSocketTCPConnPool_Query(116.213.69.195, 80) [in]
[2016/12/15 15:23:14 561][Px1747][Tx77fff700][TRC] MSPSOCKET  MSPSocket. 1618 MSPSocketTCPConnPool_Query() [out] ret=0
[2016/12/15 15:23:14 561][Px1747][Tx77fff700][INF] LMOD       luac_logge 172  [transport:1183:mspsoc.open,prot_type=  tcp  ]
[2016/12/15 15:23:14 561][Px1747][Tx77fff700][TRC] MSPSOCKET  MSPSocket. 269  MSPSocket_New(1, 1) [in]
[2016/12/15 15:23:14 561][Px1747][Tx77fff700][DBG] MSPSOCKET  MSPSocket. 326  socket(2,1,) ret=8, detail=101
[2016/12/15 15:23:14 561][Px1747][Tx77fff700][TRC] MSPSOCKET  MSPSocket. 411  MSPSocket_New() [out] 6c0062c0 0
[2016/12/15 15:23:14 562][Px1747][Tx77fff700][TRC] MSPSOCKET  MSPSocket. 501  MSPSocket_Connect(6c0062c0) [in]
[2016/12/15 15:23:14 562][Px1747][Tx77fff700][DBG] MSPSOCKET  MSPSocket. 515  connect(8,116.213.69.195,) ret=-1, hd=6c0062c0
[2016/12/15 15:23:14 562][Px1747][Tx77fff700][ERR] MSPSOCKET  MSPSocket. 530  connect() failed! 6c0062c0,8,-1,101
[2016/12/15 15:23:14 563][Px1747][Tx77fff700][DBG] MSPTHREAD  MSPThreadP 733  POST l_engine_2:10:2:0
[2016/12/15 15:23:14 563][Px1747][Tx77fff700][TRC] MSPSOCKET  MSPSocket. 565  MSPSocket_Connect() [out] 10202
[2016/12/15 15:23:14 564][Px1747][Tx77fff700][DBG] LENGINE    leng_rpc.c 527  luacRPCFuncProto_Invoke() [out] ret = 0
[2016/12/15 15:23:14 564][Px1747][Tx77fff700][DBG] LENGINE    leng_main. 513  ENGINE_MSG_RPC_ASYNC
[2016/12/15 15:23:14 564][Px1747][Tx77fff700][DBG] LENGINE    leng_main. 521  [isr_local], stat = 1
[2016/12/15 15:23:14 564][Px1747][Tx77fff700][DBG] LENGINE    leng_rpc.c 413  luacRPCFuncProto_Invoke(6c07d100,6426de80) [in]
[2016/12/15 15:23:14 565][Px1747][Tx77fff700][INF] LMOD       luac_logge 172  [ns:244:ns soc error  10202  ]
[2016/12/15 15:23:14 565][Px1747][Tx77fff700][TRC] MSPSOCKET  MSPSocket. 1014 MSPSocket_Close(6c406ba0) [in]
[2016/12/15 15:23:14 565][Px1747][Tx77fff700][DBG] MSPSOCKET  MSPSocket. 1034 close(7), 6c406ba0
[2016/12/15 15:23:14 566][Px1747][Tx77fff700][TRC] MSPSOCKET  MSPSocket. 1068 MSPSocket_Close() [out] 0
[2016/12/15 15:23:14 567][Px1747][Tx77fff700][INF] LMOD       luac_logge 172  [ns:407:name server http resp  nil  10202  nil  ]
[2016/12/15 15:23:14 567][Px1747][Tx77fff700][INF] LMOD       luac_logge 172  [ns:551:ns response failed, err =  10202  ]
[2016/12/15 15:23:14 567][Px1747][Tx77fff700][INF] LMOD       luac_logge 172  [ns:111:ns_host=  open.xf-yun.com  ]
[2016/12/15 15:23:14 568][Px1747][Tx77fff700][INF] LMOD       luac_logge 172  [ns:113:use default ip  ]
[2016/12/15 15:23:14 568][Px1747][Tx77fff700][INF] LMOD       luac_logge 172  [transport:974:ns_ip =   116.213.69.195  ]
[2016/12/15 15:23:14 568][Px1747][Tx77fff700][INF] LMOD       luac_logge 172  [transport:975:ip_type =  def_athopen.xf-yun.com  ]
[2016/12/15 15:23:14 569][Px1747][Tx77fff700][INF] LMOD       luac_logge 172  [ns:756:no data in ns_q  ]
[2016/12/15 15:23:14 569][Px1747][Tx77fff700][INF] LMOD       luac_logge 172  [ns:757:conti_ns,ns_inprog =   1  ]
[2016/12/15 15:23:14 570][Px1747][Tx77fff700][DBG] LENGINE    leng_rpc.c 527  luacRPCFuncProto_Invoke() [out] ret = 0
[2016/12/15 15:23:14 571][Px1747][Tx77fff700][DBG] LENGINE    leng_main. 513  ENGINE_MSG_RPC_ASYNC
[2016/12/15 15:23:14 571][Px1747][Tx77fff700][DBG] LENGINE    leng_main. 521  [isr_local], stat = 1
[2016/12/15 15:23:14 571][Px1747][Tx77fff700][DBG] LENGINE    leng_rpc.c 413  luacRPCFuncProto_Invoke(6c3f75d0,6426de80) [in]
[2016/12/15 15:23:14 572][Px1747][Tx77fff700][ERR] LMOD       luac_logge 166  [transport:545:MSC:[soc] [0] error 10202 101!  ]
[2016/12/15 15:23:14 573][Px1747][Tx77fff700][TRC] MSPSOCKET  MSPSocket. 1014 MSPSocket_Close(6c0062c0) [in]
[2016/12/15 15:23:14 573][Px1747][Tx77fff700][DBG] MSPSOCKET  MSPSocket. 1034 close(8), 6c0062c0
[2016/12/15 15:23:14 573][Px1747][Tx77fff700][TRC] MSPSOCKET  MSPSocket. 1068 MSPSocket_Close() [out] 0
[2016/12/15 15:23:14 573][Px1747][Tx77fff700][INF] LMOD       luac_logge 172  [transport:57:clear_ip ip_type =  def_athopen.xf-yun.com  ]
[2016/12/15 15:23:14 574][Px1747][Tx77fff700][WAR] LMOD       luac_logge 168  [transport:321:soc_conn_failed  ]
[2016/12/15 15:23:14 574][Px1747][Tx77fff700][DBG] LMOD       luac_logge 178  [network:88:iptoenv ,  ipcache  open.xf-yun.com  def  nil  ]
[2016/12/15 15:23:14 574][Px1747][Tx77fff700][INF] LLOADER    lloader.c  327  load dkjson
[2016/12/15 15:23:14 574][Px1747][Tx77fff700][INF] LLOADER    lloader.c  339  a intalled entry
[2016/12/15 15:23:14 575][Px1747][Tx77fff700][INF] LLOADER    lloader.c  365  from rom
[2016/12/15 15:23:14 575][Px1747][Tx77fff700][PRF] LLOADER    lloader.c  397  load dkjson cost 0 (ms)
[2016/12/15 15:23:14 575][Px1747][Tx77fff700][INF] LMOD       luac_logge 172  [transport:390:switch 80  ]
[2016/12/15 15:23:14 576][Px1747][Tx77fff700][TRC] LENGINE    leng_shell 109  lEngine_Start(6c0639d8,6c0639d8,0,) [in]
[2016/12/15 15:23:14 576][Px1747][Tx77fff700][TRC] LENGINE    leng_shell 351  lEngine_PostMessage(6c3fc3c0,1,2,) [in]
[2016/12/15 15:23:14 576][Px1747][Tx77fff700][DBG] MSPTHREAD  MSPThreadP 733  POST l_engine_1:10:1:1
[2016/12/15 15:23:14 576][Px1747][Tx7cc6e700][DBG] LENGINE    leng_main. 513  ENGINE_MSG_RPC_ASYNC
[2016/12/15 15:23:14 577][Px1747][Tx7cc6e700][DBG] LENGINE    leng_main. 521  [waiter], stat = 1
[2016/12/15 15:23:14 577][Px1747][Tx7cc6e700][DBG] LENGINE    leng_rpc.c 413  luacRPCFuncProto_Invoke(6c3f69b0,6c3fc3c0) [in]
[2016/12/15 15:23:14 577][Px1747][Tx77fff700][TRC] LENGINE    leng_shell 374  lEngine_PostMessage() [out] 0
[2016/12/15 15:23:14 577][Px1747][Tx7cc6e700][INF] LMOD       luac_logge 172  [network:380:redns  def  open.xf-yun.com  ]
[2016/12/15 15:23:14 577][Px1747][Tx7cc6e700][TRC] MSPADNS    MSPAsyncDn 268  MSPAsyncDns_Start() [in]
[2016/12/15 15:23:14 578][Px1747][Tx7d46f700][DBG] MSPADNS    MSPAsyncDn 184  gethostbyname(open.xf-yun.com) start [id=1879147720]
[2016/12/15 15:23:14 578][Px1747][Tx7d46f700][ERR] MSPADNS    MSPAsyncDn 211  gethostbyname(open.xf-yun.com) failed: Temporary failure in name resolution [id=1879147720]
[2016/12/15 15:23:14 579][Px1747][Tx7d46f700][DBG] MSPTHREAD  MSPThreadP 733  POST l_engine_1:10:1:0
[2016/12/15 15:23:14 579][Px1747][Tx77fff700][TRC] LMOD       luac_logge 170  [transport:1198:[soc] disconnect   ]
[2016/12/15 15:23:14 579][Px1747][Tx7cc6e700][INF] LMOD       luac_logge 172  [waiter:196:last gc at  1481844193  ]
[2016/12/15 15:23:14 579][Px1747][Tx7cc6e700][DBG] LENGINE    leng_rpc.c 527  luacRPCFuncProto_Invoke() [out] ret = 0
[2016/12/15 15:23:14 580][Px1747][Tx7cc6e700][DBG] LENGINE    leng_main. 513  ENGINE_MSG_RPC_ASYNC
[2016/12/15 15:23:14 580][Px1747][Tx7cc6e700][DBG] LENGINE    leng_main. 521  [waiter], stat = 1
[2016/12/15 15:23:14 580][Px1747][Tx7cc6e700][DBG] LENGINE    leng_rpc.c 413  luacRPCFuncProto_Invoke(54001a20,6c3fc3c0) [in]
[2016/12/15 15:23:14 580][Px1747][Tx77fff700][DBG] LENGINE    leng_rpc.c 527  luacRPCFuncProto_Invoke() [out] ret = 0
[2016/12/15 15:23:14 580][Px1747][Tx7cc6e700][INF] LMOD       luac_logge 172  [network:173:dns resp  10214  ]
[2016/12/15 15:23:14 581][Px1747][Tx7cc6e700][INF] LMOD       luac_logge 172  [network:397:redns dns resp  nil  10214  nil  nil  ]
[2016/12/15 15:23:14 582][Px1747][Tx7cc6e700][DBG] LENGINE    leng_rpc.c 527  luacRPCFuncProto_Invoke() [out] ret = 0
[2016/12/15 15:23:14 780][Px1747][Tx77fff700][DBG] LENGINE    leng_rpc.c 413  luacRPCFuncProto_Invoke(6c3f91f0,6426de80) [in]
[2016/12/15 15:23:14 781][Px1747][Tx77fff700][INF] LMOD       luac_logge 172  [transport:959:session.domain=  open.xf-yun.com  ]
[2016/12/15 15:23:14 781][Px1747][Tx77fff700][INF] LMOD       luac_logge 172  [transport:960:url.host=  open.xf-yun.com  ]
[2016/12/15 15:23:14 781][Px1747][Tx77fff700][INF] LLOADER    lloader.c  327  load dkjson
[2016/12/15 15:23:14 782][Px1747][Tx77fff700][INF] LLOADER    lloader.c  339  a intalled entry
[2016/12/15 15:23:14 782][Px1747][Tx77fff700][INF] LLOADER    lloader.c  365  from rom
[2016/12/15 15:23:14 782][Px1747][Tx77fff700][PRF] LLOADER    lloader.c  397  load dkjson cost 1 (ms)
[2016/12/15 15:23:14 784][Px1747][Tx77fff700][DBG] LMOD       luac_logge 178  [network:83:ipfromenv ,  ipcache  open.xf-yun.com  def  nil  ]
[2016/12/15 15:23:14 784][Px1747][Tx77fff700][TRC] LMOD       luac_logge 170  [transport:994:NAMESERVER START  ]
[2016/12/15 15:23:14 785][Px1747][Tx77fff700][INF] LMOD       luac_logge 172  [transport:997:name =   ath  ]
[2016/12/15 15:23:14 785][Px1747][Tx77fff700][INF] LMOD       luac_logge 172  [ns:727:ntt=  standard  ]
[2016/12/15 15:23:14 786][Px1747][Tx77fff700][INF] LMOD       luac_logge 172  [transport:1000:trans,ns_inprog =  0  ]
[2016/12/15 15:23:14 786][Px1747][Tx77fff700][TRC] LMOD       luac_logge 170  [ns:682:name server start  ]
[2016/12/15 15:23:14 786][Px1747][Tx77fff700][INF] LMOD       luac_logge 172  [ns:683:ns_sub =   ath  ]
[2016/12/15 15:23:14 787][Px1747][Tx77fff700][INF] LMOD       luac_logge 172  [ns:685:ns_host=  open.xf-yun.com  ]
[2016/12/15 15:23:14 787][Px1747][Tx77fff700][INF] LMOD       luac_logge 172  [ns:403:ns_host=  open.xf-yun.com  ]
[2016/12/15 15:23:14 788][Px1747][Tx77fff700][DBG] LMOD       luac_logge 178  [ns:662:GET /sip/resolver?srand=1215152311.32 HTTP/1.1
Host: hdns.openspeech.cn
Connection: Keep-Alive
X-Par: ver=1.2&appid=583467f7&operator=UNKNOW&nettype=STANDARD&cver=5.0.27.1135&svc=ath&host=open.xf-yun.com&sign=35d8de5920788f2239e6c003e0791a01
User-Agent: iFLYCloud

  ]
[2016/12/15 15:23:14 788][Px1747][Tx77fff700][INF] LMOD       luac_logge 172  [ns:663:net_type =  standard  ]
[2016/12/15 15:23:14 789][Px1747][Tx77fff700][INF] LMOD       luac_logge 172  [ns:664:cmwapascmnet =  ]
[2016/12/15 15:23:14 789][Px1747][Tx77fff700][INF] LMOD       luac_logge 172  [ns:665:uniwapasuninet =  ]
[2016/12/15 15:23:14 789][Px1747][Tx77fff700][INF] LMOD       luac_logge 172  [ns:666:ctwapasctnet =  ]
[2016/12/15 15:23:14 790][Px1747][Tx77fff700][INF] LMOD       luac_logge 172  [ns:676:host=  hdns.openspeech.cn  ]
[2016/12/15 15:23:14 790][Px1747][Tx77fff700][TRC] MSPADNS    MSPAsyncDn 268  MSPAsyncDns_Start() [in]
[2016/12/15 15:23:14 790][Px1747][Tx7d46f700][DBG] MSPADNS    MSPAsyncDn 184  gethostbyname(hdns.openspeech.cn) start [id=1811962840]
[2016/12/15 15:23:14 790][Px1747][Tx7d46f700][ERR] MSPADNS    MSPAsyncDn 211  gethostbyname(hdns.openspeech.cn) failed: Temporary failure in name resolution [id=1811962840]
[2016/12/15 15:23:14 791][Px1747][Tx7d46f700][DBG] MSPTHREAD  MSPThreadP 733  POST l_engine_2:10:1:1
[2016/12/15 15:23:14 791][Px1747][Tx77fff700][TRC] MSPADNS    MSPAsyncDn 268  MSPAsyncDns_Start() [in]
[2016/12/15 15:23:14 791][Px1747][Tx7d46f700][DBG] MSPADNS    MSPAsyncDn 184  gethostbyname(open.xf-yun.com) start [id=1816161736]
[2016/12/15 15:23:14 791][Px1747][Tx7d46f700][ERR] MSPADNS    MSPAsyncDn 211  gethostbyname(open.xf-yun.com) failed: Temporary failure in name resolution [id=1816161736]
[2016/12/15 15:23:14 792][Px1747][Tx7d46f700][DBG] MSPTHREAD  MSPThreadP 733  POST l_engine_2:10:2:0
[2016/12/15 15:23:14 792][Px1747][Tx77fff700][DBG] LENGINE    leng_rpc.c 527  luacRPCFuncProto_Invoke() [out] ret = 0
[2016/12/15 15:23:14 792][Px1747][Tx77fff700][DBG] LENGINE    leng_main. 513  ENGINE_MSG_RPC_ASYNC
[2016/12/15 15:23:14 792][Px1747][Tx77fff700][DBG] LENGINE    leng_main. 521  [isr_local], stat = 1
[2016/12/15 15:23:14 792][Px1747][Tx77fff700][DBG] LENGINE    leng_rpc.c 413  luacRPCFuncProto_Invoke(54001a20,6426de80) [in]
[2016/12/15 15:23:14 793][Px1747][Tx77fff700][INF] LMOD       luac_logge 172  [ns:290:ns dns resp  10214  ]
[2016/12/15 15:23:14 793][Px1747][Tx77fff700][INF] LMOD       luac_logge 172  [ns:564:ns dns failed, err =   10214  ]
[2016/12/15 15:23:14 793][Px1747][Tx77fff700][INF] LMOD       luac_logge 172  [ns:174:ns gethttpresp  117.121.48.5  80  ]
[2016/12/15 15:23:14 794][Px1747][Tx77fff700][TRC] MSPSOCKET  MSPSocket. 269  MSPSocket_New(1, 1) [in]
[2016/12/15 15:23:14 794][Px1747][Tx77fff700][DBG] MSPSOCKET  MSPSocket. 326  socket(2,1,) ret=7, detail=101
[2016/12/15 15:23:14 794][Px1747][Tx77fff700][TRC] MSPSOCKET  MSPSocket. 411  MSPSocket_New() [out] 6c0056b0 0
[2016/12/15 15:23:14 794][Px1747][Tx77fff700][TRC] MSPSOCKET  MSPSocket. 501  MSPSocket_Connect(6c0056b0) [in]
[2016/12/15 15:23:14 794][Px1747][Tx77fff700][DBG] MSPSOCKET  MSPSocket. 515  connect(7,117.121.48.5,) ret=-1, hd=6c0056b0
[2016/12/15 15:23:14 795][Px1747][Tx77fff700][ERR] MSPSOCKET  MSPSocket. 530  connect() failed! 6c0056b0,7,-1,101
[2016/12/15 15:23:14 795][Px1747][Tx77fff700][DBG] MSPTHREAD  MSPThreadP 733  POST l_engine_2:10:2:0
[2016/12/15 15:23:14 795][Px1747][Tx77fff700][TRC] MSPSOCKET  MSPSocket. 565  MSPSocket_Connect() [out] 10202
[2016/12/15 15:23:14 795][Px1747][Tx77fff700][DBG] LENGINE    leng_rpc.c 527  luacRPCFuncProto_Invoke() [out] ret = 0
[2016/12/15 15:23:14 795][Px1747][Tx77fff700][DBG] LENGINE    leng_main. 513  ENGINE_MSG_RPC_ASYNC
[2016/12/15 15:23:14 795][Px1747][Tx77fff700][DBG] LENGINE    leng_main. 521  [isr_local], stat = 1
[2016/12/15 15:23:14 796][Px1747][Tx77fff700][DBG] LENGINE    leng_rpc.c 413  luacRPCFuncProto_Invoke(54002d10,6426de80) [in]
[2016/12/15 15:23:14 797][Px1747][Tx77fff700][ERR] LMOD       luac_logge 166  [transport:295:[dns] [0] failed! 10214  ]
[2016/12/15 15:23:14 798][Px1747][Tx77fff700][INF] LLOADER    lloader.c  327  load dkjson
[2016/12/15 15:23:14 798][Px1747][Tx77fff700][INF] LLOADER    lloader.c  339  a intalled entry
[2016/12/15 15:23:14 798][Px1747][Tx77fff700][INF] LLOADER    lloader.c  365  from rom
[2016/12/15 15:23:14 798][Px1747][Tx77fff700][PRF] LLOADER    lloader.c  397  load dkjson cost 1 (ms)
[2016/12/15 15:23:14 799][Px1747][Tx77fff700][DBG] LMOD       luac_logge 178  [network:83:ipfromenv ,  ipcache  open.xf-yun.com  def  nil  ]
[2016/12/15 15:23:14 799][Px1747][Tx77fff700][INF] LLOADER    lloader.c  327  load dkjson
[2016/12/15 15:23:14 799][Px1747][Tx77fff700][INF] LLOADER    lloader.c  339  a intalled entry
[2016/12/15 15:23:14 799][Px1747][Tx77fff700][INF] LLOADER    lloader.c  365  from rom
[2016/12/15 15:23:14 800][Px1747][Tx77fff700][PRF] LLOADER    lloader.c  397  load dkjson cost 0 (ms)
[2016/12/15 15:23:14 800][Px1747][Tx77fff700][DBG] LMOD       luac_logge 178  [network:83:ipfromenv ,  ipcfg  open.xf-yun.com  def  nil  ]
[2016/12/15 15:23:14 801][Px1747][Tx77fff700][TRC] LMOD       luac_logge 170  [transport:1166:[soc] connect   116.213.69.195  80  ]
[2016/12/15 15:23:14 801][Px1747][Tx77fff700][TRC] MSPSOCKET  MSPSocket. 1593 MSPSocketTCPConnPool_Query(116.213.69.195, 80) [in]
[2016/12/15 15:23:14 801][Px1747][Tx77fff700][TRC] MSPSOCKET  MSPSocket. 1618 MSPSocketTCPConnPool_Query() [out] ret=0
[2016/12/15 15:23:14 802][Px1747][Tx77fff700][INF] LMOD       luac_logge 172  [transport:1183:mspsoc.open,prot_type=  tcp  ]
[2016/12/15 15:23:14 802][Px1747][Tx77fff700][TRC] MSPSOCKET  MSPSocket. 269  MSPSocket_New(1, 1) [in]
[2016/12/15 15:23:14 802][Px1747][Tx77fff700][DBG] MSPSOCKET  MSPSocket. 326  socket(2,1,) ret=8, detail=101
[2016/12/15 15:23:14 802][Px1747][Tx77fff700][TRC] MSPSOCKET  MSPSocket. 411  MSPSocket_New() [out] 6c005bb0 0
[2016/12/15 15:23:14 802][Px1747][Tx77fff700][TRC] MSPSOCKET  MSPSocket. 501  MSPSocket_Connect(6c005bb0) [in]
[2016/12/15 15:23:14 803][Px1747][Tx77fff700][DBG] MSPSOCKET  MSPSocket. 515  connect(8,116.213.69.195,) ret=-1, hd=6c005bb0
[2016/12/15 15:23:14 803][Px1747][Tx77fff700][ERR] MSPSOCKET  MSPSocket. 530  connect() failed! 6c005bb0,8,-1,101
[2016/12/15 15:23:14 803][Px1747][Tx77fff700][DBG] MSPTHREAD  MSPThreadP 733  POST l_engine_2:10:2:0
[2016/12/15 15:23:14 803][Px1747][Tx77fff700][TRC] MSPSOCKET  MSPSocket. 565  MSPSocket_Connect() [out] 10202
[2016/12/15 15:23:14 803][Px1747][Tx77fff700][DBG] LENGINE    leng_rpc.c 527  luacRPCFuncProto_Invoke() [out] ret = 0
[2016/12/15 15:23:14 804][Px1747][Tx77fff700][DBG] LENGINE    leng_main. 513  ENGINE_MSG_RPC_ASYNC
[2016/12/15 15:23:14 804][Px1747][Tx77fff700][DBG] LENGINE    leng_main. 521  [isr_local], stat = 1
[2016/12/15 15:23:14 804][Px1747][Tx77fff700][DBG] LENGINE    leng_rpc.c 413  luacRPCFuncProto_Invoke(6c3f91f0,6426de80) [in]
[2016/12/15 15:23:14 804][Px1747][Tx77fff700][INF] LMOD       luac_logge 172  [ns:244:ns soc error  10202  ]
[2016/12/15 15:23:14 805][Px1747][Tx77fff700][TRC] MSPSOCKET  MSPSocket. 1014 MSPSocket_Close(6c0056b0) [in]
[2016/12/15 15:23:14 805][Px1747][Tx77fff700][DBG] MSPSOCKET  MSPSocket. 1034 close(7), 6c0056b0
[2016/12/15 15:23:14 805][Px1747][Tx77fff700][TRC] MSPSOCKET  MSPSocket. 1068 MSPSocket_Close() [out] 0
[2016/12/15 15:23:14 806][Px1747][Tx77fff700][INF] LMOD       luac_logge 172  [ns:407:name server http resp  nil  10202  nil  ]
[2016/12/15 15:23:14 806][Px1747][Tx77fff700][INF] LMOD       luac_logge 172  [ns:551:ns response failed, err =  10202  ]
[2016/12/15 15:23:14 806][Px1747][Tx77fff700][INF] LMOD       luac_logge 172  [ns:111:ns_host=  open.xf-yun.com  ]
[2016/12/15 15:23:14 806][Px1747][Tx77fff700][INF] LMOD       luac_logge 172  [ns:113:use default ip  ]
[2016/12/15 15:23:14 807][Px1747][Tx77fff700][INF] LMOD       luac_logge 172  [transport:974:ns_ip =   116.213.69.195  ]
[2016/12/15 15:23:14 807][Px1747][Tx77fff700][INF] LMOD       luac_logge 172  [transport:975:ip_type =  def_athopen.xf-yun.com  ]
[2016/12/15 15:23:14 808][Px1747][Tx77fff700][INF] LMOD       luac_logge 172  [ns:756:no data in ns_q  ]
[2016/12/15 15:23:14 808][Px1747][Tx77fff700][INF] LMOD       luac_logge 172  [ns:757:conti_ns,ns_inprog =   1  ]
[2016/12/15 15:23:14 808][Px1747][Tx77fff700][DBG] LENGINE    leng_rpc.c 527  luacRPCFuncProto_Invoke() [out] ret = 0
[2016/12/15 15:23:14 808][Px1747][Tx77fff700][DBG] LENGINE    leng_main. 513  ENGINE_MSG_RPC_ASYNC
[2016/12/15 15:23:14 809][Px1747][Tx77fff700][DBG] LENGINE    leng_main. 521  [isr_local], stat = 1
[2016/12/15 15:23:14 809][Px1747][Tx77fff700][DBG] LENGINE    leng_rpc.c 413  luacRPCFuncProto_Invoke(6c406da0,6426de80) [in]
[2016/12/15 15:23:14 809][Px1747][Tx77fff700][ERR] LMOD       luac_logge 166  [transport:545:MSC:[soc] [0] error 10202 101!  ]
[2016/12/15 15:23:14 809][Px1747][Tx77fff700][TRC] MSPSOCKET  MSPSocket. 1014 MSPSocket_Close(6c005bb0) [in]
[2016/12/15 15:23:14 810][Px1747][Tx77fff700][DBG] MSPSOCKET  MSPSocket. 1034 close(8), 6c005bb0
[2016/12/15 15:23:14 811][Px1747][Tx77fff700][TRC] MSPSOCKET  MSPSocket. 1068 MSPSocket_Close() [out] 0
[2016/12/15 15:23:14 812][Px1747][Tx77fff700][INF] LMOD       luac_logge 172  [transport:57:clear_ip ip_type =  def_athopen.xf-yun.com  ]
[2016/12/15 15:23:14 812][Px1747][Tx77fff700][WAR] LMOD       luac_logge 168  [transport:321:soc_conn_failed  ]
[2016/12/15 15:23:14 813][Px1747][Tx77fff700][DBG] LMOD       luac_logge 178  [network:88:iptoenv ,  ipcache  open.xf-yun.com  def  nil  ]
[2016/12/15 15:23:14 813][Px1747][Tx77fff700][INF] LLOADER    lloader.c  327  load dkjson
[2016/12/15 15:23:14 813][Px1747][Tx77fff700][INF] LLOADER    lloader.c  339  a intalled entry
[2016/12/15 15:23:14 814][Px1747][Tx77fff700][INF] LLOADER    lloader.c  365  from rom
[2016/12/15 15:23:14 814][Px1747][Tx77fff700][PRF] LLOADER    lloader.c  397  load dkjson cost 2 (ms)
[2016/12/15 15:23:14 815][Px1747][Tx77fff700][INF] LMOD       luac_logge 172  [transport:390:switch 80  ]
[2016/12/15 15:23:14 816][Px1747][Tx77fff700][TRC] LENGINE    leng_shell 109  lEngine_Start(6c0639d8,6c0639d8,0,) [in]
[2016/12/15 15:23:14 816][Px1747][Tx77fff700][TRC] LENGINE    leng_shell 351  lEngine_PostMessage(6c3fc3c0,1,2,) [in]
[2016/12/15 15:23:14 816][Px1747][Tx77fff700][DBG] MSPTHREAD  MSPThreadP 733  POST l_engine_1:10:1:1
[2016/12/15 15:23:14 817][Px1747][Tx7cc6e700][DBG] LENGINE    leng_main. 513  ENGINE_MSG_RPC_ASYNC
[2016/12/15 15:23:14 817][Px1747][Tx7cc6e700][DBG] LENGINE    leng_main. 521  [waiter], stat = 1
[2016/12/15 15:23:14 818][Px1747][Tx7cc6e700][DBG] LENGINE    leng_rpc.c 413  luacRPCFuncProto_Invoke(6c3eab90,6c3fc3c0) [in]
[2016/12/15 15:23:14 818][Px1747][Tx77fff700][TRC] LENGINE    leng_shell 374  lEngine_PostMessage() [out] 0
[2016/12/15 15:23:14 818][Px1747][Tx7cc6e700][INF] LMOD       luac_logge 172  [network:380:redns  def  open.xf-yun.com  ]
[2016/12/15 15:23:14 818][Px1747][Tx7cc6e700][TRC] MSPADNS    MSPAsyncDn 268  MSPAsyncDns_Start() [in]
[2016/12/15 15:23:14 819][Px1747][Tx7d46f700][DBG] MSPADNS    MSPAsyncDn 184  gethostbyname(open.xf-yun.com) start [id=1879149416]
[2016/12/15 15:23:14 819][Px1747][Tx7d46f700][ERR] MSPADNS    MSPAsyncDn 211  gethostbyname(open.xf-yun.com) failed: Temporary failure in name resolution [id=1879149416]
[2016/12/15 15:23:14 820][Px1747][Tx7d46f700][DBG] MSPTHREAD  MSPThreadP 733  POST l_engine_1:10:1:0
[2016/12/15 15:23:14 820][Px1747][Tx77fff700][TRC] LMOD       luac_logge 170  [transport:1198:[soc] disconnect   ]
[2016/12/15 15:23:14 820][Px1747][Tx7cc6e700][INF] LMOD       luac_logge 172  [waiter:196:last gc at  1481844193  ]
[2016/12/15 15:23:14 821][Px1747][Tx7cc6e700][DBG] LENGINE    leng_rpc.c 527  luacRPCFuncProto_Invoke() [out] ret = 0
[2016/12/15 15:23:14 821][Px1747][Tx7cc6e700][DBG] LENGINE    leng_main. 513  ENGINE_MSG_RPC_ASYNC
[2016/12/15 15:23:14 821][Px1747][Tx7cc6e700][DBG] LENGINE    leng_main. 521  [waiter], stat = 1
[2016/12/15 15:23:14 822][Px1747][Tx7cc6e700][DBG] LENGINE    leng_rpc.c 413  luacRPCFuncProto_Invoke(54001a20,6c3fc3c0) [in]
[2016/12/15 15:23:14 822][Px1747][Tx77fff700][DBG] LENGINE    leng_rpc.c 527  luacRPCFuncProto_Invoke() [out] ret = 0
[2016/12/15 15:23:14 822][Px1747][Tx7cc6e700][INF] LMOD       luac_logge 172  [network:173:dns resp  10214  ]
[2016/12/15 15:23:14 823][Px1747][Tx7cc6e700][INF] LMOD       luac_logge 172  [network:397:redns dns resp  nil  10214  nil  nil  ]
[2016/12/15 15:23:14 823][Px1747][Tx7cc6e700][DBG] LENGINE    leng_rpc.c 527  luacRPCFuncProto_Invoke() [out] ret = 0
[2016/12/15 15:23:15 021][Px1747][Tx77fff700][DBG] LENGINE    leng_rpc.c 413  luacRPCFuncProto_Invoke(6c002cd0,6426de80) [in]
[2016/12/15 15:23:15 022][Px1747][Tx77fff700][INF] LMOD       luac_logge 172  [transport:959:session.domain=  open.xf-yun.com  ]
[2016/12/15 15:23:15 022][Px1747][Tx77fff700][INF] LMOD       luac_logge 172  [transport:960:url.host=  open.xf-yun.com  ]
[2016/12/15 15:23:15 022][Px1747][Tx77fff700][INF] LLOADER    lloader.c  327  load dkjson
[2016/12/15 15:23:15 023][Px1747][Tx77fff700][INF] LLOADER    lloader.c  339  a intalled entry
[2016/12/15 15:23:15 023][Px1747][Tx77fff700][INF] LLOADER    lloader.c  365  from rom
[2016/12/15 15:23:15 023][Px1747][Tx77fff700][PRF] LLOADER    lloader.c  397  load dkjson cost 1 (ms)
[2016/12/15 15:23:15 024][Px1747][Tx77fff700][DBG] LMOD       luac_logge 178  [network:83:ipfromenv ,  ipcache  open.xf-yun.com  def  nil  ]
[2016/12/15 15:23:15 024][Px1747][Tx77fff700][TRC] LMOD       luac_logge 170  [transport:994:NAMESERVER START  ]
[2016/12/15 15:23:15 025][Px1747][Tx77fff700][INF] LMOD       luac_logge 172  [transport:997:name =   ath  ]
[2016/12/15 15:23:15 025][Px1747][Tx77fff700][INF] LMOD       luac_logge 172  [ns:727:ntt=  standard  ]
[2016/12/15 15:23:15 025][Px1747][Tx77fff700][INF] LMOD       luac_logge 172  [transport:1000:trans,ns_inprog =  0  ]
[2016/12/15 15:23:15 025][Px1747][Tx77fff700][TRC] LMOD       luac_logge 170  [ns:682:name server start  ]
[2016/12/15 15:23:15 026][Px1747][Tx77fff700][INF] LMOD       luac_logge 172  [ns:683:ns_sub =   ath  ]
[2016/12/15 15:23:15 026][Px1747][Tx77fff700][INF] LMOD       luac_logge 172  [ns:685:ns_host=  open.xf-yun.com  ]
[2016/12/15 15:23:15 027][Px1747][Tx77fff700][INF] LMOD       luac_logge 172  [ns:403:ns_host=  open.xf-yun.com  ]
[2016/12/15 15:23:15 027][Px1747][Tx77fff700][DBG] LMOD       luac_logge 178  [ns:662:GET /sip/resolver?srand=1215152311.32 HTTP/1.1
Host: hdns.openspeech.cn
Connection: Keep-Alive
X-Par: ver=1.2&appid=583467f7&operator=UNKNOW&nettype=STANDARD&cver=5.0.27.1135&svc=ath&host=open.xf-yun.com&sign=35d8de5920788f2239e6c003e0791a01
User-Agent: iFLYCloud

  ]
[2016/12/15 15:23:15 028][Px1747][Tx77fff700][INF] LMOD       luac_logge 172  [ns:663:net_type =  standard  ]
[2016/12/15 15:23:15 028][Px1747][Tx77fff700][INF] LMOD       luac_logge 172  [ns:664:cmwapascmnet =  ]
[2016/12/15 15:23:15 028][Px1747][Tx77fff700][INF] LMOD       luac_logge 172  [ns:665:uniwapasuninet =  ]
[2016/12/15 15:23:15 029][Px1747][Tx77fff700][INF] LMOD       luac_logge 172  [ns:666:ctwapasctnet =  ]
[2016/12/15 15:23:15 029][Px1747][Tx77fff700][INF] LMOD       luac_logge 172  [ns:676:host=  hdns.openspeech.cn  ]
[2016/12/15 15:23:15 029][Px1747][Tx77fff700][TRC] MSPADNS    MSPAsyncDn 268  MSPAsyncDns_Start() [in]
[2016/12/15 15:23:15 029][Px1747][Tx7d46f700][DBG] MSPADNS    MSPAsyncDn 184  gethostbyname(hdns.openspeech.cn) start [id=1816105496]
[2016/12/15 15:23:15 030][Px1747][Tx7d46f700][ERR] MSPADNS    MSPAsyncDn 211  gethostbyname(hdns.openspeech.cn) failed: Temporary failure in name resolution [id=1816105496]
[2016/12/15 15:23:15 030][Px1747][Tx7d46f700][DBG] MSPTHREAD  MSPThreadP 733  POST l_engine_2:10:1:1
[2016/12/15 15:23:15 030][Px1747][Tx77fff700][TRC] MSPADNS    MSPAsyncDn 268  MSPAsyncDns_Start() [in]
[2016/12/15 15:23:15 030][Px1747][Tx7d46f700][DBG] MSPADNS    MSPAsyncDn 184  gethostbyname(open.xf-yun.com) start [id=1816186840]
[2016/12/15 15:23:15 030][Px1747][Tx7d46f700][ERR] MSPADNS    MSPAsyncDn 211  gethostbyname(open.xf-yun.com) failed: Temporary failure in name resolution [id=1816186840]
[2016/12/15 15:23:15 031][Px1747][Tx7d46f700][DBG] MSPTHREAD  MSPThreadP 733  POST l_engine_2:10:2:0
[2016/12/15 15:23:15 031][Px1747][Tx77fff700][DBG] LENGINE    leng_rpc.c 527  luacRPCFuncProto_Invoke() [out] ret = 0
[2016/12/15 15:23:15 031][Px1747][Tx77fff700][DBG] LENGINE    leng_main. 513  ENGINE_MSG_RPC_ASYNC
[2016/12/15 15:23:15 031][Px1747][Tx77fff700][DBG] LENGINE    leng_main. 521  [isr_local], stat = 1
[2016/12/15 15:23:15 031][Px1747][Tx77fff700][DBG] LENGINE    leng_rpc.c 413  luacRPCFuncProto_Invoke(54001a20,6426de80) [in]
[2016/12/15 15:23:15 032][Px1747][Tx77fff700][INF] LMOD       luac_logge 172  [ns:290:ns dns resp  10214  ]
[2016/12/15 15:23:15 033][Px1747][Tx77fff700][INF] LMOD       luac_logge 172  [ns:564:ns dns failed, err =   10214  ]
[2016/12/15 15:23:15 033][Px1747][Tx77fff700][INF] LMOD       luac_logge 172  [ns:174:ns gethttpresp  117.121.48.5  80  ]
[2016/12/15 15:23:15 033][Px1747][Tx77fff700][TRC] MSPSOCKET  MSPSocket. 269  MSPSocket_New(1, 1) [in]
[2016/12/15 15:23:15 034][Px1747][Tx77fff700][DBG] MSPSOCKET  MSPSocket. 326  socket(2,1,) ret=7, detail=101
[2016/12/15 15:23:15 034][Px1747][Tx77fff700][TRC] MSPSOCKET  MSPSocket. 411  MSPSocket_New() [out] 6c3f7c60 0
[2016/12/15 15:23:15 034][Px1747][Tx77fff700][TRC] MSPSOCKET  MSPSocket. 501  MSPSocket_Connect(6c3f7c60) [in]
[2016/12/15 15:23:15 034][Px1747][Tx77fff700][DBG] MSPSOCKET  MSPSocket. 515  connect(7,117.121.48.5,) ret=-1, hd=6c3f7c60
[2016/12/15 15:23:15 034][Px1747][Tx77fff700][ERR] MSPSOCKET  MSPSocket. 530  connect() failed! 6c3f7c60,7,-1,101
[2016/12/15 15:23:15 035][Px1747][Tx77fff700][DBG] MSPTHREAD  MSPThreadP 733  POST l_engine_2:10:2:0
[2016/12/15 15:23:15 035][Px1747][Tx77fff700][TRC] MSPSOCKET  MSPSocket. 565  MSPSocket_Connect() [out] 10202
[2016/12/15 15:23:15 035][Px1747][Tx77fff700][DBG] LENGINE    leng_rpc.c 527  luacRPCFuncProto_Invoke() [out] ret = 0
[2016/12/15 15:23:15 035][Px1747][Tx77fff700][DBG] LENGINE    leng_main. 513  ENGINE_MSG_RPC_ASYNC
[2016/12/15 15:23:15 035][Px1747][Tx77fff700][DBG] LENGINE    leng_main. 521  [isr_local], stat = 1
[2016/12/15 15:23:15 036][Px1747][Tx77fff700][DBG] LENGINE    leng_rpc.c 413  luacRPCFuncProto_Invoke(54002d10,6426de80) [in]
[2016/12/15 15:23:15 036][Px1747][Tx77fff700][ERR] LMOD       luac_logge 166  [transport:295:[dns] [0] failed! 10214  ]
[2016/12/15 15:23:15 036][Px1747][Tx77fff700][INF] LLOADER    lloader.c  327  load dkjson
[2016/12/15 15:23:15 036][Px1747][Tx77fff700][INF] LLOADER    lloader.c  339  a intalled entry
[2016/12/15 15:23:15 037][Px1747][Tx77fff700][INF] LLOADER    lloader.c  365  from rom
[2016/12/15 15:23:15 037][Px1747][Tx77fff700][PRF] LLOADER    lloader.c  397  load dkjson cost 0 (ms)
[2016/12/15 15:23:15 037][Px1747][Tx77fff700][DBG] LMOD       luac_logge 178  [network:83:ipfromenv ,  ipcache  open.xf-yun.com  def  nil  ]
[2016/12/15 15:23:15 038][Px1747][Tx77fff700][INF] LLOADER    lloader.c  327  load dkjson
[2016/12/15 15:23:15 038][Px1747][Tx77fff700][INF] LLOADER    lloader.c  339  a intalled entry
[2016/12/15 15:23:15 038][Px1747][Tx77fff700][INF] LLOADER    lloader.c  365  from rom
[2016/12/15 15:23:15 038][Px1747][Tx77fff700][PRF] LLOADER    lloader.c  397  load dkjson cost 1 (ms)
[2016/12/15 15:23:15 039][Px1747][Tx77fff700][DBG] LMOD       luac_logge 178  [network:83:ipfromenv ,  ipcfg  open.xf-yun.com  def  nil  ]
[2016/12/15 15:23:15 039][Px1747][Tx77fff700][TRC] LMOD       luac_logge 170  [transport:1166:[soc] connect   116.213.69.195  80  ]
[2016/12/15 15:23:15 039][Px1747][Tx77fff700][TRC] MSPSOCKET  MSPSocket. 1593 MSPSocketTCPConnPool_Query(116.213.69.195, 80) [in]
[2016/12/15 15:23:15 040][Px1747][Tx77fff700][TRC] MSPSOCKET  MSPSocket. 1618 MSPSocketTCPConnPool_Query() [out] ret=0
[2016/12/15 15:23:15 040][Px1747][Tx77fff700][INF] LMOD       luac_logge 172  [transport:1183:mspsoc.open,prot_type=  tcp  ]
[2016/12/15 15:23:15 040][Px1747][Tx77fff700][TRC] MSPSOCKET  MSPSocket. 269  MSPSocket_New(1, 1) [in]
[2016/12/15 15:23:15 040][Px1747][Tx77fff700][DBG] MSPSOCKET  MSPSocket. 326  socket(2,1,) ret=8, detail=101
[2016/12/15 15:23:15 041][Px1747][Tx77fff700][TRC] MSPSOCKET  MSPSocket. 411  MSPSocket_New() [out] 6c08aa90 0
[2016/12/15 15:23:15 041][Px1747][Tx77fff700][TRC] MSPSOCKET  MSPSocket. 501  MSPSocket_Connect(6c08aa90) [in]
[2016/12/15 15:23:15 041][Px1747][Tx77fff700][DBG] MSPSOCKET  MSPSocket. 515  connect(8,116.213.69.195,) ret=-1, hd=6c08aa90
[2016/12/15 15:23:15 041][Px1747][Tx77fff700][ERR] MSPSOCKET  MSPSocket. 530  connect() failed! 6c08aa90,8,-1,101
[2016/12/15 15:23:15 041][Px1747][Tx77fff700][DBG] MSPTHREAD  MSPThreadP 733  POST l_engine_2:10:2:0
[2016/12/15 15:23:15 041][Px1747][Tx77fff700][TRC] MSPSOCKET  MSPSocket. 565  MSPSocket_Connect() [out] 10202
[2016/12/15 15:23:15 042][Px1747][Tx77fff700][DBG] LENGINE    leng_rpc.c 527  luacRPCFuncProto_Invoke() [out] ret = 0
[2016/12/15 15:23:15 042][Px1747][Tx77fff700][DBG] LENGINE    leng_main. 513  ENGINE_MSG_RPC_ASYNC
[2016/12/15 15:23:15 042][Px1747][Tx77fff700][DBG] LENGINE    leng_main. 521  [isr_local], stat = 1
[2016/12/15 15:23:15 042][Px1747][Tx77fff700][DBG] LENGINE    leng_rpc.c 413  luacRPCFuncProto_Invoke(6c002cd0,6426de80) [in]
[2016/12/15 15:23:15 043][Px1747][Tx77fff700][INF] LMOD       luac_logge 172  [ns:244:ns soc error  10202  ]
[2016/12/15 15:23:15 043][Px1747][Tx77fff700][TRC] MSPSOCKET  MSPSocket. 1014 MSPSocket_Close(6c3f7c60) [in]
[2016/12/15 15:23:15 043][Px1747][Tx77fff700][DBG] MSPSOCKET  MSPSocket. 1034 close(7), 6c3f7c60
[2016/12/15 15:23:15 044][Px1747][Tx77fff700][TRC] MSPSOCKET  MSPSocket. 1068 MSPSocket_Close() [out] 0
[2016/12/15 15:23:15 044][Px1747][Tx77fff700][INF] LMOD       luac_logge 172  [ns:407:name server http resp  nil  10202  nil  ]
[2016/12/15 15:23:15 045][Px1747][Tx77fff700][INF] LMOD       luac_logge 172  [ns:551:ns response failed, err =  10202  ]
[2016/12/15 15:23:15 045][Px1747][Tx77fff700][INF] LMOD       luac_logge 172  [ns:111:ns_host=  open.xf-yun.com  ]
[2016/12/15 15:23:15 046][Px1747][Tx77fff700][INF] LMOD       luac_logge 172  [ns:113:use default ip  ]
[2016/12/15 15:23:15 046][Px1747][Tx77fff700][INF] LMOD       luac_logge 172  [transport:974:ns_ip =   116.213.69.195  ]
[2016/12/15 15:23:15 047][Px1747][Tx77fff700][INF] LMOD       luac_logge 172  [transport:975:ip_type =  def_athopen.xf-yun.com  ]
[2016/12/15 15:23:15 047][Px1747][Tx77fff700][INF] LMOD       luac_logge 172  [ns:756:no data in ns_q  ]
[2016/12/15 15:23:15 047][Px1747][Tx77fff700][INF] LMOD       luac_logge 172  [ns:757:conti_ns,ns_inprog =   1  ]
[2016/12/15 15:23:15 048][Px1747][Tx77fff700][DBG] LENGINE    leng_rpc.c 527  luacRPCFuncProto_Invoke() [out] ret = 0
[2016/12/15 15:23:15 048][Px1747][Tx77fff700][DBG] LENGINE    leng_main. 513  ENGINE_MSG_RPC_ASYNC
[2016/12/15 15:23:15 048][Px1747][Tx77fff700][DBG] LENGINE    leng_main. 521  [isr_local], stat = 1
[2016/12/15 15:23:15 048][Px1747][Tx77fff700][DBG] LENGINE    leng_rpc.c 413  luacRPCFuncProto_Invoke(6c3f91f0,6426de80) [in]
[2016/12/15 15:23:15 048][Px1747][Tx77fff700][ERR] LMOD       luac_logge 166  [transport:545:MSC:[soc] [0] error 10202 101!  ]
[2016/12/15 15:23:15 049][Px1747][Tx77fff700][TRC] MSPSOCKET  MSPSocket. 1014 MSPSocket_Close(6c08aa90) [in]
[2016/12/15 15:23:15 049][Px1747][Tx77fff700][DBG] MSPSOCKET  MSPSocket. 1034 close(8), 6c08aa90
[2016/12/15 15:23:15 049][Px1747][Tx77fff700][TRC] MSPSOCKET  MSPSocket. 1068 MSPSocket_Close() [out] 0
[2016/12/15 15:23:15 050][Px1747][Tx77fff700][INF] LMOD       luac_logge 172  [transport:57:clear_ip ip_type =  def_athopen.xf-yun.com  ]
[2016/12/15 15:23:15 050][Px1747][Tx77fff700][WAR] LMOD       luac_logge 168  [transport:321:soc_conn_failed  ]
[2016/12/15 15:23:15 050][Px1747][Tx77fff700][DBG] LMOD       luac_logge 178  [network:88:iptoenv ,  ipcache  open.xf-yun.com  def  nil  ]
[2016/12/15 15:23:15 050][Px1747][Tx77fff700][INF] LLOADER    lloader.c  327  load dkjson
[2016/12/15 15:23:15 051][Px1747][Tx77fff700][INF] LLOADER    lloader.c  339  a intalled entry
[2016/12/15 15:23:15 051][Px1747][Tx77fff700][INF] LLOADER    lloader.c  365  from rom
[2016/12/15 15:23:15 051][Px1747][Tx77fff700][PRF] LLOADER    lloader.c  397  load dkjson cost 1 (ms)
[2016/12/15 15:23:15 052][Px1747][Tx77fff700][INF] LMOD       luac_logge 172  [transport:390:switch 80  ]
[2016/12/15 15:23:15 052][Px1747][Tx77fff700][TRC] LENGINE    leng_shell 109  lEngine_Start(6c0639d8,6c0639d8,0,) [in]
[2016/12/15 15:23:15 052][Px1747][Tx77fff700][TRC] LENGINE    leng_shell 351  lEngine_PostMessage(6c3fc3c0,1,2,) [in]
[2016/12/15 15:23:15 053][Px1747][Tx77fff700][DBG] MSPTHREAD  MSPThreadP 733  POST l_engine_1:10:1:1
[2016/12/15 15:23:15 053][Px1747][Tx7cc6e700][DBG] LENGINE    leng_main. 513  ENGINE_MSG_RPC_ASYNC
[2016/12/15 15:23:15 053][Px1747][Tx7cc6e700][DBG] LENGINE    leng_main. 521  [waiter], stat = 1
[2016/12/15 15:23:15 053][Px1747][Tx7cc6e700][DBG] LENGINE    leng_rpc.c 413  luacRPCFuncProto_Invoke(6c3fcf50,6c3fc3c0) [in]
[2016/12/15 15:23:15 053][Px1747][Tx77fff700][TRC] LENGINE    leng_shell 374  lEngine_PostMessage() [out] 0
[2016/12/15 15:23:15 054][Px1747][Tx7cc6e700][INF] LMOD       luac_logge 172  [network:380:redns  def  open.xf-yun.com  ]
[2016/12/15 15:23:15 054][Px1747][Tx7cc6e700][TRC] MSPADNS    MSPAsyncDn 268  MSPAsyncDns_Start() [in]
[2016/12/15 15:23:15 054][Px1747][Tx7d46f700][DBG] MSPADNS    MSPAsyncDn 184  gethostbyname(open.xf-yun.com) start [id=1879129832]
[2016/12/15 15:23:15 055][Px1747][Tx7d46f700][ERR] MSPADNS    MSPAsyncDn 211  gethostbyname(open.xf-yun.com) failed: Temporary failure in name resolution [id=1879129832]
[2016/12/15 15:23:15 055][Px1747][Tx7d46f700][DBG] MSPTHREAD  MSPThreadP 733  POST l_engine_1:10:1:0
[2016/12/15 15:23:15 055][Px1747][Tx77fff700][TRC] LMOD       luac_logge 170  [transport:1198:[soc] disconnect   ]
[2016/12/15 15:23:15 056][Px1747][Tx7cc6e700][INF] LMOD       luac_logge 172  [waiter:196:last gc at  1481844193  ]
[2016/12/15 15:23:15 056][Px1747][Tx7cc6e700][DBG] LENGINE    leng_rpc.c 527  luacRPCFuncProto_Invoke() [out] ret = 0
[2016/12/15 15:23:15 056][Px1747][Tx7cc6e700][DBG] LENGINE    leng_main. 513  ENGINE_MSG_RPC_ASYNC
[2016/12/15 15:23:15 056][Px1747][Tx7cc6e700][DBG] LENGINE    leng_main. 521  [waiter], stat = 1
[2016/12/15 15:23:15 057][Px1747][Tx7cc6e700][DBG] LENGINE    leng_rpc.c 413  luacRPCFuncProto_Invoke(54001a20,6c3fc3c0) [in]
[2016/12/15 15:23:15 057][Px1747][Tx77fff700][DBG] LENGINE    leng_rpc.c 527  luacRPCFuncProto_Invoke() [out] ret = 0
[2016/12/15 15:23:15 058][Px1747][Tx7cc6e700][INF] LMOD       luac_logge 172  [network:173:dns resp  10214  ]
[2016/12/15 15:23:15 058][Px1747][Tx7cc6e700][INF] LMOD       luac_logge 172  [network:397:redns dns resp  nil  10214  nil  nil  ]
[2016/12/15 15:23:15 058][Px1747][Tx7cc6e700][DBG] LENGINE    leng_rpc.c 527  luacRPCFuncProto_Invoke() [out] ret = 0
[2016/12/15 15:23:15 256][Px1747][Tx77fff700][DBG] LENGINE    leng_rpc.c 413  luacRPCFuncProto_Invoke(6c40f7b0,6426de80) [in]
[2016/12/15 15:23:15 258][Px1747][Tx77fff700][INF] LMOD       luac_logge 172  [transport:959:session.domain=  open.xf-yun.com  ]
[2016/12/15 15:23:15 259][Px1747][Tx77fff700][INF] LMOD       luac_logge 172  [transport:960:url.host=  open.xf-yun.com  ]
[2016/12/15 15:23:15 259][Px1747][Tx77fff700][INF] LLOADER    lloader.c  327  load dkjson
[2016/12/15 15:23:15 259][Px1747][Tx77fff700][INF] LLOADER    lloader.c  339  a intalled entry
[2016/12/15 15:23:15 259][Px1747][Tx77fff700][INF] LLOADER    lloader.c  365  from rom
[2016/12/15 15:23:15 260][Px1747][Tx77fff700][PRF] LLOADER    lloader.c  397  load dkjson cost 0 (ms)
[2016/12/15 15:23:15 260][Px1747][Tx77fff700][DBG] LMOD       luac_logge 178  [network:83:ipfromenv ,  ipcache  open.xf-yun.com  def  nil  ]
[2016/12/15 15:23:15 261][Px1747][Tx77fff700][TRC] LMOD       luac_logge 170  [transport:994:NAMESERVER START  ]
[2016/12/15 15:23:15 261][Px1747][Tx77fff700][INF] LMOD       luac_logge 172  [transport:997:name =   ath  ]
[2016/12/15 15:23:15 262][Px1747][Tx77fff700][INF] LMOD       luac_logge 172  [ns:727:ntt=  standard  ]
[2016/12/15 15:23:15 262][Px1747][Tx77fff700][INF] LMOD       luac_logge 172  [transport:1000:trans,ns_inprog =  0  ]
[2016/12/15 15:23:15 263][Px1747][Tx77fff700][TRC] LMOD       luac_logge 170  [ns:682:name server start  ]
[2016/12/15 15:23:15 263][Px1747][Tx77fff700][INF] LMOD       luac_logge 172  [ns:683:ns_sub =   ath  ]
[2016/12/15 15:23:15 264][Px1747][Tx77fff700][INF] LMOD       luac_logge 172  [ns:685:ns_host=  open.xf-yun.com  ]
[2016/12/15 15:23:15 264][Px1747][Tx77fff700][INF] LMOD       luac_logge 172  [ns:403:ns_host=  open.xf-yun.com  ]
[2016/12/15 15:23:15 265][Px1747][Tx77fff700][DBG] LMOD       luac_logge 178  [ns:662:GET /sip/resolver?srand=1215152311.32 HTTP/1.1
Host: hdns.openspeech.cn
Connection: Keep-Alive
X-Par: ver=1.2&appid=583467f7&operator=UNKNOW&nettype=STANDARD&cver=5.0.27.1135&svc=ath&host=open.xf-yun.com&sign=35d8de5920788f2239e6c003e0791a01
User-Agent: iFLYCloud

  ]
[2016/12/15 15:23:15 266][Px1747][Tx77fff700][INF] LMOD       luac_logge 172  [ns:663:net_type =  standard  ]
[2016/12/15 15:23:15 266][Px1747][Tx77fff700][INF] LMOD       luac_logge 172  [ns:664:cmwapascmnet =  ]
[2016/12/15 15:23:15 267][Px1747][Tx77fff700][INF] LMOD       luac_logge 172  [ns:665:uniwapasuninet =  ]
[2016/12/15 15:23:15 268][Px1747][Tx77fff700][INF] LMOD       luac_logge 172  [ns:666:ctwapasctnet =  ]
[2016/12/15 15:23:15 268][Px1747][Tx77fff700][INF] LMOD       luac_logge 172  [ns:676:host=  hdns.openspeech.cn  ]
[2016/12/15 15:23:15 268][Px1747][Tx77fff700][TRC] MSPADNS    MSPAsyncDn 268  MSPAsyncDns_Start() [in]
[2016/12/15 15:23:15 268][Px1747][Tx7d46f700][DBG] MSPADNS    MSPAsyncDn 184  gethostbyname(hdns.openspeech.cn) start [id=1816111128]
[2016/12/15 15:23:15 269][Px1747][Tx7d46f700][ERR] MSPADNS    MSPAsyncDn 211  gethostbyname(hdns.openspeech.cn) failed: Temporary failure in name resolution [id=1816111128]
[2016/12/15 15:23:15 269][Px1747][Tx7d46f700][DBG] MSPTHREAD  MSPThreadP 733  POST l_engine_2:10:1:1
[2016/12/15 15:23:15 269][Px1747][Tx77fff700][TRC] MSPADNS    MSPAsyncDn 268  MSPAsyncDns_Start() [in]
[2016/12/15 15:23:15 270][Px1747][Tx7d46f700][DBG] MSPADNS    MSPAsyncDn 184  gethostbyname(open.xf-yun.com) start [id=1816185544]
[2016/12/15 15:23:15 270][Px1747][Tx7d46f700][ERR] MSPADNS    MSPAsyncDn 211  gethostbyname(open.xf-yun.com) failed: Temporary failure in name resolution [id=1816185544]
[2016/12/15 15:23:15 271][Px1747][Tx7d46f700][DBG] MSPTHREAD  MSPThreadP 733  POST l_engine_2:10:2:0
[2016/12/15 15:23:15 271][Px1747][Tx77fff700][DBG] LENGINE    leng_rpc.c 527  luacRPCFuncProto_Invoke() [out] ret = 0
[2016/12/15 15:23:15 271][Px1747][Tx77fff700][DBG] LENGINE    leng_main. 513  ENGINE_MSG_RPC_ASYNC
[2016/12/15 15:23:15 272][Px1747][Tx77fff700][DBG] LENGINE    leng_main. 521  [isr_local], stat = 1
[2016/12/15 15:23:15 272][Px1747][Tx77fff700][DBG] LENGINE    leng_rpc.c 413  luacRPCFuncProto_Invoke(54001a20,6426de80) [in]
[2016/12/15 15:23:15 272][Px1747][Tx77fff700][INF] LMOD       luac_logge 172  [ns:290:ns dns resp  10214  ]
[2016/12/15 15:23:15 273][Px1747][Tx77fff700][INF] LMOD       luac_logge 172  [ns:564:ns dns failed, err =   10214  ]
[2016/12/15 15:23:15 273][Px1747][Tx77fff700][INF] LMOD       luac_logge 172  [ns:174:ns gethttpresp  117.121.48.5  80  ]
[2016/12/15 15:23:15 274][Px1747][Tx77fff700][TRC] MSPSOCKET  MSPSocket. 269  MSPSocket_New(1, 1) [in]
[2016/12/15 15:23:15 274][Px1747][Tx77fff700][DBG] MSPSOCKET  MSPSocket. 326  socket(2,1,) ret=7, detail=101
[2016/12/15 15:23:15 274][Px1747][Tx77fff700][TRC] MSPSOCKET  MSPSocket. 411  MSPSocket_New() [out] 6c0056b0 0
[2016/12/15 15:23:15 274][Px1747][Tx77fff700][TRC] MSPSOCKET  MSPSocket. 501  MSPSocket_Connect(6c0056b0) [in]
[2016/12/15 15:23:15 274][Px1747][Tx77fff700][DBG] MSPSOCKET  MSPSocket. 515  connect(7,117.121.48.5,) ret=-1, hd=6c0056b0
[2016/12/15 15:23:15 275][Px1747][Tx77fff700][ERR] MSPSOCKET  MSPSocket. 530  connect() failed! 6c0056b0,7,-1,101
[2016/12/15 15:23:15 275][Px1747][Tx77fff700][DBG] MSPTHREAD  MSPThreadP 733  POST l_engine_2:10:2:0
[2016/12/15 15:23:15 275][Px1747][Tx77fff700][TRC] MSPSOCKET  MSPSocket. 565  MSPSocket_Connect() [out] 10202
[2016/12/15 15:23:15 275][Px1747][Tx77fff700][DBG] LENGINE    leng_rpc.c 527  luacRPCFuncProto_Invoke() [out] ret = 0
[2016/12/15 15:23:15 276][Px1747][Tx77fff700][DBG] LENGINE    leng_main. 513  ENGINE_MSG_RPC_ASYNC
[2016/12/15 15:23:15 276][Px1747][Tx77fff700][DBG] LENGINE    leng_main. 521  [isr_local], stat = 1
[2016/12/15 15:23:15 276][Px1747][Tx77fff700][DBG] LENGINE    leng_rpc.c 413  luacRPCFuncProto_Invoke(54002d10,6426de80) [in]
[2016/12/15 15:23:15 277][Px1747][Tx77fff700][ERR] LMOD       luac_logge 166  [transport:295:[dns] [0] failed! 10214  ]
[2016/12/15 15:23:15 277][Px1747][Tx77fff700][INF] LLOADER    lloader.c  327  load dkjson
[2016/12/15 15:23:15 277][Px1747][Tx77fff700][INF] LLOADER    lloader.c  339  a intalled entry
[2016/12/15 15:23:15 277][Px1747][Tx77fff700][INF] LLOADER    lloader.c  365  from rom
[2016/12/15 15:23:15 278][Px1747][Tx77fff700][PRF] LLOADER    lloader.c  397  load dkjson cost 0 (ms)
[2016/12/15 15:23:15 278][Px1747][Tx77fff700][DBG] LMOD       luac_logge 178  [network:83:ipfromenv ,  ipcache  open.xf-yun.com  def  nil  ]
[2016/12/15 15:23:15 279][Px1747][Tx77fff700][INF] LLOADER    lloader.c  327  load dkjson
[2016/12/15 15:23:15 279][Px1747][Tx77fff700][INF] LLOADER    lloader.c  339  a intalled entry
[2016/12/15 15:23:15 279][Px1747][Tx77fff700][INF] LLOADER    lloader.c  365  from rom
[2016/12/15 15:23:15 280][Px1747][Tx77fff700][PRF] LLOADER    lloader.c  397  load dkjson cost 1 (ms)
[2016/12/15 15:23:15 280][Px1747][Tx77fff700][DBG] LMOD       luac_logge 178  [network:83:ipfromenv ,  ipcfg  open.xf-yun.com  def  nil  ]
[2016/12/15 15:23:15 281][Px1747][Tx77fff700][TRC] LMOD       luac_logge 170  [transport:1166:[soc] connect   116.213.69.195  80  ]
[2016/12/15 15:23:15 281][Px1747][Tx77fff700][TRC] MSPSOCKET  MSPSocket. 1593 MSPSocketTCPConnPool_Query(116.213.69.195, 80) [in]
[2016/12/15 15:23:15 281][Px1747][Tx77fff700][TRC] MSPSOCKET  MSPSocket. 1618 MSPSocketTCPConnPool_Query() [out] ret=0
[2016/12/15 15:23:15 281][Px1747][Tx77fff700][INF] LMOD       luac_logge 172  [transport:1183:mspsoc.open,prot_type=  tcp  ]
[2016/12/15 15:23:15 282][Px1747][Tx77fff700][TRC] MSPSOCKET  MSPSocket. 269  MSPSocket_New(1, 1) [in]
[2016/12/15 15:23:15 282][Px1747][Tx77fff700][DBG] MSPSOCKET  MSPSocket. 326  socket(2,1,) ret=8, detail=101
[2016/12/15 15:23:15 282][Px1747][Tx77fff700][TRC] MSPSOCKET  MSPSocket. 411  MSPSocket_New() [out] 6c07bd30 0
[2016/12/15 15:23:15 283][Px1747][Tx77fff700][TRC] MSPSOCKET  MSPSocket. 501  MSPSocket_Connect(6c07bd30) [in]
[2016/12/15 15:23:15 283][Px1747][Tx77fff700][DBG] MSPSOCKET  MSPSocket. 515  connect(8,116.213.69.195,) ret=-1, hd=6c07bd30
[2016/12/15 15:23:15 283][Px1747][Tx77fff700][ERR] MSPSOCKET  MSPSocket. 530  connect() failed! 6c07bd30,8,-1,101
[2016/12/15 15:23:15 284][Px1747][Tx77fff700][DBG] MSPTHREAD  MSPThreadP 733  POST l_engine_2:10:2:0
[2016/12/15 15:23:15 284][Px1747][Tx77fff700][TRC] MSPSOCKET  MSPSocket. 565  MSPSocket_Connect() [out] 10202
[2016/12/15 15:23:15 284][Px1747][Tx77fff700][DBG] LENGINE    leng_rpc.c 527  luacRPCFuncProto_Invoke() [out] ret = 0
[2016/12/15 15:23:15 284][Px1747][Tx77fff700][DBG] LENGINE    leng_main. 513  ENGINE_MSG_RPC_ASYNC
[2016/12/15 15:23:15 285][Px1747][Tx77fff700][DBG] LENGINE    leng_main. 521  [isr_local], stat = 1
[2016/12/15 15:23:15 285][Px1747][Tx77fff700][DBG] LENGINE    leng_rpc.c 413  luacRPCFuncProto_Invoke(6c40f780,6426de80) [in]
[2016/12/15 15:23:15 286][Px1747][Tx77fff700][INF] LMOD       luac_logge 172  [ns:244:ns soc error  10202  ]
[2016/12/15 15:23:15 286][Px1747][Tx77fff700][TRC] MSPSOCKET  MSPSocket. 1014 MSPSocket_Close(6c0056b0) [in]
[2016/12/15 15:23:15 286][Px1747][Tx77fff700][DBG] MSPSOCKET  MSPSocket. 1034 close(7), 6c0056b0
[2016/12/15 15:23:15 287][Px1747][Tx77fff700][TRC] MSPSOCKET  MSPSocket. 1068 MSPSocket_Close() [out] 0
[2016/12/15 15:23:15 287][Px1747][Tx77fff700][INF] LMOD       luac_logge 172  [ns:407:name server http resp  nil  10202  nil  ]
[2016/12/15 15:23:15 288][Px1747][Tx77fff700][INF] LMOD       luac_logge 172  [ns:551:ns response failed, err =  10202  ]
[2016/12/15 15:23:15 288][Px1747][Tx77fff700][INF] LMOD       luac_logge 172  [ns:111:ns_host=  open.xf-yun.com  ]
[2016/12/15 15:23:15 289][Px1747][Tx77fff700][INF] LMOD       luac_logge 172  [ns:113:use default ip  ]
[2016/12/15 15:23:15 289][Px1747][Tx77fff700][INF] LMOD       luac_logge 172  [transport:974:ns_ip =   116.213.69.195  ]
[2016/12/15 15:23:15 289][Px1747][Tx77fff700][INF] LMOD       luac_logge 172  [transport:975:ip_type =  def_athopen.xf-yun.com  ]
[2016/12/15 15:23:15 290][Px1747][Tx77fff700][INF] LMOD       luac_logge 172  [ns:756:no data in ns_q  ]
[2016/12/15 15:23:15 290][Px1747][Tx77fff700][INF] LMOD       luac_logge 172  [ns:757:conti_ns,ns_inprog =   1  ]
[2016/12/15 15:23:15 290][Px1747][Tx77fff700][DBG] LENGINE    leng_rpc.c 527  luacRPCFuncProto_Invoke() [out] ret = 0
[2016/12/15 15:23:15 290][Px1747][Tx77fff700][DBG] LENGINE    leng_main. 513  ENGINE_MSG_RPC_ASYNC
[2016/12/15 15:23:15 291][Px1747][Tx77fff700][DBG] LENGINE    leng_main. 521  [isr_local], stat = 1
[2016/12/15 15:23:15 291][Px1747][Tx77fff700][DBG] LENGINE    leng_rpc.c 413  luacRPCFuncProto_Invoke(6c3fa7f0,6426de80) [in]
[2016/12/15 15:23:15 292][Px1747][Tx77fff700][ERR] LMOD       luac_logge 166  [transport:545:MSC:[soc] [0] error 10202 101!  ]
[2016/12/15 15:23:15 292][Px1747][Tx77fff700][TRC] MSPSOCKET  MSPSocket. 1014 MSPSocket_Close(6c07bd30) [in]
[2016/12/15 15:23:15 292][Px1747][Tx77fff700][DBG] MSPSOCKET  MSPSocket. 1034 close(8), 6c07bd30
[2016/12/15 15:23:15 292][Px1747][Tx77fff700][TRC] MSPSOCKET  MSPSocket. 1068 MSPSocket_Close() [out] 0
[2016/12/15 15:23:15 293][Px1747][Tx77fff700][INF] LMOD       luac_logge 172  [transport:57:clear_ip ip_type =  def_athopen.xf-yun.com  ]
[2016/12/15 15:23:15 294][Px1747][Tx77fff700][WAR] LMOD       luac_logge 168  [transport:321:soc_conn_failed  ]
[2016/12/15 15:23:15 295][Px1747][Tx77fff700][DBG] LMOD       luac_logge 178  [network:88:iptoenv ,  ipcache  open.xf-yun.com  def  nil  ]
[2016/12/15 15:23:15 295][Px1747][Tx77fff700][INF] LLOADER    lloader.c  327  load dkjson
[2016/12/15 15:23:15 296][Px1747][Tx77fff700][INF] LLOADER    lloader.c  339  a intalled entry
[2016/12/15 15:23:15 296][Px1747][Tx77fff700][INF] LLOADER    lloader.c  365  from rom
[2016/12/15 15:23:15 296][Px1747][Tx77fff700][PRF] LLOADER    lloader.c  397  load dkjson cost 1 (ms)
[2016/12/15 15:23:15 298][Px1747][Tx77fff700][INF] LMOD       luac_logge 172  [transport:390:switch 80  ]
[2016/12/15 15:23:15 298][Px1747][Tx77fff700][TRC] LENGINE    leng_shell 109  lEngine_Start(6c0639d8,6c0639d8,0,) [in]
[2016/12/15 15:23:15 299][Px1747][Tx77fff700][TRC] LENGINE    leng_shell 351  lEngine_PostMessage(6c3fc3c0,1,2,) [in]
[2016/12/15 15:23:15 299][Px1747][Tx77fff700][DBG] MSPTHREAD  MSPThreadP 733  POST l_engine_1:10:1:1
[2016/12/15 15:23:15 300][Px1747][Tx7cc6e700][DBG] LENGINE    leng_main. 513  ENGINE_MSG_RPC_ASYNC
[2016/12/15 15:23:15 300][Px1747][Tx7cc6e700][DBG] LENGINE    leng_main. 521  [waiter], stat = 1
[2016/12/15 15:23:15 301][Px1747][Tx7cc6e700][DBG] LENGINE    leng_rpc.c 413  luacRPCFuncProto_Invoke(6c027540,6c3fc3c0) [in]
[2016/12/15 15:23:15 301][Px1747][Tx77fff700][TRC] LENGINE    leng_shell 374  lEngine_PostMessage() [out] 0
[2016/12/15 15:23:15 301][Px1747][Tx7cc6e700][INF] LMOD       luac_logge 172  [network:380:redns  def  open.xf-yun.com  ]
[2016/12/15 15:23:15 302][Px1747][Tx7cc6e700][TRC] MSPADNS    MSPAsyncDn 268  MSPAsyncDns_Start() [in]
[2016/12/15 15:23:15 302][Px1747][Tx7d46f700][DBG] MSPADNS    MSPAsyncDn 184  gethostbyname(open.xf-yun.com) start [id=1879154296]
[2016/12/15 15:23:15 303][Px1747][Tx7d46f700][ERR] MSPADNS    MSPAsyncDn 211  gethostbyname(open.xf-yun.com) failed: Temporary failure in name resolution [id=1879154296]
[2016/12/15 15:23:15 303][Px1747][Tx7d46f700][DBG] MSPTHREAD  MSPThreadP 733  POST l_engine_1:10:1:0
[2016/12/15 15:23:15 303][Px1747][Tx77fff700][TRC] LMOD       luac_logge 170  [transport:1198:[soc] disconnect   ]
[2016/12/15 15:23:15 304][Px1747][Tx7cc6e700][INF] LMOD       luac_logge 172  [waiter:196:last gc at  1481844193  ]
[2016/12/15 15:23:15 304][Px1747][Tx7cc6e700][DBG] LENGINE    leng_rpc.c 527  luacRPCFuncProto_Invoke() [out] ret = 0
[2016/12/15 15:23:15 304][Px1747][Tx7cc6e700][DBG] LENGINE    leng_main. 513  ENGINE_MSG_RPC_ASYNC
[2016/12/15 15:23:15 304][Px1747][Tx7cc6e700][DBG] LENGINE    leng_main. 521  [waiter], stat = 1
[2016/12/15 15:23:15 305][Px1747][Tx7cc6e700][DBG] LENGINE    leng_rpc.c 413  luacRPCFuncProto_Invoke(54001a20,6c3fc3c0) [in]
[2016/12/15 15:23:15 305][Px1747][Tx77fff700][DBG] LENGINE    leng_rpc.c 527  luacRPCFuncProto_Invoke() [out] ret = 0
[2016/12/15 15:23:15 305][Px1747][Tx7cc6e700][INF] LMOD       luac_logge 172  [network:173:dns resp  10214  ]
[2016/12/15 15:23:15 306][Px1747][Tx7cc6e700][INF] LMOD       luac_logge 172  [network:397:redns dns resp  nil  10214  nil  nil  ]
[2016/12/15 15:23:15 306][Px1747][Tx7cc6e700][DBG] LENGINE    leng_rpc.c 527  luacRPCFuncProto_Invoke() [out] ret = 0
[2016/12/15 15:23:15 503][Px1747][Tx77fff700][DBG] LENGINE    leng_rpc.c 413  luacRPCFuncProto_Invoke(6c400200,6426de80) [in]
[2016/12/15 15:23:15 505][Px1747][Tx77fff700][INF] LMOD       luac_logge 172  [transport:959:session.domain=  open.xf-yun.com  ]
[2016/12/15 15:23:15 505][Px1747][Tx77fff700][INF] LMOD       luac_logge 172  [transport:960:url.host=  open.xf-yun.com  ]
[2016/12/15 15:23:15 505][Px1747][Tx77fff700][INF] LLOADER    lloader.c  327  load dkjson
[2016/12/15 15:23:15 505][Px1747][Tx77fff700][INF] LLOADER    lloader.c  339  a intalled entry
[2016/12/15 15:23:15 505][Px1747][Tx77fff700][INF] LLOADER    lloader.c  365  from rom
[2016/12/15 15:23:15 506][Px1747][Tx77fff700][PRF] LLOADER    lloader.c  397  load dkjson cost 0 (ms)
[2016/12/15 15:23:15 506][Px1747][Tx77fff700][DBG] LMOD       luac_logge 178  [network:83:ipfromenv ,  ipcache  open.xf-yun.com  def  nil  ]
[2016/12/15 15:23:15 507][Px1747][Tx77fff700][TRC] LMOD       luac_logge 170  [transport:994:NAMESERVER START  ]
[2016/12/15 15:23:15 507][Px1747][Tx77fff700][INF] LMOD       luac_logge 172  [transport:997:name =   ath  ]
[2016/12/15 15:23:15 507][Px1747][Tx77fff700][INF] LMOD       luac_logge 172  [ns:727:ntt=  standard  ]
[2016/12/15 15:23:15 508][Px1747][Tx77fff700][INF] LMOD       luac_logge 172  [transport:1000:trans,ns_inprog =  0  ]
[2016/12/15 15:23:15 508][Px1747][Tx77fff700][TRC] LMOD       luac_logge 170  [ns:682:name server start  ]
[2016/12/15 15:23:15 508][Px1747][Tx77fff700][INF] LMOD       luac_logge 172  [ns:683:ns_sub =   ath  ]
[2016/12/15 15:23:15 509][Px1747][Tx77fff700][INF] LMOD       luac_logge 172  [ns:685:ns_host=  open.xf-yun.com  ]
[2016/12/15 15:23:15 509][Px1747][Tx77fff700][INF] LMOD       luac_logge 172  [ns:403:ns_host=  open.xf-yun.com  ]
[2016/12/15 15:23:15 510][Px1747][Tx77fff700][DBG] LMOD       luac_logge 178  [ns:662:GET /sip/resolver?srand=1215152311.32 HTTP/1.1
Host: hdns.openspeech.cn
Connection: Keep-Alive
X-Par: ver=1.2&appid=583467f7&operator=UNKNOW&nettype=STANDARD&cver=5.0.27.1135&svc=ath&host=open.xf-yun.com&sign=35d8de5920788f2239e6c003e0791a01
User-Agent: iFLYCloud

  ]
[2016/12/15 15:23:15 510][Px1747][Tx77fff700][INF] LMOD       luac_logge 172  [ns:663:net_type =  standard  ]
[2016/12/15 15:23:15 510][Px1747][Tx77fff700][INF] LMOD       luac_logge 172  [ns:664:cmwapascmnet =  ]
[2016/12/15 15:23:15 511][Px1747][Tx77fff700][INF] LMOD       luac_logge 172  [ns:665:uniwapasuninet =  ]
[2016/12/15 15:23:15 511][Px1747][Tx77fff700][INF] LMOD       luac_logge 172  [ns:666:ctwapasctnet =  ]
[2016/12/15 15:23:15 512][Px1747][Tx77fff700][INF] LMOD       luac_logge 172  [ns:676:host=  hdns.openspeech.cn  ]
[2016/12/15 15:23:15 512][Px1747][Tx77fff700][TRC] MSPADNS    MSPAsyncDn 268  MSPAsyncDns_Start() [in]
[2016/12/15 15:23:15 512][Px1747][Tx7d46f700][DBG] MSPADNS    MSPAsyncDn 184  gethostbyname(hdns.openspeech.cn) start [id=1816162840]
[2016/12/15 15:23:15 513][Px1747][Tx7d46f700][ERR] MSPADNS    MSPAsyncDn 211  gethostbyname(hdns.openspeech.cn) failed: Temporary failure in name resolution [id=1816162840]
[2016/12/15 15:23:15 513][Px1747][Tx7d46f700][DBG] MSPTHREAD  MSPThreadP 733  POST l_engine_2:10:1:1
[2016/12/15 15:23:15 513][Px1747][Tx77fff700][TRC] MSPADNS    MSPAsyncDn 268  MSPAsyncDns_Start() [in]
[2016/12/15 15:23:15 513][Px1747][Tx7d46f700][DBG] MSPADNS    MSPAsyncDn 184  gethostbyname(open.xf-yun.com) start [id=1816184632]
[2016/12/15 15:23:15 514][Px1747][Tx7d46f700][ERR] MSPADNS    MSPAsyncDn 211  gethostbyname(open.xf-yun.com) failed: Temporary failure in name resolution [id=1816184632]
[2016/12/15 15:23:15 514][Px1747][Tx7d46f700][DBG] MSPTHREAD  MSPThreadP 733  POST l_engine_2:10:2:0
[2016/12/15 15:23:15 514][Px1747][Tx77fff700][DBG] LENGINE    leng_rpc.c 527  luacRPCFuncProto_Invoke() [out] ret = 0
[2016/12/15 15:23:15 514][Px1747][Tx77fff700][DBG] LENGINE    leng_main. 513  ENGINE_MSG_RPC_ASYNC
[2016/12/15 15:23:15 514][Px1747][Tx77fff700][DBG] LENGINE    leng_main. 521  [isr_local], stat = 1
[2016/12/15 15:23:15 515][Px1747][Tx77fff700][DBG] LENGINE    leng_rpc.c 413  luacRPCFuncProto_Invoke(54001a20,6426de80) [in]
[2016/12/15 15:23:15 515][Px1747][Tx77fff700][INF] LMOD       luac_logge 172  [ns:290:ns dns resp  10214  ]
[2016/12/15 15:23:15 516][Px1747][Tx77fff700][INF] LMOD       luac_logge 172  [ns:564:ns dns failed, err =   10214  ]
[2016/12/15 15:23:15 516][Px1747][Tx77fff700][INF] LMOD       luac_logge 172  [ns:174:ns gethttpresp  117.121.48.5  80  ]
[2016/12/15 15:23:15 516][Px1747][Tx77fff700][TRC] MSPSOCKET  MSPSocket. 269  MSPSocket_New(1, 1) [in]
[2016/12/15 15:23:15 516][Px1747][Tx77fff700][DBG] MSPSOCKET  MSPSocket. 326  socket(2,1,) ret=7, detail=101
[2016/12/15 15:23:15 516][Px1747][Tx77fff700][TRC] MSPSOCKET  MSPSocket. 411  MSPSocket_New() [out] 6c400200 0
[2016/12/15 15:23:15 517][Px1747][Tx77fff700][TRC] MSPSOCKET  MSPSocket. 501  MSPSocket_Connect(6c400200) [in]
[2016/12/15 15:23:15 517][Px1747][Tx77fff700][DBG] MSPSOCKET  MSPSocket. 515  connect(7,117.121.48.5,) ret=-1, hd=6c400200
[2016/12/15 15:23:15 517][Px1747][Tx77fff700][ERR] MSPSOCKET  MSPSocket. 530  connect() failed! 6c400200,7,-1,101
[2016/12/15 15:23:15 517][Px1747][Tx77fff700][DBG] MSPTHREAD  MSPThreadP 733  POST l_engine_2:10:2:0
[2016/12/15 15:23:15 517][Px1747][Tx77fff700][TRC] MSPSOCKET  MSPSocket. 565  MSPSocket_Connect() [out] 10202
[2016/12/15 15:23:15 518][Px1747][Tx77fff700][DBG] LENGINE    leng_rpc.c 527  luacRPCFuncProto_Invoke() [out] ret = 0
[2016/12/15 15:23:15 518][Px1747][Tx77fff700][DBG] LENGINE    leng_main. 513  ENGINE_MSG_RPC_ASYNC
[2016/12/15 15:23:15 518][Px1747][Tx77fff700][DBG] LENGINE    leng_main. 521  [isr_local], stat = 1
[2016/12/15 15:23:15 518][Px1747][Tx77fff700][DBG] LENGINE    leng_rpc.c 413  luacRPCFuncProto_Invoke(54002d10,6426de80) [in]
[2016/12/15 15:23:15 519][Px1747][Tx77fff700][ERR] LMOD       luac_logge 166  [transport:295:[dns] [0] failed! 10214  ]
[2016/12/15 15:23:15 519][Px1747][Tx77fff700][INF] LLOADER    lloader.c  327  load dkjson
[2016/12/15 15:23:15 519][Px1747][Tx77fff700][INF] LLOADER    lloader.c  339  a intalled entry
[2016/12/15 15:23:15 519][Px1747][Tx77fff700][INF] LLOADER    lloader.c  365  from rom
[2016/12/15 15:23:15 520][Px1747][Tx77fff700][PRF] LLOADER    lloader.c  397  load dkjson cost 1 (ms)
[2016/12/15 15:23:15 521][Px1747][Tx77fff700][DBG] LMOD       luac_logge 178  [network:83:ipfromenv ,  ipcache  open.xf-yun.com  def  nil  ]
[2016/12/15 15:23:15 521][Px1747][Tx77fff700][INF] LLOADER    lloader.c  327  load dkjson
[2016/12/15 15:23:15 522][Px1747][Tx77fff700][INF] LLOADER    lloader.c  339  a intalled entry
[2016/12/15 15:23:15 522][Px1747][Tx77fff700][INF] LLOADER    lloader.c  365  from rom
[2016/12/15 15:23:15 522][Px1747][Tx77fff700][PRF] LLOADER    lloader.c  397  load dkjson cost 1 (ms)
[2016/12/15 15:23:15 522][Px1747][Tx77fff700][DBG] LMOD       luac_logge 178  [network:83:ipfromenv ,  ipcfg  open.xf-yun.com  def  nil  ]
[2016/12/15 15:23:15 523][Px1747][Tx77fff700][TRC] LMOD       luac_logge 170  [transport:1166:[soc] connect   116.213.69.195  80  ]
[2016/12/15 15:23:15 523][Px1747][Tx77fff700][TRC] MSPSOCKET  MSPSocket. 1593 MSPSocketTCPConnPool_Query(116.213.69.195, 80) [in]
[2016/12/15 15:23:15 523][Px1747][Tx77fff700][TRC] MSPSOCKET  MSPSocket. 1618 MSPSocketTCPConnPool_Query() [out] ret=0
[2016/12/15 15:23:15 524][Px1747][Tx77fff700][INF] LMOD       luac_logge 172  [transport:1183:mspsoc.open,prot_type=  tcp  ]
[2016/12/15 15:23:15 524][Px1747][Tx77fff700][TRC] MSPSOCKET  MSPSocket. 269  MSPSocket_New(1, 1) [in]
[2016/12/15 15:23:15 524][Px1747][Tx77fff700][DBG] MSPSOCKET  MSPSocket. 326  socket(2,1,) ret=8, detail=101
[2016/12/15 15:23:15 524][Px1747][Tx77fff700][TRC] MSPSOCKET  MSPSocket. 411  MSPSocket_New() [out] 6c3f8ed0 0
[2016/12/15 15:23:15 524][Px1747][Tx77fff700][TRC] MSPSOCKET  MSPSocket. 501  MSPSocket_Connect(6c3f8ed0) [in]
[2016/12/15 15:23:15 525][Px1747][Tx77fff700][DBG] MSPSOCKET  MSPSocket. 515  connect(8,116.213.69.195,) ret=-1, hd=6c3f8ed0
[2016/12/15 15:23:15 525][Px1747][Tx77fff700][ERR] MSPSOCKET  MSPSocket. 530  connect() failed! 6c3f8ed0,8,-1,101
[2016/12/15 15:23:15 526][Px1747][Tx77fff700][DBG] MSPTHREAD  MSPThreadP 733  POST l_engine_2:10:2:0
[2016/12/15 15:23:15 526][Px1747][Tx77fff700][TRC] MSPSOCKET  MSPSocket. 565  MSPSocket_Connect() [out] 10202
[2016/12/15 15:23:15 526][Px1747][Tx77fff700][DBG] LENGINE    leng_rpc.c 527  luacRPCFuncProto_Invoke() [out] ret = 0
[2016/12/15 15:23:15 527][Px1747][Tx77fff700][DBG] LENGINE    leng_main. 513  ENGINE_MSG_RPC_ASYNC
[2016/12/15 15:23:15 527][Px1747][Tx77fff700][DBG] LENGINE    leng_main. 521  [isr_local], stat = 1
[2016/12/15 15:23:15 527][Px1747][Tx77fff700][DBG] LENGINE    leng_rpc.c 413  luacRPCFuncProto_Invoke(6c4073c0,6426de80) [in]
[2016/12/15 15:23:15 528][Px1747][Tx77fff700][INF] LMOD       luac_logge 172  [ns:244:ns soc error  10202  ]
[2016/12/15 15:23:15 528][Px1747][Tx77fff700][TRC] MSPSOCKET  MSPSocket. 1014 MSPSocket_Close(6c400200) [in]
[2016/12/15 15:23:15 528][Px1747][Tx77fff700][DBG] MSPSOCKET  MSPSocket. 1034 close(7), 6c400200
[2016/12/15 15:23:15 528][Px1747][Tx77fff700][TRC] MSPSOCKET  MSPSocket. 1068 MSPSocket_Close() [out] 0
[2016/12/15 15:23:15 529][Px1747][Tx77fff700][INF] LMOD       luac_logge 172  [ns:407:name server http resp  nil  10202  nil  ]
[2016/12/15 15:23:15 530][Px1747][Tx77fff700][INF] LMOD       luac_logge 172  [ns:551:ns response failed, err =  10202  ]
[2016/12/15 15:23:15 530][Px1747][Tx77fff700][INF] LMOD       luac_logge 172  [ns:111:ns_host=  open.xf-yun.com  ]
[2016/12/15 15:23:15 530][Px1747][Tx77fff700][INF] LMOD       luac_logge 172  [ns:113:use default ip  ]
[2016/12/15 15:23:15 531][Px1747][Tx77fff700][INF] LMOD       luac_logge 172  [transport:974:ns_ip =   116.213.69.195  ]
[2016/12/15 15:23:15 531][Px1747][Tx77fff700][INF] LMOD       luac_logge 172  [transport:975:ip_type =  def_athopen.xf-yun.com  ]
[2016/12/15 15:23:15 531][Px1747][Tx77fff700][INF] LMOD       luac_logge 172  [ns:756:no data in ns_q  ]
[2016/12/15 15:23:15 532][Px1747][Tx77fff700][INF] LMOD       luac_logge 172  [ns:757:conti_ns,ns_inprog =   1  ]
[2016/12/15 15:23:15 532][Px1747][Tx77fff700][DBG] LENGINE    leng_rpc.c 527  luacRPCFuncProto_Invoke() [out] ret = 0
[2016/12/15 15:23:15 532][Px1747][Tx77fff700][DBG] LENGINE    leng_main. 513  ENGINE_MSG_RPC_ASYNC
[2016/12/15 15:23:15 532][Px1747][Tx77fff700][DBG] LENGINE    leng_main. 521  [isr_local], stat = 1
[2016/12/15 15:23:15 533][Px1747][Tx77fff700][DBG] LENGINE    leng_rpc.c 413  luacRPCFuncProto_Invoke(6c4071f0,6426de80) [in]
[2016/12/15 15:23:15 533][Px1747][Tx77fff700][ERR] LMOD       luac_logge 166  [transport:545:MSC:[soc] [0] error 10202 101!  ]
[2016/12/15 15:23:15 533][Px1747][Tx77fff700][TRC] MSPSOCKET  MSPSocket. 1014 MSPSocket_Close(6c3f8ed0) [in]
[2016/12/15 15:23:15 534][Px1747][Tx77fff700][DBG] MSPSOCKET  MSPSocket. 1034 close(8), 6c3f8ed0
[2016/12/15 15:23:15 534][Px1747][Tx77fff700][TRC] MSPSOCKET  MSPSocket. 1068 MSPSocket_Close() [out] 0
[2016/12/15 15:23:15 534][Px1747][Tx77fff700][INF] LMOD       luac_logge 172  [transport:57:clear_ip ip_type =  def_athopen.xf-yun.com  ]
[2016/12/15 15:23:15 534][Px1747][Tx77fff700][WAR] LMOD       luac_logge 168  [transport:321:soc_conn_failed  ]
[2016/12/15 15:23:15 535][Px1747][Tx77fff700][DBG] LMOD       luac_logge 178  [network:88:iptoenv ,  ipcache  open.xf-yun.com  def  nil  ]
[2016/12/15 15:23:15 535][Px1747][Tx77fff700][INF] LLOADER    lloader.c  327  load dkjson
[2016/12/15 15:23:15 536][Px1747][Tx77fff700][INF] LLOADER    lloader.c  339  a intalled entry
[2016/12/15 15:23:15 536][Px1747][Tx77fff700][INF] LLOADER    lloader.c  365  from rom
[2016/12/15 15:23:15 536][Px1747][Tx77fff700][PRF] LLOADER    lloader.c  397  load dkjson cost 1 (ms)
[2016/12/15 15:23:15 537][Px1747][Tx77fff700][INF] LMOD       luac_logge 172  [transport:390:switch 80  ]
[2016/12/15 15:23:15 537][Px1747][Tx77fff700][TRC] LENGINE    leng_shell 109  lEngine_Start(6c0639d8,6c0639d8,0,) [in]
[2016/12/15 15:23:15 537][Px1747][Tx77fff700][TRC] LENGINE    leng_shell 351  lEngine_PostMessage(6c3fc3c0,1,2,) [in]
[2016/12/15 15:23:15 537][Px1747][Tx77fff700][DBG] MSPTHREAD  MSPThreadP 733  POST l_engine_1:10:1:1
[2016/12/15 15:23:15 538][Px1747][Tx7cc6e700][DBG] LENGINE    leng_main. 513  ENGINE_MSG_RPC_ASYNC
[2016/12/15 15:23:15 538][Px1747][Tx7cc6e700][DBG] LENGINE    leng_main. 521  [waiter], stat = 1
[2016/12/15 15:23:15 538][Px1747][Tx7cc6e700][DBG] LENGINE    leng_rpc.c 413  luacRPCFuncProto_Invoke(6c402060,6c3fc3c0) [in]
[2016/12/15 15:23:15 538][Px1747][Tx77fff700][TRC] LENGINE    leng_shell 374  lEngine_PostMessage() [out] 0
[2016/12/15 15:23:15 539][Px1747][Tx7cc6e700][INF] LMOD       luac_logge 172  [network:380:redns  def  open.xf-yun.com  ]
[2016/12/15 15:23:15 539][Px1747][Tx7cc6e700][TRC] MSPADNS    MSPAsyncDn 268  MSPAsyncDns_Start() [in]
[2016/12/15 15:23:15 540][Px1747][Tx7d46f700][DBG] MSPADNS    MSPAsyncDn 184  gethostbyname(open.xf-yun.com) start [id=1879156136]
[2016/12/15 15:23:15 540][Px1747][Tx77fff700][TRC] LMOD       luac_logge 170  [transport:1198:[soc] disconnect   ]
[2016/12/15 15:23:15 540][Px1747][Tx7d46f700][ERR] MSPADNS    MSPAsyncDn 211  gethostbyname(open.xf-yun.com) failed: Temporary failure in name resolution [id=1879156136]
[2016/12/15 15:23:15 541][Px1747][Tx7d46f700][DBG] MSPTHREAD  MSPThreadP 733  POST l_engine_1:10:1:0
[2016/12/15 15:23:15 541][Px1747][Tx77fff700][DBG] LENGINE    leng_rpc.c 527  luacRPCFuncProto_Invoke() [out] ret = 0
[2016/12/15 15:23:15 541][Px1747][Tx7cc6e700][INF] LMOD       luac_logge 172  [waiter:196:last gc at  1481844193  ]
[2016/12/15 15:23:15 541][Px1747][Tx7cc6e700][DBG] LENGINE    leng_rpc.c 527  luacRPCFuncProto_Invoke() [out] ret = 0
[2016/12/15 15:23:15 541][Px1747][Tx7cc6e700][DBG] LENGINE    leng_main. 513  ENGINE_MSG_RPC_ASYNC
[2016/12/15 15:23:15 541][Px1747][Tx7cc6e700][DBG] LENGINE    leng_main. 521  [waiter], stat = 1
[2016/12/15 15:23:15 542][Px1747][Tx7cc6e700][DBG] LENGINE    leng_rpc.c 413  luacRPCFuncProto_Invoke(54001a20,6c3fc3c0) [in]
[2016/12/15 15:23:15 542][Px1747][Tx7cc6e700][INF] LMOD       luac_logge 172  [network:173:dns resp  10214  ]
[2016/12/15 15:23:15 543][Px1747][Tx7cc6e700][INF] LMOD       luac_logge 172  [network:397:redns dns resp  nil  10214  nil  nil  ]
[2016/12/15 15:23:15 543][Px1747][Tx7cc6e700][DBG] LENGINE    leng_rpc.c 527  luacRPCFuncProto_Invoke() [out] ret = 0
[2016/12/15 15:23:15 740][Px1747][Tx77fff700][DBG] LENGINE    leng_rpc.c 413  luacRPCFuncProto_Invoke(6c01bf40,6426de80) [in]
[2016/12/15 15:23:15 741][Px1747][Tx77fff700][INF] LMOD       luac_logge 172  [transport:959:session.domain=  open.xf-yun.com  ]
[2016/12/15 15:23:15 741][Px1747][Tx77fff700][INF] LMOD       luac_logge 172  [transport:960:url.host=  open.xf-yun.com  ]
[2016/12/15 15:23:15 741][Px1747][Tx77fff700][INF] LLOADER    lloader.c  327  load dkjson
[2016/12/15 15:23:15 741][Px1747][Tx77fff700][INF] LLOADER    lloader.c  339  a intalled entry
[2016/12/15 15:23:15 742][Px1747][Tx77fff700][INF] LLOADER    lloader.c  365  from rom
[2016/12/15 15:23:15 742][Px1747][Tx77fff700][PRF] LLOADER    lloader.c  397  load dkjson cost 0 (ms)
[2016/12/15 15:23:15 742][Px1747][Tx77fff700][DBG] LMOD       luac_logge 178  [network:83:ipfromenv ,  ipcache  open.xf-yun.com  def  nil  ]
[2016/12/15 15:23:15 743][Px1747][Tx77fff700][TRC] LMOD       luac_logge 170  [transport:994:NAMESERVER START  ]
[2016/12/15 15:23:15 743][Px1747][Tx77fff700][INF] LMOD       luac_logge 172  [transport:997:name =   ath  ]
[2016/12/15 15:23:15 744][Px1747][Tx77fff700][INF] LMOD       luac_logge 172  [ns:727:ntt=  standard  ]
[2016/12/15 15:23:15 744][Px1747][Tx77fff700][INF] LMOD       luac_logge 172  [transport:1000:trans,ns_inprog =  0  ]
[2016/12/15 15:23:15 744][Px1747][Tx77fff700][TRC] LMOD       luac_logge 170  [ns:682:name server start  ]
[2016/12/15 15:23:15 745][Px1747][Tx77fff700][INF] LMOD       luac_logge 172  [ns:683:ns_sub =   ath  ]
[2016/12/15 15:23:15 745][Px1747][Tx77fff700][INF] LMOD       luac_logge 172  [ns:685:ns_host=  open.xf-yun.com  ]
[2016/12/15 15:23:15 745][Px1747][Tx77fff700][INF] LMOD       luac_logge 172  [ns:403:ns_host=  open.xf-yun.com  ]
[2016/12/15 15:23:15 746][Px1747][Tx77fff700][DBG] LMOD       luac_logge 178  [ns:662:GET /sip/resolver?srand=1215152311.32 HTTP/1.1
Host: hdns.openspeech.cn
Connection: Keep-Alive
X-Par: ver=1.2&appid=583467f7&operator=UNKNOW&nettype=STANDARD&cver=5.0.27.1135&svc=ath&host=open.xf-yun.com&sign=35d8de5920788f2239e6c003e0791a01
User-Agent: iFLYCloud

  ]
[2016/12/15 15:23:15 747][Px1747][Tx77fff700][INF] LMOD       luac_logge 172  [ns:663:net_type =  standard  ]
[2016/12/15 15:23:15 747][Px1747][Tx77fff700][INF] LMOD       luac_logge 172  [ns:664:cmwapascmnet =  ]
[2016/12/15 15:23:15 748][Px1747][Tx77fff700][INF] LMOD       luac_logge 172  [ns:665:uniwapasuninet =  ]
[2016/12/15 15:23:15 748][Px1747][Tx77fff700][INF] LMOD       luac_logge 172  [ns:666:ctwapasctnet =  ]
[2016/12/15 15:23:15 748][Px1747][Tx77fff700][INF] LMOD       luac_logge 172  [ns:676:host=  hdns.openspeech.cn  ]
[2016/12/15 15:23:15 749][Px1747][Tx77fff700][TRC] MSPADNS    MSPAsyncDn 268  MSPAsyncDns_Start() [in]
[2016/12/15 15:23:15 749][Px1747][Tx7d46f700][DBG] MSPADNS    MSPAsyncDn 184  gethostbyname(hdns.openspeech.cn) start [id=1816211272]
[2016/12/15 15:23:15 749][Px1747][Tx7d46f700][ERR] MSPADNS    MSPAsyncDn 211  gethostbyname(hdns.openspeech.cn) failed: Temporary failure in name resolution [id=1816211272]
[2016/12/15 15:23:15 749][Px1747][Tx7d46f700][DBG] MSPTHREAD  MSPThreadP 733  POST l_engine_2:10:1:1
[2016/12/15 15:23:15 750][Px1747][Tx77fff700][TRC] MSPADNS    MSPAsyncDn 268  MSPAsyncDns_Start() [in]
[2016/12/15 15:23:15 750][Px1747][Tx7d46f700][DBG] MSPADNS    MSPAsyncDn 184  gethostbyname(open.xf-yun.com) start [id=1816134184]
[2016/12/15 15:23:15 750][Px1747][Tx7d46f700][ERR] MSPADNS    MSPAsyncDn 211  gethostbyname(open.xf-yun.com) failed: Temporary failure in name resolution [id=1816134184]
[2016/12/15 15:23:15 751][Px1747][Tx7d46f700][DBG] MSPTHREAD  MSPThreadP 733  POST l_engine_2:10:2:0
[2016/12/15 15:23:15 751][Px1747][Tx77fff700][DBG] LENGINE    leng_rpc.c 527  luacRPCFuncProto_Invoke() [out] ret = 0
[2016/12/15 15:23:15 751][Px1747][Tx77fff700][DBG] LENGINE    leng_main. 513  ENGINE_MSG_RPC_ASYNC
[2016/12/15 15:23:15 752][Px1747][Tx77fff700][DBG] LENGINE    leng_main. 521  [isr_local], stat = 1
[2016/12/15 15:23:15 752][Px1747][Tx77fff700][DBG] LENGINE    leng_rpc.c 413  luacRPCFuncProto_Invoke(54001a20,6426de80) [in]
[2016/12/15 15:23:15 752][Px1747][Tx77fff700][INF] LMOD       luac_logge 172  [ns:290:ns dns resp  10214  ]
[2016/12/15 15:23:15 753][Px1747][Tx77fff700][INF] LMOD       luac_logge 172  [ns:564:ns dns failed, err =   10214  ]
[2016/12/15 15:23:15 753][Px1747][Tx77fff700][INF] LMOD       luac_logge 172  [ns:174:ns gethttpresp  117.121.48.5  80  ]
[2016/12/15 15:23:15 753][Px1747][Tx77fff700][TRC] MSPSOCKET  MSPSocket. 269  MSPSocket_New(1, 1) [in]
[2016/12/15 15:23:15 754][Px1747][Tx77fff700][DBG] MSPSOCKET  MSPSocket. 326  socket(2,1,) ret=7, detail=101
[2016/12/15 15:23:15 754][Px1747][Tx77fff700][TRC] MSPSOCKET  MSPSocket. 411  MSPSocket_New() [out] 6c01bf40 0
[2016/12/15 15:23:15 754][Px1747][Tx77fff700][TRC] MSPSOCKET  MSPSocket. 501  MSPSocket_Connect(6c01bf40) [in]
[2016/12/15 15:23:15 755][Px1747][Tx77fff700][DBG] MSPSOCKET  MSPSocket. 515  connect(7,117.121.48.5,) ret=-1, hd=6c01bf40
[2016/12/15 15:23:15 755][Px1747][Tx77fff700][ERR] MSPSOCKET  MSPSocket. 530  connect() failed! 6c01bf40,7,-1,101
[2016/12/15 15:23:15 755][Px1747][Tx77fff700][DBG] MSPTHREAD  MSPThreadP 733  POST l_engine_2:10:2:0
[2016/12/15 15:23:15 755][Px1747][Tx77fff700][TRC] MSPSOCKET  MSPSocket. 565  MSPSocket_Connect() [out] 10202
[2016/12/15 15:23:15 756][Px1747][Tx77fff700][DBG] LENGINE    leng_rpc.c 527  luacRPCFuncProto_Invoke() [out] ret = 0
[2016/12/15 15:23:15 756][Px1747][Tx77fff700][DBG] LENGINE    leng_main. 513  ENGINE_MSG_RPC_ASYNC
[2016/12/15 15:23:15 756][Px1747][Tx77fff700][DBG] LENGINE    leng_main. 521  [isr_local], stat = 1
[2016/12/15 15:23:15 756][Px1747][Tx77fff700][DBG] LENGINE    leng_rpc.c 413  luacRPCFuncProto_Invoke(54002d10,6426de80) [in]
[2016/12/15 15:23:15 757][Px1747][Tx77fff700][ERR] LMOD       luac_logge 166  [transport:295:[dns] [0] failed! 10214  ]
[2016/12/15 15:23:15 757][Px1747][Tx77fff700][INF] LLOADER    lloader.c  327  load dkjson
[2016/12/15 15:23:15 758][Px1747][Tx77fff700][INF] LLOADER    lloader.c  339  a intalled entry
[2016/12/15 15:23:15 758][Px1747][Tx77fff700][INF] LLOADER    lloader.c  365  from rom
[2016/12/15 15:23:15 758][Px1747][Tx77fff700][PRF] LLOADER    lloader.c  397  load dkjson cost 1 (ms)
[2016/12/15 15:23:15 759][Px1747][Tx77fff700][DBG] LMOD       luac_logge 178  [network:83:ipfromenv ,  ipcache  open.xf-yun.com  def  nil  ]
[2016/12/15 15:23:15 759][Px1747][Tx77fff700][INF] LLOADER    lloader.c  327  load dkjson
[2016/12/15 15:23:15 759][Px1747][Tx77fff700][INF] LLOADER    lloader.c  339  a intalled entry
[2016/12/15 15:23:15 759][Px1747][Tx77fff700][INF] LLOADER    lloader.c  365  from rom
[2016/12/15 15:23:15 759][Px1747][Tx77fff700][PRF] LLOADER    lloader.c  397  load dkjson cost 1 (ms)
[2016/12/15 15:23:15 760][Px1747][Tx77fff700][DBG] LMOD       luac_logge 178  [network:83:ipfromenv ,  ipcfg  open.xf-yun.com  def  nil  ]
[2016/12/15 15:23:15 760][Px1747][Tx77fff700][TRC] LMOD       luac_logge 170  [transport:1166:[soc] connect   116.213.69.195  80  ]
[2016/12/15 15:23:15 760][Px1747][Tx77fff700][TRC] MSPSOCKET  MSPSocket. 1593 MSPSocketTCPConnPool_Query(116.213.69.195, 80) [in]
[2016/12/15 15:23:15 761][Px1747][Tx77fff700][TRC] MSPSOCKET  MSPSocket. 1618 MSPSocketTCPConnPool_Query() [out] ret=0
[2016/12/15 15:23:15 761][Px1747][Tx77fff700][INF] LMOD       luac_logge 172  [transport:1183:mspsoc.open,prot_type=  tcp  ]
[2016/12/15 15:23:15 761][Px1747][Tx77fff700][TRC] MSPSOCKET  MSPSocket. 269  MSPSocket_New(1, 1) [in]
[2016/12/15 15:23:15 761][Px1747][Tx77fff700][DBG] MSPSOCKET  MSPSocket. 326  socket(2,1,) ret=8, detail=101
[2016/12/15 15:23:15 762][Px1747][Tx77fff700][TRC] MSPSOCKET  MSPSocket. 411  MSPSocket_New() [out] 6c405fc0 0
[2016/12/15 15:23:15 762][Px1747][Tx77fff700][TRC] MSPSOCKET  MSPSocket. 501  MSPSocket_Connect(6c405fc0) [in]
[2016/12/15 15:23:15 763][Px1747][Tx77fff700][DBG] MSPSOCKET  MSPSocket. 515  connect(8,116.213.69.195,) ret=-1, hd=6c405fc0
[2016/12/15 15:23:15 763][Px1747][Tx77fff700][ERR] MSPSOCKET  MSPSocket. 530  connect() failed! 6c405fc0,8,-1,101
[2016/12/15 15:23:15 763][Px1747][Tx77fff700][DBG] MSPTHREAD  MSPThreadP 733  POST l_engine_2:10:2:0
[2016/12/15 15:23:15 764][Px1747][Tx77fff700][TRC] MSPSOCKET  MSPSocket. 565  MSPSocket_Connect() [out] 10202
[2016/12/15 15:23:15 764][Px1747][Tx77fff700][DBG] LENGINE    leng_rpc.c 527  luacRPCFuncProto_Invoke() [out] ret = 0
[2016/12/15 15:23:15 764][Px1747][Tx77fff700][DBG] LENGINE    leng_main. 513  ENGINE_MSG_RPC_ASYNC
[2016/12/15 15:23:15 765][Px1747][Tx77fff700][DBG] LENGINE    leng_main. 521  [isr_local], stat = 1
[2016/12/15 15:23:15 765][Px1747][Tx77fff700][DBG] LENGINE    leng_rpc.c 413  luacRPCFuncProto_Invoke(6c40c710,6426de80) [in]
[2016/12/15 15:23:15 767][Px1747][Tx77fff700][INF] LMOD       luac_logge 172  [ns:244:ns soc error  10202  ]
[2016/12/15 15:23:15 767][Px1747][Tx77fff700][TRC] MSPSOCKET  MSPSocket. 1014 MSPSocket_Close(6c01bf40) [in]
[2016/12/15 15:23:15 768][Px1747][Tx77fff700][DBG] MSPSOCKET  MSPSocket. 1034 close(7), 6c01bf40
[2016/12/15 15:23:15 768][Px1747][Tx77fff700][TRC] MSPSOCKET  MSPSocket. 1068 MSPSocket_Close() [out] 0
[2016/12/15 15:23:15 768][Px1747][Tx77fff700][INF] LMOD       luac_logge 172  [ns:407:name server http resp  nil  10202  nil  ]
[2016/12/15 15:23:15 769][Px1747][Tx77fff700][INF] LMOD       luac_logge 172  [ns:551:ns response failed, err =  10202  ]
[2016/12/15 15:23:15 769][Px1747][Tx77fff700][INF] LMOD       luac_logge 172  [ns:111:ns_host=  open.xf-yun.com  ]
[2016/12/15 15:23:15 769][Px1747][Tx77fff700][INF] LMOD       luac_logge 172  [ns:113:use default ip  ]
[2016/12/15 15:23:15 770][Px1747][Tx77fff700][INF] LMOD       luac_logge 172  [transport:974:ns_ip =   116.213.69.195  ]
[2016/12/15 15:23:15 770][Px1747][Tx77fff700][INF] LMOD       luac_logge 172  [transport:975:ip_type =  def_athopen.xf-yun.com  ]
[2016/12/15 15:23:15 771][Px1747][Tx77fff700][INF] LMOD       luac_logge 172  [ns:756:no data in ns_q  ]
[2016/12/15 15:23:15 772][Px1747][Tx77fff700][INF] LMOD       luac_logge 172  [ns:757:conti_ns,ns_inprog =   1  ]
[2016/12/15 15:23:15 772][Px1747][Tx77fff700][DBG] LENGINE    leng_rpc.c 527  luacRPCFuncProto_Invoke() [out] ret = 0
[2016/12/15 15:23:15 772][Px1747][Tx77fff700][DBG] LENGINE    leng_main. 513  ENGINE_MSG_RPC_ASYNC
[2016/12/15 15:23:15 773][Px1747][Tx77fff700][DBG] LENGINE    leng_main. 521  [isr_local], stat = 1
[2016/12/15 15:23:15 773][Px1747][Tx77fff700][DBG] LENGINE    leng_rpc.c 413  luacRPCFuncProto_Invoke(6c412f20,6426de80) [in]
[2016/12/15 15:23:15 773][Px1747][Tx77fff700][ERR] LMOD       luac_logge 166  [transport:545:MSC:[soc] [0] error 10202 101!  ]
[2016/12/15 15:23:15 774][Px1747][Tx77fff700][TRC] MSPSOCKET  MSPSocket. 1014 MSPSocket_Close(6c405fc0) [in]
[2016/12/15 15:23:15 774][Px1747][Tx77fff700][DBG] MSPSOCKET  MSPSocket. 1034 close(8), 6c405fc0
[2016/12/15 15:23:15 774][Px1747][Tx77fff700][TRC] MSPSOCKET  MSPSocket. 1068 MSPSocket_Close() [out] 0
[2016/12/15 15:23:15 775][Px1747][Tx77fff700][INF] LMOD       luac_logge 172  [transport:57:clear_ip ip_type =  def_athopen.xf-yun.com  ]
[2016/12/15 15:23:15 775][Px1747][Tx77fff700][WAR] LMOD       luac_logge 168  [transport:321:soc_conn_failed  ]
[2016/12/15 15:23:15 776][Px1747][Tx77fff700][DBG] LMOD       luac_logge 178  [network:88:iptoenv ,  ipcache  open.xf-yun.com  def  nil  ]
[2016/12/15 15:23:15 776][Px1747][Tx77fff700][INF] LLOADER    lloader.c  327  load dkjson
[2016/12/15 15:23:15 776][Px1747][Tx77fff700][INF] LLOADER    lloader.c  339  a intalled entry
[2016/12/15 15:23:15 777][Px1747][Tx77fff700][INF] LLOADER    lloader.c  365  from rom
[2016/12/15 15:23:15 777][Px1747][Tx77fff700][PRF] LLOADER    lloader.c  397  load dkjson cost 2 (ms)
[2016/12/15 15:23:15 778][Px1747][Tx77fff700][INF] LMOD       luac_logge 172  [transport:390:switch 80  ]
[2016/12/15 15:23:15 779][Px1747][Tx77fff700][TRC] LENGINE    leng_shell 109  lEngine_Start(6c0639d8,6c0639d8,0,) [in]
[2016/12/15 15:23:15 779][Px1747][Tx77fff700][TRC] LENGINE    leng_shell 351  lEngine_PostMessage(6c3fc3c0,1,2,) [in]
[2016/12/15 15:23:15 780][Px1747][Tx77fff700][DBG] MSPTHREAD  MSPThreadP 733  POST l_engine_1:10:1:1
[2016/12/15 15:23:15 780][Px1747][Tx7cc6e700][DBG] LENGINE    leng_main. 513  ENGINE_MSG_RPC_ASYNC
[2016/12/15 15:23:15 780][Px1747][Tx7cc6e700][DBG] LENGINE    leng_main. 521  [waiter], stat = 1
[2016/12/15 15:23:15 781][Px1747][Tx7cc6e700][DBG] LENGINE    leng_rpc.c 413  luacRPCFuncProto_Invoke(6c402060,6c3fc3c0) [in]
[2016/12/15 15:23:15 781][Px1747][Tx77fff700][TRC] LENGINE    leng_shell 374  lEngine_PostMessage() [out] 0
[2016/12/15 15:23:15 781][Px1747][Tx7cc6e700][INF] LMOD       luac_logge 172  [network:380:redns  def  open.xf-yun.com  ]
[2016/12/15 15:23:15 782][Px1747][Tx7cc6e700][TRC] MSPADNS    MSPAsyncDn 268  MSPAsyncDns_Start() [in]
[2016/12/15 15:23:15 782][Px1747][Tx7d46f700][DBG] MSPADNS    MSPAsyncDn 184  gethostbyname(open.xf-yun.com) start [id=1879157832]
[2016/12/15 15:23:15 783][Px1747][Tx7d46f700][ERR] MSPADNS    MSPAsyncDn 211  gethostbyname(open.xf-yun.com) failed: Temporary failure in name resolution [id=1879157832]
[2016/12/15 15:23:15 783][Px1747][Tx7d46f700][DBG] MSPTHREAD  MSPThreadP 733  POST l_engine_1:10:1:0
[2016/12/15 15:23:15 783][Px1747][Tx7cc6e700][INF] LMOD       luac_logge 172  [waiter:196:last gc at  1481844193  ]
[2016/12/15 15:23:15 784][Px1747][Tx7cc6e700][DBG] LENGINE    leng_rpc.c 527  luacRPCFuncProto_Invoke() [out] ret = 0
[2016/12/15 15:23:15 784][Px1747][Tx7cc6e700][DBG] LENGINE    leng_main. 513  ENGINE_MSG_RPC_ASYNC
[2016/12/15 15:23:15 785][Px1747][Tx7cc6e700][DBG] LENGINE    leng_main. 521  [waiter], stat = 1
[2016/12/15 15:23:15 785][Px1747][Tx7cc6e700][DBG] LENGINE    leng_rpc.c 413  luacRPCFuncProto_Invoke(54001a20,6c3fc3c0) [in]
[2016/12/15 15:23:15 785][Px1747][Tx77fff700][TRC] LMOD       luac_logge 170  [transport:1198:[soc] disconnect   ]
[2016/12/15 15:23:15 785][Px1747][Tx7cc6e700][INF] LMOD       luac_logge 172  [network:173:dns resp  10214  ]
[2016/12/15 15:23:15 786][Px1747][Tx77fff700][DBG] LENGINE    leng_rpc.c 527  luacRPCFuncProto_Invoke() [out] ret = 0
[2016/12/15 15:23:15 786][Px1747][Tx7cc6e700][INF] LMOD       luac_logge 172  [network:397:redns dns resp  nil  10214  nil  nil  ]
[2016/12/15 15:23:15 787][Px1747][Tx7cc6e700][DBG] LENGINE    leng_rpc.c 527  luacRPCFuncProto_Invoke() [out] ret = 0
[2016/12/15 15:23:15 985][Px1747][Tx77fff700][DBG] LENGINE    leng_rpc.c 413  luacRPCFuncProto_Invoke(6c032830,6426de80) [in]
[2016/12/15 15:23:15 986][Px1747][Tx77fff700][INF] LMOD       luac_logge 172  [transport:959:session.domain=  open.xf-yun.com  ]
[2016/12/15 15:23:15 986][Px1747][Tx77fff700][INF] LMOD       luac_logge 172  [transport:960:url.host=  open.xf-yun.com  ]
[2016/12/15 15:23:15 987][Px1747][Tx77fff700][INF] LLOADER    lloader.c  327  load dkjson
[2016/12/15 15:23:15 987][Px1747][Tx77fff700][INF] LLOADER    lloader.c  339  a intalled entry
[2016/12/15 15:23:15 988][Px1747][Tx77fff700][INF] LLOADER    lloader.c  365  from rom
[2016/12/15 15:23:15 988][Px1747][Tx77fff700][PRF] LLOADER    lloader.c  397  load dkjson cost 2 (ms)
[2016/12/15 15:23:15 989][Px1747][Tx77fff700][DBG] LMOD       luac_logge 178  [network:83:ipfromenv ,  ipcache  open.xf-yun.com  def  nil  ]
[2016/12/15 15:23:15 989][Px1747][Tx77fff700][TRC] LMOD       luac_logge 170  [transport:994:NAMESERVER START  ]
[2016/12/15 15:23:15 990][Px1747][Tx77fff700][INF] LMOD       luac_logge 172  [transport:997:name =   ath  ]
[2016/12/15 15:23:15 990][Px1747][Tx77fff700][INF] LMOD       luac_logge 172  [ns:727:ntt=  standard  ]
[2016/12/15 15:23:15 990][Px1747][Tx77fff700][INF] LMOD       luac_logge 172  [transport:1000:trans,ns_inprog =  0  ]
[2016/12/15 15:23:15 991][Px1747][Tx77fff700][TRC] LMOD       luac_logge 170  [ns:682:name server start  ]
[2016/12/15 15:23:15 991][Px1747][Tx77fff700][INF] LMOD       luac_logge 172  [ns:683:ns_sub =   ath  ]
[2016/12/15 15:23:15 991][Px1747][Tx77fff700][INF] LMOD       luac_logge 172  [ns:685:ns_host=  open.xf-yun.com  ]
[2016/12/15 15:23:15 992][Px1747][Tx77fff700][INF] LMOD       luac_logge 172  [ns:403:ns_host=  open.xf-yun.com  ]
[2016/12/15 15:23:15 992][Px1747][Tx77fff700][DBG] LMOD       luac_logge 178  [ns:662:GET /sip/resolver?srand=1215152311.32 HTTP/1.1
Host: hdns.openspeech.cn
Connection: Keep-Alive
X-Par: ver=1.2&appid=583467f7&operator=UNKNOW&nettype=STANDARD&cver=5.0.27.1135&svc=ath&host=open.xf-yun.com&sign=35d8de5920788f2239e6c003e0791a01
User-Agent: iFLYCloud

  ]
[2016/12/15 15:23:15 993][Px1747][Tx77fff700][INF] LMOD       luac_logge 172  [ns:663:net_type =  standard  ]
[2016/12/15 15:23:15 993][Px1747][Tx77fff700][INF] LMOD       luac_logge 172  [ns:664:cmwapascmnet =  ]
[2016/12/15 15:23:15 993][Px1747][Tx77fff700][INF] LMOD       luac_logge 172  [ns:665:uniwapasuninet =  ]
[2016/12/15 15:23:15 994][Px1747][Tx77fff700][INF] LMOD       luac_logge 172  [ns:666:ctwapasctnet =  ]
[2016/12/15 15:23:15 994][Px1747][Tx77fff700][INF] LMOD       luac_logge 172  [ns:676:host=  hdns.openspeech.cn  ]
[2016/12/15 15:23:15 995][Px1747][Tx77fff700][TRC] MSPADNS    MSPAsyncDn 268  MSPAsyncDns_Start() [in]
[2016/12/15 15:23:15 995][Px1747][Tx7d46f700][DBG] MSPADNS    MSPAsyncDn 184  gethostbyname(hdns.openspeech.cn) start [id=1812145080]
[2016/12/15 15:23:15 996][Px1747][Tx7d46f700][ERR] MSPADNS    MSPAsyncDn 211  gethostbyname(hdns.openspeech.cn) failed: Temporary failure in name resolution [id=1812145080]
[2016/12/15 15:23:15 996][Px1747][Tx7d46f700][DBG] MSPTHREAD  MSPThreadP 733  POST l_engine_2:10:1:1
[2016/12/15 15:23:15 996][Px1747][Tx77fff700][TRC] MSPADNS    MSPAsyncDn 268  MSPAsyncDns_Start() [in]
[2016/12/15 15:23:15 997][Px1747][Tx7d46f700][DBG] MSPADNS    MSPAsyncDn 184  gethostbyname(open.xf-yun.com) start [id=1816184632]
[2016/12/15 15:23:15 997][Px1747][Tx7d46f700][ERR] MSPADNS    MSPAsyncDn 211  gethostbyname(open.xf-yun.com) failed: Temporary failure in name resolution [id=1816184632]
[2016/12/15 15:23:15 998][Px1747][Tx7d46f700][DBG] MSPTHREAD  MSPThreadP 733  POST l_engine_2:10:2:0
[2016/12/15 15:23:15 999][Px1747][Tx77fff700][DBG] LENGINE    leng_rpc.c 527  luacRPCFuncProto_Invoke() [out] ret = 0
[2016/12/15 15:23:15 999][Px1747][Tx77fff700][DBG] LENGINE    leng_main. 513  ENGINE_MSG_RPC_ASYNC
[2016/12/15 15:23:16 000][Px1747][Tx77fff700][DBG] LENGINE    leng_main. 521  [isr_local], stat = 1
[2016/12/15 15:23:16 000][Px1747][Tx77fff700][DBG] LENGINE    leng_rpc.c 413  luacRPCFuncProto_Invoke(54001a20,6426de80) [in]
[2016/12/15 15:23:16 000][Px1747][Tx77fff700][INF] LMOD       luac_logge 172  [ns:290:ns dns resp  10214  ]
[2016/12/15 15:23:16 001][Px1747][Tx77fff700][INF] LMOD       luac_logge 172  [ns:564:ns dns failed, err =   10214  ]
[2016/12/15 15:23:16 001][Px1747][Tx77fff700][INF] LMOD       luac_logge 172  [ns:174:ns gethttpresp  117.121.48.5  80  ]
[2016/12/15 15:23:16 001][Px1747][Tx77fff700][TRC] MSPSOCKET  MSPSocket. 269  MSPSocket_New(1, 1) [in]
[2016/12/15 15:23:16 002][Px1747][Tx77fff700][DBG] MSPSOCKET  MSPSocket. 326  socket(2,1,) ret=7, detail=101
[2016/12/15 15:23:16 002][Px1747][Tx77fff700][TRC] MSPSOCKET  MSPSocket. 411  MSPSocket_New() [out] 6c3f9810 0
[2016/12/15 15:23:16 002][Px1747][Tx77fff700][TRC] MSPSOCKET  MSPSocket. 501  MSPSocket_Connect(6c3f9810) [in]
[2016/12/15 15:23:16 002][Px1747][Tx77fff700][DBG] MSPSOCKET  MSPSocket. 515  connect(7,117.121.48.5,) ret=-1, hd=6c3f9810
[2016/12/15 15:23:16 003][Px1747][Tx77fff700][ERR] MSPSOCKET  MSPSocket. 530  connect() failed! 6c3f9810,7,-1,101
[2016/12/15 15:23:16 003][Px1747][Tx77fff700][DBG] MSPTHREAD  MSPThreadP 733  POST l_engine_2:10:2:0
[2016/12/15 15:23:16 003][Px1747][Tx77fff700][TRC] MSPSOCKET  MSPSocket. 565  MSPSocket_Connect() [out] 10202
[2016/12/15 15:23:16 004][Px1747][Tx77fff700][DBG] LENGINE    leng_rpc.c 527  luacRPCFuncProto_Invoke() [out] ret = 0
[2016/12/15 15:23:16 004][Px1747][Tx77fff700][DBG] LENGINE    leng_main. 513  ENGINE_MSG_RPC_ASYNC
[2016/12/15 15:23:16 005][Px1747][Tx77fff700][DBG] LENGINE    leng_main. 521  [isr_local], stat = 1
[2016/12/15 15:23:16 005][Px1747][Tx77fff700][DBG] LENGINE    leng_rpc.c 413  luacRPCFuncProto_Invoke(54002d10,6426de80) [in]
[2016/12/15 15:23:16 006][Px1747][Tx77fff700][ERR] LMOD       luac_logge 166  [transport:295:[dns] [0] failed! 10214  ]
[2016/12/15 15:23:16 006][Px1747][Tx77fff700][INF] LLOADER    lloader.c  327  load dkjson
[2016/12/15 15:23:16 006][Px1747][Tx77fff700][INF] LLOADER    lloader.c  339  a intalled entry
[2016/12/15 15:23:16 006][Px1747][Tx77fff700][INF] LLOADER    lloader.c  365  from rom
[2016/12/15 15:23:16 006][Px1747][Tx77fff700][PRF] LLOADER    lloader.c  397  load dkjson cost 1 (ms)
[2016/12/15 15:23:16 007][Px1747][Tx77fff700][DBG] LMOD       luac_logge 178  [network:83:ipfromenv ,  ipcache  open.xf-yun.com  def  nil  ]
[2016/12/15 15:23:16 007][Px1747][Tx77fff700][INF] LLOADER    lloader.c  327  load dkjson
[2016/12/15 15:23:16 007][Px1747][Tx77fff700][INF] LLOADER    lloader.c  339  a intalled entry
[2016/12/15 15:23:16 008][Px1747][Tx77fff700][INF] LLOADER    lloader.c  365  from rom
[2016/12/15 15:23:16 009][Px1747][Tx77fff700][PRF] LLOADER    lloader.c  397  load dkjson cost 1 (ms)
[2016/12/15 15:23:16 010][Px1747][Tx77fff700][DBG] LMOD       luac_logge 178  [network:83:ipfromenv ,  ipcfg  open.xf-yun.com  def  nil  ]
[2016/12/15 15:23:16 010][Px1747][Tx77fff700][TRC] LMOD       luac_logge 170  [transport:1166:[soc] connect   116.213.69.195  80  ]
[2016/12/15 15:23:16 010][Px1747][Tx77fff700][TRC] MSPSOCKET  MSPSocket. 1593 MSPSocketTCPConnPool_Query(116.213.69.195, 80) [in]
[2016/12/15 15:23:16 010][Px1747][Tx77fff700][TRC] MSPSOCKET  MSPSocket. 1618 MSPSocketTCPConnPool_Query() [out] ret=0
[2016/12/15 15:23:16 011][Px1747][Tx77fff700][INF] LMOD       luac_logge 172  [transport:1183:mspsoc.open,prot_type=  tcp  ]
[2016/12/15 15:23:16 011][Px1747][Tx77fff700][TRC] MSPSOCKET  MSPSocket. 269  MSPSocket_New(1, 1) [in]
[2016/12/15 15:23:16 011][Px1747][Tx77fff700][DBG] MSPSOCKET  MSPSocket. 326  socket(2,1,) ret=8, detail=101
[2016/12/15 15:23:16 012][Px1747][Tx77fff700][TRC] MSPSOCKET  MSPSocket. 411  MSPSocket_New() [out] 6c40cf50 0
[2016/12/15 15:23:16 012][Px1747][Tx77fff700][TRC] MSPSOCKET  MSPSocket. 501  MSPSocket_Connect(6c40cf50) [in]
[2016/12/15 15:23:16 013][Px1747][Tx77fff700][DBG] MSPSOCKET  MSPSocket. 515  connect(8,116.213.69.195,) ret=-1, hd=6c40cf50
[2016/12/15 15:23:16 013][Px1747][Tx77fff700][ERR] MSPSOCKET  MSPSocket. 530  connect() failed! 6c40cf50,8,-1,101
[2016/12/15 15:23:16 013][Px1747][Tx77fff700][DBG] MSPTHREAD  MSPThreadP 733  POST l_engine_2:10:2:0
[2016/12/15 15:23:16 014][Px1747][Tx77fff700][TRC] MSPSOCKET  MSPSocket. 565  MSPSocket_Connect() [out] 10202
[2016/12/15 15:23:16 014][Px1747][Tx77fff700][DBG] LENGINE    leng_rpc.c 527  luacRPCFuncProto_Invoke() [out] ret = 0
[2016/12/15 15:23:16 014][Px1747][Tx77fff700][DBG] LENGINE    leng_main. 513  ENGINE_MSG_RPC_ASYNC
[2016/12/15 15:23:16 014][Px1747][Tx77fff700][DBG] LENGINE    leng_main. 521  [isr_local], stat = 1
[2016/12/15 15:23:16 014][Px1747][Tx77fff700][DBG] LENGINE    leng_rpc.c 413  luacRPCFuncProto_Invoke(6c032830,6426de80) [in]
[2016/12/15 15:23:16 016][Px1747][Tx77fff700][INF] LMOD       luac_logge 172  [ns:244:ns soc error  10202  ]
[2016/12/15 15:23:16 016][Px1747][Tx77fff700][TRC] MSPSOCKET  MSPSocket. 1014 MSPSocket_Close(6c3f9810) [in]
[2016/12/15 15:23:16 017][Px1747][Tx77fff700][DBG] MSPSOCKET  MSPSocket. 1034 close(7), 6c3f9810
[2016/12/15 15:23:16 017][Px1747][Tx77fff700][TRC] MSPSOCKET  MSPSocket. 1068 MSPSocket_Close() [out] 0
[2016/12/15 15:23:16 018][Px1747][Tx77fff700][INF] LMOD       luac_logge 172  [ns:407:name server http resp  nil  10202  nil  ]
[2016/12/15 15:23:16 018][Px1747][Tx77fff700][INF] LMOD       luac_logge 172  [ns:551:ns response failed, err =  10202  ]
[2016/12/15 15:23:16 018][Px1747][Tx77fff700][INF] LMOD       luac_logge 172  [ns:111:ns_host=  open.xf-yun.com  ]
[2016/12/15 15:23:16 020][Px1747][Tx77fff700][INF] LMOD       luac_logge 172  [ns:113:use default ip  ]
[2016/12/15 15:23:16 020][Px1747][Tx77fff700][INF] LMOD       luac_logge 172  [transport:974:ns_ip =   116.213.69.195  ]
[2016/12/15 15:23:16 021][Px1747][Tx77fff700][INF] LMOD       luac_logge 172  [transport:975:ip_type =  def_athopen.xf-yun.com  ]
[2016/12/15 15:23:16 022][Px1747][Tx77fff700][INF] LMOD       luac_logge 172  [ns:756:no data in ns_q  ]
[2016/12/15 15:23:16 022][Px1747][Tx77fff700][INF] LMOD       luac_logge 172  [ns:757:conti_ns,ns_inprog =   1  ]
[2016/12/15 15:23:16 023][Px1747][Tx77fff700][DBG] LENGINE    leng_rpc.c 527  luacRPCFuncProto_Invoke() [out] ret = 0
[2016/12/15 15:23:16 023][Px1747][Tx77fff700][DBG] LENGINE    leng_main. 513  ENGINE_MSG_RPC_ASYNC
[2016/12/15 15:23:16 023][Px1747][Tx77fff700][DBG] LENGINE    leng_main. 521  [isr_local], stat = 1
[2016/12/15 15:23:16 023][Px1747][Tx77fff700][DBG] LENGINE    leng_rpc.c 413  luacRPCFuncProto_Invoke(6c032390,6426de80) [in]
[2016/12/15 15:23:16 024][Px1747][Tx77fff700][ERR] LMOD       luac_logge 166  [transport:545:MSC:[soc] [0] error 10202 101!  ]
[2016/12/15 15:23:16 024][Px1747][Tx77fff700][TRC] MSPSOCKET  MSPSocket. 1014 MSPSocket_Close(6c40cf50) [in]
[2016/12/15 15:23:16 025][Px1747][Tx77fff700][DBG] MSPSOCKET  MSPSocket. 1034 close(8), 6c40cf50
[2016/12/15 15:23:16 025][Px1747][Tx77fff700][TRC] MSPSOCKET  MSPSocket. 1068 MSPSocket_Close() [out] 0
[2016/12/15 15:23:16 025][Px1747][Tx77fff700][INF] LMOD       luac_logge 172  [transport:57:clear_ip ip_type =  def_athopen.xf-yun.com  ]
[2016/12/15 15:23:16 025][Px1747][Tx77fff700][WAR] LMOD       luac_logge 168  [transport:321:soc_conn_failed  ]
[2016/12/15 15:23:16 026][Px1747][Tx77fff700][DBG] LMOD       luac_logge 178  [network:88:iptoenv ,  ipcache  open.xf-yun.com  def  nil  ]
[2016/12/15 15:23:16 026][Px1747][Tx77fff700][INF] LLOADER    lloader.c  327  load dkjson
[2016/12/15 15:23:16 026][Px1747][Tx77fff700][INF] LLOADER    lloader.c  339  a intalled entry
[2016/12/15 15:23:16 026][Px1747][Tx77fff700][INF] LLOADER    lloader.c  365  from rom
[2016/12/15 15:23:16 027][Px1747][Tx77fff700][PRF] LLOADER    lloader.c  397  load dkjson cost 0 (ms)
[2016/12/15 15:23:16 028][Px1747][Tx77fff700][INF] LMOD       luac_logge 172  [transport:390:switch 80  ]
[2016/12/15 15:23:16 028][Px1747][Tx77fff700][TRC] LENGINE    leng_shell 109  lEngine_Start(6c0639d8,6c0639d8,0,) [in]
[2016/12/15 15:23:16 028][Px1747][Tx77fff700][TRC] LENGINE    leng_shell 351  lEngine_PostMessage(6c3fc3c0,1,2,) [in]
[2016/12/15 15:23:16 029][Px1747][Tx77fff700][DBG] MSPTHREAD  MSPThreadP 733  POST l_engine_1:10:1:1
[2016/12/15 15:23:16 029][Px1747][Tx7cc6e700][DBG] LENGINE    leng_main. 513  ENGINE_MSG_RPC_ASYNC
[2016/12/15 15:23:16 029][Px1747][Tx7cc6e700][DBG] LENGINE    leng_main. 521  [waiter], stat = 1
[2016/12/15 15:23:16 029][Px1747][Tx7cc6e700][DBG] LENGINE    leng_rpc.c 413  luacRPCFuncProto_Invoke(6c402060,6c3fc3c0) [in]
[2016/12/15 15:23:16 030][Px1747][Tx77fff700][TRC] LENGINE    leng_shell 374  lEngine_PostMessage() [out] 0
[2016/12/15 15:23:16 030][Px1747][Tx7cc6e700][INF] LMOD       luac_logge 172  [network:380:redns  def  open.xf-yun.com  ]
[2016/12/15 15:23:16 031][Px1747][Tx7cc6e700][TRC] MSPADNS    MSPAsyncDn 268  MSPAsyncDns_Start() [in]
[2016/12/15 15:23:16 031][Px1747][Tx7d46f700][DBG] MSPADNS    MSPAsyncDn 184  gethostbyname(open.xf-yun.com) start [id=1880335560]
[2016/12/15 15:23:16 032][Px1747][Tx7d46f700][ERR] MSPADNS    MSPAsyncDn 211  gethostbyname(open.xf-yun.com) failed: Temporary failure in name resolution [id=1880335560]
[2016/12/15 15:23:16 032][Px1747][Tx7d46f700][DBG] MSPTHREAD  MSPThreadP 733  POST l_engine_1:10:1:0
[2016/12/15 15:23:16 032][Px1747][Tx77fff700][TRC] LMOD       luac_logge 170  [transport:1198:[soc] disconnect   ]
[2016/12/15 15:23:16 033][Px1747][Tx7cc6e700][INF] LMOD       luac_logge 172  [waiter:196:last gc at  1481844193  ]
[2016/12/15 15:23:16 033][Px1747][Tx7cc6e700][DBG] LENGINE    leng_rpc.c 527  luacRPCFuncProto_Invoke() [out] ret = 0
[2016/12/15 15:23:16 033][Px1747][Tx7cc6e700][DBG] LENGINE    leng_main. 513  ENGINE_MSG_RPC_ASYNC
[2016/12/15 15:23:16 034][Px1747][Tx7cc6e700][DBG] LENGINE    leng_main. 521  [waiter], stat = 1
[2016/12/15 15:23:16 034][Px1747][Tx7cc6e700][DBG] LENGINE    leng_rpc.c 413  luacRPCFuncProto_Invoke(54001a20,6c3fc3c0) [in]
[2016/12/15 15:23:16 034][Px1747][Tx77fff700][DBG] LENGINE    leng_rpc.c 527  luacRPCFuncProto_Invoke() [out] ret = 0
[2016/12/15 15:23:16 035][Px1747][Tx7cc6e700][INF] LMOD       luac_logge 172  [network:173:dns resp  10214  ]
[2016/12/15 15:23:16 035][Px1747][Tx7cc6e700][INF] LMOD       luac_logge 172  [network:397:redns dns resp  nil  10214  nil  nil  ]
[2016/12/15 15:23:16 035][Px1747][Tx7cc6e700][DBG] LENGINE    leng_rpc.c 527  luacRPCFuncProto_Invoke() [out] ret = 0
[2016/12/15 15:23:16 233][Px1747][Tx77fff700][DBG] LENGINE    leng_rpc.c 413  luacRPCFuncProto_Invoke(6c027540,6426de80) [in]
[2016/12/15 15:23:16 234][Px1747][Tx77fff700][INF] LMOD       luac_logge 172  [transport:959:session.domain=  open.xf-yun.com  ]
[2016/12/15 15:23:16 235][Px1747][Tx77fff700][INF] LMOD       luac_logge 172  [transport:960:url.host=  open.xf-yun.com  ]
[2016/12/15 15:23:16 236][Px1747][Tx77fff700][INF] LLOADER    lloader.c  327  load dkjson
[2016/12/15 15:23:16 236][Px1747][Tx77fff700][INF] LLOADER    lloader.c  339  a intalled entry
[2016/12/15 15:23:16 237][Px1747][Tx77fff700][INF] LLOADER    lloader.c  365  from rom
[2016/12/15 15:23:16 237][Px1747][Tx77fff700][PRF] LLOADER    lloader.c  397  load dkjson cost 1 (ms)
[2016/12/15 15:23:16 238][Px1747][Tx77fff700][DBG] LMOD       luac_logge 178  [network:83:ipfromenv ,  ipcache  open.xf-yun.com  def  nil  ]
[2016/12/15 15:23:16 238][Px1747][Tx77fff700][TRC] LMOD       luac_logge 170  [transport:994:NAMESERVER START  ]
[2016/12/15 15:23:16 238][Px1747][Tx77fff700][INF] LMOD       luac_logge 172  [transport:997:name =   ath  ]
[2016/12/15 15:23:16 239][Px1747][Tx77fff700][INF] LMOD       luac_logge 172  [ns:727:ntt=  standard  ]
[2016/12/15 15:23:16 239][Px1747][Tx77fff700][INF] LMOD       luac_logge 172  [transport:1000:trans,ns_inprog =  0  ]
[2016/12/15 15:23:16 239][Px1747][Tx77fff700][TRC] LMOD       luac_logge 170  [ns:682:name server start  ]
[2016/12/15 15:23:16 240][Px1747][Tx77fff700][INF] LMOD       luac_logge 172  [ns:683:ns_sub =   ath  ]
[2016/12/15 15:23:16 240][Px1747][Tx77fff700][INF] LMOD       luac_logge 172  [ns:685:ns_host=  open.xf-yun.com  ]
[2016/12/15 15:23:16 241][Px1747][Tx77fff700][INF] LMOD       luac_logge 172  [ns:403:ns_host=  open.xf-yun.com  ]
[2016/12/15 15:23:16 242][Px1747][Tx77fff700][DBG] LMOD       luac_logge 178  [ns:662:GET /sip/resolver?srand=1215152311.32 HTTP/1.1
Host: hdns.openspeech.cn
Connection: Keep-Alive
X-Par: ver=1.2&appid=583467f7&operator=UNKNOW&nettype=STANDARD&cver=5.0.27.1135&svc=ath&host=open.xf-yun.com&sign=35d8de5920788f2239e6c003e0791a01
User-Agent: iFLYCloud

  ]
[2016/12/15 15:23:16 242][Px1747][Tx77fff700][INF] LMOD       luac_logge 172  [ns:663:net_type =  standard  ]
[2016/12/15 15:23:16 243][Px1747][Tx77fff700][INF] LMOD       luac_logge 172  [ns:664:cmwapascmnet =  ]
[2016/12/15 15:23:16 243][Px1747][Tx77fff700][INF] LMOD       luac_logge 172  [ns:665:uniwapasuninet =  ]
[2016/12/15 15:23:16 244][Px1747][Tx77fff700][INF] LMOD       luac_logge 172  [ns:666:ctwapasctnet =  ]
[2016/12/15 15:23:16 245][Px1747][Tx77fff700][INF] LMOD       luac_logge 172  [ns:676:host=  hdns.openspeech.cn  ]
[2016/12/15 15:23:16 245][Px1747][Tx77fff700][TRC] MSPADNS    MSPAsyncDn 268  MSPAsyncDns_Start() [in]
[2016/12/15 15:23:16 245][Px1747][Tx7d46f700][DBG] MSPADNS    MSPAsyncDn 184  gethostbyname(hdns.openspeech.cn) start [id=1812146264]
[2016/12/15 15:23:16 246][Px1747][Tx7d46f700][ERR] MSPADNS    MSPAsyncDn 211  gethostbyname(hdns.openspeech.cn) failed: Temporary failure in name resolution [id=1812146264]
[2016/12/15 15:23:16 246][Px1747][Tx7d46f700][DBG] MSPTHREAD  MSPThreadP 733  POST l_engine_2:10:1:1
[2016/12/15 15:23:16 246][Px1747][Tx77fff700][TRC] MSPADNS    MSPAsyncDn 268  MSPAsyncDns_Start() [in]
[2016/12/15 15:23:16 246][Px1747][Tx7d46f700][DBG] MSPADNS    MSPAsyncDn 184  gethostbyname(open.xf-yun.com) start [id=1816159752]
[2016/12/15 15:23:16 247][Px1747][Tx7d46f700][ERR] MSPADNS    MSPAsyncDn 211  gethostbyname(open.xf-yun.com) failed: Temporary failure in name resolution [id=1816159752]
[2016/12/15 15:23:16 247][Px1747][Tx7d46f700][DBG] MSPTHREAD  MSPThreadP 733  POST l_engine_2:10:2:0
[2016/12/15 15:23:16 248][Px1747][Tx77fff700][DBG] LENGINE    leng_rpc.c 527  luacRPCFuncProto_Invoke() [out] ret = 0
[2016/12/15 15:23:16 248][Px1747][Tx77fff700][DBG] LENGINE    leng_main. 513  ENGINE_MSG_RPC_ASYNC
[2016/12/15 15:23:16 248][Px1747][Tx77fff700][DBG] LENGINE    leng_main. 521  [isr_local], stat = 1
[2016/12/15 15:23:16 249][Px1747][Tx77fff700][DBG] LENGINE    leng_rpc.c 413  luacRPCFuncProto_Invoke(54001a20,6426de80) [in]
[2016/12/15 15:23:16 250][Px1747][Tx77fff700][INF] LMOD       luac_logge 172  [ns:290:ns dns resp  10214  ]
[2016/12/15 15:23:16 251][Px1747][Tx77fff700][INF] LMOD       luac_logge 172  [ns:564:ns dns failed, err =   10214  ]
[2016/12/15 15:23:16 251][Px1747][Tx77fff700][INF] LMOD       luac_logge 172  [ns:174:ns gethttpresp  117.121.48.5  80  ]
[2016/12/15 15:23:16 252][Px1747][Tx77fff700][TRC] MSPSOCKET  MSPSocket. 269  MSPSocket_New(1, 1) [in]
[2016/12/15 15:23:16 252][Px1747][Tx77fff700][DBG] MSPSOCKET  MSPSocket. 326  socket(2,1,) ret=7, detail=101
[2016/12/15 15:23:16 252][Px1747][Tx77fff700][TRC] MSPSOCKET  MSPSocket. 411  MSPSocket_New() [out] 6c3eab90 0
[2016/12/15 15:23:16 253][Px1747][Tx77fff700][TRC] MSPSOCKET  MSPSocket. 501  MSPSocket_Connect(6c3eab90) [in]
[2016/12/15 15:23:16 253][Px1747][Tx77fff700][DBG] MSPSOCKET  MSPSocket. 515  connect(7,117.121.48.5,) ret=-1, hd=6c3eab90
[2016/12/15 15:23:16 253][Px1747][Tx77fff700][ERR] MSPSOCKET  MSPSocket. 530  connect() failed! 6c3eab90,7,-1,101
[2016/12/15 15:23:16 253][Px1747][Tx77fff700][DBG] MSPTHREAD  MSPThreadP 733  POST l_engine_2:10:2:0
[2016/12/15 15:23:16 254][Px1747][Tx77fff700][TRC] MSPSOCKET  MSPSocket. 565  MSPSocket_Connect() [out] 10202
[2016/12/15 15:23:16 254][Px1747][Tx77fff700][DBG] LENGINE    leng_rpc.c 527  luacRPCFuncProto_Invoke() [out] ret = 0
[2016/12/15 15:23:16 255][Px1747][Tx77fff700][DBG] LENGINE    leng_main. 513  ENGINE_MSG_RPC_ASYNC
[2016/12/15 15:23:16 255][Px1747][Tx77fff700][DBG] LENGINE    leng_main. 521  [isr_local], stat = 1
[2016/12/15 15:23:16 255][Px1747][Tx77fff700][DBG] LENGINE    leng_rpc.c 413  luacRPCFuncProto_Invoke(54002d10,6426de80) [in]
[2016/12/15 15:23:16 257][Px1747][Tx77fff700][ERR] LMOD       luac_logge 166  [transport:295:[dns] [0] failed! 10214  ]
[2016/12/15 15:23:16 257][Px1747][Tx77fff700][INF] LLOADER    lloader.c  327  load dkjson
[2016/12/15 15:23:16 258][Px1747][Tx77fff700][INF] LLOADER    lloader.c  339  a intalled entry
[2016/12/15 15:23:16 258][Px1747][Tx77fff700][INF] LLOADER    lloader.c  365  from rom
[2016/12/15 15:23:16 259][Px1747][Tx77fff700][PRF] LLOADER    lloader.c  397  load dkjson cost 1 (ms)
[2016/12/15 15:23:16 260][Px1747][Tx77fff700][DBG] LMOD       luac_logge 178  [network:83:ipfromenv ,  ipcache  open.xf-yun.com  def  nil  ]
[2016/12/15 15:23:16 261][Px1747][Tx77fff700][INF] LLOADER    lloader.c  327  load dkjson
[2016/12/15 15:23:16 261][Px1747][Tx77fff700][INF] LLOADER    lloader.c  339  a intalled entry
[2016/12/15 15:23:16 261][Px1747][Tx77fff700][INF] LLOADER    lloader.c  365  from rom
[2016/12/15 15:23:16 261][Px1747][Tx77fff700][PRF] LLOADER    lloader.c  397  load dkjson cost 1 (ms)
[2016/12/15 15:23:16 262][Px1747][Tx77fff700][DBG] LMOD       luac_logge 178  [network:83:ipfromenv ,  ipcfg  open.xf-yun.com  def  nil  ]
[2016/12/15 15:23:16 263][Px1747][Tx77fff700][TRC] LMOD       luac_logge 170  [transport:1166:[soc] connect   116.213.69.195  80  ]
[2016/12/15 15:23:16 263][Px1747][Tx77fff700][TRC] MSPSOCKET  MSPSocket. 1593 MSPSocketTCPConnPool_Query(116.213.69.195, 80) [in]
[2016/12/15 15:23:16 263][Px1747][Tx77fff700][TRC] MSPSOCKET  MSPSocket. 1618 MSPSocketTCPConnPool_Query() [out] ret=0
[2016/12/15 15:23:16 264][Px1747][Tx77fff700][INF] LMOD       luac_logge 172  [transport:1183:mspsoc.open,prot_type=  tcp  ]
[2016/12/15 15:23:16 265][Px1747][Tx77fff700][TRC] MSPSOCKET  MSPSocket. 269  MSPSocket_New(1, 1) [in]
[2016/12/15 15:23:16 265][Px1747][Tx77fff700][DBG] MSPSOCKET  MSPSocket. 326  socket(2,1,) ret=8, detail=101
[2016/12/15 15:23:16 265][Px1747][Tx77fff700][TRC] MSPSOCKET  MSPSocket. 411  MSPSocket_New() [out] 6c3f6a40 0
[2016/12/15 15:23:16 266][Px1747][Tx77fff700][TRC] MSPSOCKET  MSPSocket. 501  MSPSocket_Connect(6c3f6a40) [in]
[2016/12/15 15:23:16 266][Px1747][Tx77fff700][DBG] MSPSOCKET  MSPSocket. 515  connect(8,116.213.69.195,) ret=-1, hd=6c3f6a40
[2016/12/15 15:23:16 266][Px1747][Tx77fff700][ERR] MSPSOCKET  MSPSocket. 530  connect() failed! 6c3f6a40,8,-1,101
[2016/12/15 15:23:16 267][Px1747][Tx77fff700][DBG] MSPTHREAD  MSPThreadP 733  POST l_engine_2:10:2:0
[2016/12/15 15:23:16 267][Px1747][Tx77fff700][TRC] MSPSOCKET  MSPSocket. 565  MSPSocket_Connect() [out] 10202
[2016/12/15 15:23:16 268][Px1747][Tx77fff700][DBG] LENGINE    leng_rpc.c 527  luacRPCFuncProto_Invoke() [out] ret = 0
[2016/12/15 15:23:16 269][Px1747][Tx77fff700][DBG] LENGINE    leng_main. 513  ENGINE_MSG_RPC_ASYNC
[2016/12/15 15:23:16 269][Px1747][Tx77fff700][DBG] LENGINE    leng_main. 521  [isr_local], stat = 1
[2016/12/15 15:23:16 270][Px1747][Tx77fff700][DBG] LENGINE    leng_rpc.c 413  luacRPCFuncProto_Invoke(6c3f9960,6426de80) [in]
[2016/12/15 15:23:16 271][Px1747][Tx77fff700][INF] LMOD       luac_logge 172  [ns:244:ns soc error  10202  ]
[2016/12/15 15:23:16 271][Px1747][Tx77fff700][TRC] MSPSOCKET  MSPSocket. 1014 MSPSocket_Close(6c3eab90) [in]
[2016/12/15 15:23:16 272][Px1747][Tx77fff700][DBG] MSPSOCKET  MSPSocket. 1034 close(7), 6c3eab90
[2016/12/15 15:23:16 272][Px1747][Tx77fff700][TRC] MSPSOCKET  MSPSocket. 1068 MSPSocket_Close() [out] 0
[2016/12/15 15:23:16 273][Px1747][Tx77fff700][INF] LMOD       luac_logge 172  [ns:407:name server http resp  nil  10202  nil  ]
[2016/12/15 15:23:16 275][Px1747][Tx77fff700][INF] LMOD       luac_logge 172  [ns:551:ns response failed, err =  10202  ]
[2016/12/15 15:23:16 276][Px1747][Tx77fff700][INF] LMOD       luac_logge 172  [ns:111:ns_host=  open.xf-yun.com  ]
[2016/12/15 15:23:16 277][Px1747][Tx77fff700][INF] LMOD       luac_logge 172  [ns:113:use default ip  ]
[2016/12/15 15:23:16 277][Px1747][Tx77fff700][INF] LMOD       luac_logge 172  [transport:974:ns_ip =   116.213.69.195  ]
[2016/12/15 15:23:16 278][Px1747][Tx77fff700][INF] LMOD       luac_logge 172  [transport:975:ip_type =  def_athopen.xf-yun.com  ]
[2016/12/15 15:23:16 278][Px1747][Tx77fff700][INF] LMOD       luac_logge 172  [ns:756:no data in ns_q  ]
[2016/12/15 15:23:16 278][Px1747][Tx77fff700][INF] LMOD       luac_logge 172  [ns:757:conti_ns,ns_inprog =   1  ]
[2016/12/15 15:23:16 278][Px1747][Tx77fff700][DBG] LENGINE    leng_rpc.c 527  luacRPCFuncProto_Invoke() [out] ret = 0
[2016/12/15 15:23:16 279][Px1747][Tx77fff700][DBG] LENGINE    leng_main. 513  ENGINE_MSG_RPC_ASYNC
[2016/12/15 15:23:16 279][Px1747][Tx77fff700][DBG] LENGINE    leng_main. 521  [isr_local], stat = 1
[2016/12/15 15:23:16 279][Px1747][Tx77fff700][DBG] LENGINE    leng_rpc.c 413  luacRPCFuncProto_Invoke(6c032830,6426de80) [in]
[2016/12/15 15:23:16 281][Px1747][Tx77fff700][ERR] LMOD       luac_logge 166  [transport:545:MSC:[soc] [0] error 10202 101!  ]
[2016/12/15 15:23:16 282][Px1747][Tx77fff700][TRC] MSPSOCKET  MSPSocket. 1014 MSPSocket_Close(6c3f6a40) [in]
[2016/12/15 15:23:16 282][Px1747][Tx77fff700][DBG] MSPSOCKET  MSPSocket. 1034 close(8), 6c3f6a40
[2016/12/15 15:23:16 282][Px1747][Tx77fff700][TRC] MSPSOCKET  MSPSocket. 1068 MSPSocket_Close() [out] 0
[2016/12/15 15:23:16 283][Px1747][Tx77fff700][INF] LMOD       luac_logge 172  [transport:57:clear_ip ip_type =  def_athopen.xf-yun.com  ]
[2016/12/15 15:23:16 283][Px1747][Tx77fff700][WAR] LMOD       luac_logge 168  [transport:321:soc_conn_failed  ]
[2016/12/15 15:23:16 284][Px1747][Tx77fff700][DBG] LMOD       luac_logge 178  [network:88:iptoenv ,  ipcache  open.xf-yun.com  def  nil  ]
[2016/12/15 15:23:16 284][Px1747][Tx77fff700][INF] LLOADER    lloader.c  327  load dkjson
[2016/12/15 15:23:16 284][Px1747][Tx77fff700][INF] LLOADER    lloader.c  339  a intalled entry
[2016/12/15 15:23:16 284][Px1747][Tx77fff700][INF] LLOADER    lloader.c  365  from rom
[2016/12/15 15:23:16 284][Px1747][Tx77fff700][PRF] LLOADER    lloader.c  397  load dkjson cost 1 (ms)
[2016/12/15 15:23:16 285][Px1747][Tx77fff700][INF] LMOD       luac_logge 172  [transport:390:switch 80  ]
[2016/12/15 15:23:16 285][Px1747][Tx77fff700][TRC] LENGINE    leng_shell 109  lEngine_Start(6c0639d8,6c0639d8,0,) [in]
[2016/12/15 15:23:16 286][Px1747][Tx77fff700][TRC] LENGINE    leng_shell 351  lEngine_PostMessage(6c3fc3c0,1,2,) [in]
[2016/12/15 15:23:16 286][Px1747][Tx77fff700][DBG] MSPTHREAD  MSPThreadP 733  POST l_engine_1:10:1:1
[2016/12/15 15:23:16 287][Px1747][Tx7cc6e700][DBG] LENGINE    leng_main. 513  ENGINE_MSG_RPC_ASYNC
[2016/12/15 15:23:16 287][Px1747][Tx7cc6e700][DBG] LENGINE    leng_main. 521  [waiter], stat = 1
[2016/12/15 15:23:16 288][Px1747][Tx7cc6e700][DBG] LENGINE    leng_rpc.c 413  luacRPCFuncProto_Invoke(6c402060,6c3fc3c0) [in]
[2016/12/15 15:23:16 289][Px1747][Tx77fff700][TRC] LENGINE    leng_shell 374  lEngine_PostMessage() [out] 0
[2016/12/15 15:23:16 289][Px1747][Tx7cc6e700][INF] LMOD       luac_logge 172  [network:380:redns  def  open.xf-yun.com  ]
[2016/12/15 15:23:16 290][Px1747][Tx7cc6e700][TRC] MSPADNS    MSPAsyncDn 268  MSPAsyncDns_Start() [in]
[2016/12/15 15:23:16 290][Px1747][Tx7d46f700][DBG] MSPADNS    MSPAsyncDn 184  gethostbyname(open.xf-yun.com) start [id=1880337336]
[2016/12/15 15:23:16 291][Px1747][Tx7d46f700][ERR] MSPADNS    MSPAsyncDn 211  gethostbyname(open.xf-yun.com) failed: Temporary failure in name resolution [id=1880337336]
[2016/12/15 15:23:16 292][Px1747][Tx7d46f700][DBG] MSPTHREAD  MSPThreadP 733  POST l_engine_1:10:1:0
[2016/12/15 15:23:16 292][Px1747][Tx77fff700][TRC] LMOD       luac_logge 170  [transport:1198:[soc] disconnect   ]
[2016/12/15 15:23:16 292][Px1747][Tx7cc6e700][INF] LMOD       luac_logge 172  [waiter:196:last gc at  1481844193  ]
[2016/12/15 15:23:16 292][Px1747][Tx7cc6e700][DBG] LENGINE    leng_rpc.c 527  luacRPCFuncProto_Invoke() [out] ret = 0
[2016/12/15 15:23:16 294][Px1747][Tx7cc6e700][DBG] LENGINE    leng_main. 513  ENGINE_MSG_RPC_ASYNC
[2016/12/15 15:23:16 294][Px1747][Tx7cc6e700][DBG] LENGINE    leng_main. 521  [waiter], stat = 1
[2016/12/15 15:23:16 294][Px1747][Tx7cc6e700][DBG] LENGINE    leng_rpc.c 413  luacRPCFuncProto_Invoke(54001a20,6c3fc3c0) [in]
[2016/12/15 15:23:16 295][Px1747][Tx77fff700][DBG] LENGINE    leng_rpc.c 527  luacRPCFuncProto_Invoke() [out] ret = 0
[2016/12/15 15:23:16 295][Px1747][Tx7cc6e700][INF] LMOD       luac_logge 172  [network:173:dns resp  10214  ]
[2016/12/15 15:23:16 295][Px1747][Tx7cc6e700][INF] LMOD       luac_logge 172  [network:397:redns dns resp  nil  10214  nil  nil  ]
[2016/12/15 15:23:16 296][Px1747][Tx7cc6e700][DBG] LENGINE    leng_rpc.c 527  luacRPCFuncProto_Invoke() [out] ret = 0
[2016/12/15 15:23:16 492][Px1747][Tx77fff700][DBG] LENGINE    leng_rpc.c 413  luacRPCFuncProto_Invoke(6c407610,6426de80) [in]
[2016/12/15 15:23:16 493][Px1747][Tx77fff700][INF] LMOD       luac_logge 172  [transport:959:session.domain=  open.xf-yun.com  ]
[2016/12/15 15:23:16 494][Px1747][Tx77fff700][INF] LMOD       luac_logge 172  [transport:960:url.host=  open.xf-yun.com  ]
[2016/12/15 15:23:16 494][Px1747][Tx77fff700][INF] LLOADER    lloader.c  327  load dkjson
[2016/12/15 15:23:16 494][Px1747][Tx77fff700][INF] LLOADER    lloader.c  339  a intalled entry
[2016/12/15 15:23:16 495][Px1747][Tx77fff700][INF] LLOADER    lloader.c  365  from rom
[2016/12/15 15:23:16 495][Px1747][Tx77fff700][PRF] LLOADER    lloader.c  397  load dkjson cost 0 (ms)
[2016/12/15 15:23:16 495][Px1747][Tx77fff700][DBG] LMOD       luac_logge 178  [network:83:ipfromenv ,  ipcache  open.xf-yun.com  def  nil  ]
[2016/12/15 15:23:16 496][Px1747][Tx77fff700][TRC] LMOD       luac_logge 170  [transport:994:NAMESERVER START  ]
[2016/12/15 15:23:16 496][Px1747][Tx77fff700][INF] LMOD       luac_logge 172  [transport:997:name =   ath  ]
[2016/12/15 15:23:16 497][Px1747][Tx77fff700][INF] LMOD       luac_logge 172  [ns:727:ntt=  standard  ]
[2016/12/15 15:23:16 497][Px1747][Tx77fff700][INF] LMOD       luac_logge 172  [transport:1000:trans,ns_inprog =  0  ]
[2016/12/15 15:23:16 497][Px1747][Tx77fff700][TRC] LMOD       luac_logge 170  [ns:682:name server start  ]
[2016/12/15 15:23:16 498][Px1747][Tx77fff700][INF] LMOD       luac_logge 172  [ns:683:ns_sub =   ath  ]
[2016/12/15 15:23:16 498][Px1747][Tx77fff700][INF] LMOD       luac_logge 172  [ns:685:ns_host=  open.xf-yun.com  ]
[2016/12/15 15:23:16 499][Px1747][Tx77fff700][INF] LMOD       luac_logge 172  [ns:403:ns_host=  open.xf-yun.com  ]
[2016/12/15 15:23:16 500][Px1747][Tx77fff700][DBG] LMOD       luac_logge 178  [ns:662:GET /sip/resolver?srand=1215152311.32 HTTP/1.1
Host: hdns.openspeech.cn
Connection: Keep-Alive
X-Par: ver=1.2&appid=583467f7&operator=UNKNOW&nettype=STANDARD&cver=5.0.27.1135&svc=ath&host=open.xf-yun.com&sign=35d8de5920788f2239e6c003e0791a01
User-Agent: iFLYCloud

  ]
[2016/12/15 15:23:16 501][Px1747][Tx77fff700][INF] LMOD       luac_logge 172  [ns:663:net_type =  standard  ]
[2016/12/15 15:23:16 501][Px1747][Tx77fff700][INF] LMOD       luac_logge 172  [ns:664:cmwapascmnet =  ]
[2016/12/15 15:23:16 502][Px1747][Tx77fff700][INF] LMOD       luac_logge 172  [ns:665:uniwapasuninet =  ]
[2016/12/15 15:23:16 502][Px1747][Tx77fff700][INF] LMOD       luac_logge 172  [ns:666:ctwapasctnet =  ]
[2016/12/15 15:23:16 502][Px1747][Tx77fff700][INF] LMOD       luac_logge 172  [ns:676:host=  hdns.openspeech.cn  ]
[2016/12/15 15:23:16 502][Px1747][Tx77fff700][TRC] MSPADNS    MSPAsyncDn 268  MSPAsyncDns_Start() [in]
[2016/12/15 15:23:16 503][Px1747][Tx7d46f700][DBG] MSPADNS    MSPAsyncDn 184  gethostbyname(hdns.openspeech.cn) start [id=1812095576]
[2016/12/15 15:23:16 503][Px1747][Tx7d46f700][ERR] MSPADNS    MSPAsyncDn 211  gethostbyname(hdns.openspeech.cn) failed: Temporary failure in name resolution [id=1812095576]
[2016/12/15 15:23:16 503][Px1747][Tx7d46f700][DBG] MSPTHREAD  MSPThreadP 733  POST l_engine_2:10:1:1
[2016/12/15 15:23:16 504][Px1747][Tx77fff700][TRC] MSPADNS    MSPAsyncDn 268  MSPAsyncDns_Start() [in]
[2016/12/15 15:23:16 505][Px1747][Tx7d46f700][DBG] MSPADNS    MSPAsyncDn 184  gethostbyname(open.xf-yun.com) start [id=1816194392]
[2016/12/15 15:23:16 506][Px1747][Tx7d46f700][ERR] MSPADNS    MSPAsyncDn 211  gethostbyname(open.xf-yun.com) failed: Temporary failure in name resolution [id=1816194392]
[2016/12/15 15:23:16 506][Px1747][Tx7d46f700][DBG] MSPTHREAD  MSPThreadP 733  POST l_engine_2:10:2:0
[2016/12/15 15:23:16 507][Px1747][Tx77fff700][DBG] LENGINE    leng_rpc.c 527  luacRPCFuncProto_Invoke() [out] ret = 0
[2016/12/15 15:23:16 507][Px1747][Tx77fff700][DBG] LENGINE    leng_main. 513  ENGINE_MSG_RPC_ASYNC
[2016/12/15 15:23:16 507][Px1747][Tx77fff700][DBG] LENGINE    leng_main. 521  [isr_local], stat = 1
[2016/12/15 15:23:16 507][Px1747][Tx77fff700][DBG] LENGINE    leng_rpc.c 413  luacRPCFuncProto_Invoke(54001a20,6426de80) [in]
[2016/12/15 15:23:16 507][Px1747][Tx77fff700][INF] LMOD       luac_logge 172  [ns:290:ns dns resp  10214  ]
[2016/12/15 15:23:16 508][Px1747][Tx77fff700][INF] LMOD       luac_logge 172  [ns:564:ns dns failed, err =   10214  ]
[2016/12/15 15:23:16 510][Px1747][Tx77fff700][INF] LMOD       luac_logge 172  [ns:174:ns gethttpresp  117.121.48.5  80  ]
[2016/12/15 15:23:16 510][Px1747][Tx77fff700][TRC] MSPSOCKET  MSPSocket. 269  MSPSocket_New(1, 1) [in]
[2016/12/15 15:23:16 510][Px1747][Tx77fff700][DBG] MSPSOCKET  MSPSocket. 326  socket(2,1,) ret=7, detail=101
[2016/12/15 15:23:16 510][Px1747][Tx77fff700][TRC] MSPSOCKET  MSPSocket. 411  MSPSocket_New() [out] 6c403390 0
[2016/12/15 15:23:16 510][Px1747][Tx77fff700][TRC] MSPSOCKET  MSPSocket. 501  MSPSocket_Connect(6c403390) [in]
[2016/12/15 15:23:16 511][Px1747][Tx77fff700][DBG] MSPSOCKET  MSPSocket. 515  connect(7,117.121.48.5,) ret=-1, hd=6c403390
[2016/12/15 15:23:16 511][Px1747][Tx77fff700][ERR] MSPSOCKET  MSPSocket. 530  connect() failed! 6c403390,7,-1,101
[2016/12/15 15:23:16 511][Px1747][Tx77fff700][DBG] MSPTHREAD  MSPThreadP 733  POST l_engine_2:10:2:0
[2016/12/15 15:23:16 511][Px1747][Tx77fff700][TRC] MSPSOCKET  MSPSocket. 565  MSPSocket_Connect() [out] 10202
[2016/12/15 15:23:16 512][Px1747][Tx77fff700][DBG] LENGINE    leng_rpc.c 527  luacRPCFuncProto_Invoke() [out] ret = 0
[2016/12/15 15:23:16 512][Px1747][Tx77fff700][DBG] LENGINE    leng_main. 513  ENGINE_MSG_RPC_ASYNC
[2016/12/15 15:23:16 512][Px1747][Tx77fff700][DBG] LENGINE    leng_main. 521  [isr_local], stat = 1
[2016/12/15 15:23:16 512][Px1747][Tx77fff700][DBG] LENGINE    leng_rpc.c 413  luacRPCFuncProto_Invoke(54002d10,6426de80) [in]
[2016/12/15 15:23:16 513][Px1747][Tx77fff700][ERR] LMOD       luac_logge 166  [transport:295:[dns] [0] failed! 10214  ]
[2016/12/15 15:23:16 513][Px1747][Tx77fff700][INF] LLOADER    lloader.c  327  load dkjson
[2016/12/15 15:23:16 513][Px1747][Tx77fff700][INF] LLOADER    lloader.c  339  a intalled entry
[2016/12/15 15:23:16 514][Px1747][Tx77fff700][INF] LLOADER    lloader.c  365  from rom
[2016/12/15 15:23:16 515][Px1747][Tx77fff700][PRF] LLOADER    lloader.c  397  load dkjson cost 1 (ms)
[2016/12/15 15:23:16 516][Px1747][Tx77fff700][DBG] LMOD       luac_logge 178  [network:83:ipfromenv ,  ipcache  open.xf-yun.com  def  nil  ]
[2016/12/15 15:23:16 516][Px1747][Tx77fff700][INF] LLOADER    lloader.c  327  load dkjson
[2016/12/15 15:23:16 516][Px1747][Tx77fff700][INF] LLOADER    lloader.c  339  a intalled entry
[2016/12/15 15:23:16 517][Px1747][Tx77fff700][INF] LLOADER    lloader.c  365  from rom
[2016/12/15 15:23:16 517][Px1747][Tx77fff700][PRF] LLOADER    lloader.c  397  load dkjson cost 1 (ms)
[2016/12/15 15:23:16 519][Px1747][Tx77fff700][DBG] LMOD       luac_logge 178  [network:83:ipfromenv ,  ipcfg  open.xf-yun.com  def  nil  ]
[2016/12/15 15:23:16 520][Px1747][Tx77fff700][TRC] LMOD       luac_logge 170  [transport:1166:[soc] connect   116.213.69.195  80  ]
[2016/12/15 15:23:16 520][Px1747][Tx77fff700][TRC] MSPSOCKET  MSPSocket. 1593 MSPSocketTCPConnPool_Query(116.213.69.195, 80) [in]
[2016/12/15 15:23:16 521][Px1747][Tx77fff700][TRC] MSPSOCKET  MSPSocket. 1618 MSPSocketTCPConnPool_Query() [out] ret=0
[2016/12/15 15:23:16 522][Px1747][Tx77fff700][INF] LMOD       luac_logge 172  [transport:1183:mspsoc.open,prot_type=  tcp  ]
[2016/12/15 15:23:16 523][Px1747][Tx77fff700][TRC] MSPSOCKET  MSPSocket. 269  MSPSocket_New(1, 1) [in]
[2016/12/15 15:23:16 523][Px1747][Tx77fff700][DBG] MSPSOCKET  MSPSocket. 326  socket(2,1,) ret=8, detail=101
[2016/12/15 15:23:16 523][Px1747][Tx77fff700][TRC] MSPSOCKET  MSPSocket. 411  MSPSocket_New() [out] 6c415af0 0
[2016/12/15 15:23:16 524][Px1747][Tx77fff700][TRC] MSPSOCKET  MSPSocket. 501  MSPSocket_Connect(6c415af0) [in]
[2016/12/15 15:23:16 524][Px1747][Tx77fff700][DBG] MSPSOCKET  MSPSocket. 515  connect(8,116.213.69.195,) ret=-1, hd=6c415af0
[2016/12/15 15:23:16 524][Px1747][Tx77fff700][ERR] MSPSOCKET  MSPSocket. 530  connect() failed! 6c415af0,8,-1,101
[2016/12/15 15:23:16 524][Px1747][Tx77fff700][DBG] MSPTHREAD  MSPThreadP 733  POST l_engine_2:10:2:0
[2016/12/15 15:23:16 525][Px1747][Tx77fff700][TRC] MSPSOCKET  MSPSocket. 565  MSPSocket_Connect() [out] 10202
[2016/12/15 15:23:16 525][Px1747][Tx77fff700][DBG] LENGINE    leng_rpc.c 527  luacRPCFuncProto_Invoke() [out] ret = 0
[2016/12/15 15:23:16 525][Px1747][Tx77fff700][DBG] LENGINE    leng_main. 513  ENGINE_MSG_RPC_ASYNC
[2016/12/15 15:23:16 525][Px1747][Tx77fff700][DBG] LENGINE    leng_main. 521  [isr_local], stat = 1
[2016/12/15 15:23:16 526][Px1747][Tx77fff700][DBG] LENGINE    leng_rpc.c 413  luacRPCFuncProto_Invoke(6c4065e0,6426de80) [in]
[2016/12/15 15:23:16 527][Px1747][Tx77fff700][INF] LMOD       luac_logge 172  [ns:244:ns soc error  10202  ]
[2016/12/15 15:23:16 527][Px1747][Tx77fff700][TRC] MSPSOCKET  MSPSocket. 1014 MSPSocket_Close(6c403390) [in]
[2016/12/15 15:23:16 527][Px1747][Tx77fff700][DBG] MSPSOCKET  MSPSocket. 1034 close(7), 6c403390
[2016/12/15 15:23:16 527][Px1747][Tx77fff700][TRC] MSPSOCKET  MSPSocket. 1068 MSPSocket_Close() [out] 0
[2016/12/15 15:23:16 528][Px1747][Tx77fff700][INF] LMOD       luac_logge 172  [ns:407:name server http resp  nil  10202  nil  ]
[2016/12/15 15:23:16 528][Px1747][Tx77fff700][INF] LMOD       luac_logge 172  [ns:551:ns response failed, err =  10202  ]
[2016/12/15 15:23:16 529][Px1747][Tx77fff700][INF] LMOD       luac_logge 172  [ns:111:ns_host=  open.xf-yun.com  ]
[2016/12/15 15:23:16 529][Px1747][Tx77fff700][INF] LMOD       luac_logge 172  [ns:113:use default ip  ]
[2016/12/15 15:23:16 530][Px1747][Tx77fff700][INF] LMOD       luac_logge 172  [transport:974:ns_ip =   116.213.69.195  ]
[2016/12/15 15:23:16 530][Px1747][Tx77fff700][INF] LMOD       luac_logge 172  [transport:975:ip_type =  def_athopen.xf-yun.com  ]
[2016/12/15 15:23:16 530][Px1747][Tx77fff700][INF] LMOD       luac_logge 172  [ns:756:no data in ns_q  ]
[2016/12/15 15:23:16 531][Px1747][Tx77fff700][INF] LMOD       luac_logge 172  [ns:757:conti_ns,ns_inprog =   1  ]
[2016/12/15 15:23:16 531][Px1747][Tx77fff700][DBG] LENGINE    leng_rpc.c 527  luacRPCFuncProto_Invoke() [out] ret = 0
[2016/12/15 15:23:16 532][Px1747][Tx77fff700][DBG] LENGINE    leng_main. 513  ENGINE_MSG_RPC_ASYNC
[2016/12/15 15:23:16 533][Px1747][Tx77fff700][DBG] LENGINE    leng_main. 521  [isr_local], stat = 1
[2016/12/15 15:23:16 533][Px1747][Tx77fff700][DBG] LENGINE    leng_rpc.c 413  luacRPCFuncProto_Invoke(6c026230,6426de80) [in]
[2016/12/15 15:23:16 534][Px1747][Tx77fff700][ERR] LMOD       luac_logge 166  [transport:545:MSC:[soc] [0] error 10202 101!  ]
[2016/12/15 15:23:16 535][Px1747][Tx77fff700][TRC] MSPSOCKET  MSPSocket. 1014 MSPSocket_Close(6c415af0) [in]
[2016/12/15 15:23:16 536][Px1747][Tx77fff700][DBG] MSPSOCKET  MSPSocket. 1034 close(8), 6c415af0
[2016/12/15 15:23:16 536][Px1747][Tx77fff700][TRC] MSPSOCKET  MSPSocket. 1068 MSPSocket_Close() [out] 0
[2016/12/15 15:23:16 538][Px1747][Tx77fff700][INF] LMOD       luac_logge 172  [transport:57:clear_ip ip_type =  def_athopen.xf-yun.com  ]
[2016/12/15 15:23:16 539][Px1747][Tx77fff700][WAR] LMOD       luac_logge 168  [transport:321:soc_conn_failed  ]
[2016/12/15 15:23:16 541][Px1747][Tx77fff700][DBG] LMOD       luac_logge 178  [network:88:iptoenv ,  ipcache  open.xf-yun.com  def  nil  ]
[2016/12/15 15:23:16 541][Px1747][Tx77fff700][INF] LLOADER    lloader.c  327  load dkjson
[2016/12/15 15:23:16 542][Px1747][Tx77fff700][INF] LLOADER    lloader.c  339  a intalled entry
[2016/12/15 15:23:16 542][Px1747][Tx77fff700][INF] LLOADER    lloader.c  365  from rom
[2016/12/15 15:23:16 542][Px1747][Tx77fff700][PRF] LLOADER    lloader.c  397  load dkjson cost 1 (ms)
[2016/12/15 15:23:16 543][Px1747][Tx77fff700][INF] LMOD       luac_logge 172  [transport:390:switch 80  ]
[2016/12/15 15:23:16 543][Px1747][Tx77fff700][TRC] LENGINE    leng_shell 109  lEngine_Start(6c0639d8,6c0639d8,0,) [in]
[2016/12/15 15:23:16 543][Px1747][Tx77fff700][TRC] LENGINE    leng_shell 351  lEngine_PostMessage(6c3fc3c0,1,2,) [in]
[2016/12/15 15:23:16 544][Px1747][Tx77fff700][DBG] MSPTHREAD  MSPThreadP 733  POST l_engine_1:10:1:1
[2016/12/15 15:23:16 544][Px1747][Tx7cc6e700][DBG] LENGINE    leng_main. 513  ENGINE_MSG_RPC_ASYNC
[2016/12/15 15:23:16 545][Px1747][Tx7cc6e700][DBG] LENGINE    leng_main. 521  [waiter], stat = 1
[2016/12/15 15:23:16 546][Px1747][Tx7cc6e700][DBG] LENGINE    leng_rpc.c 413  luacRPCFuncProto_Invoke(6c402060,6c3fc3c0) [in]
[2016/12/15 15:23:16 546][Px1747][Tx77fff700][TRC] LENGINE    leng_shell 374  lEngine_PostMessage() [out] 0
[2016/12/15 15:23:16 547][Px1747][Tx7cc6e700][INF] LMOD       luac_logge 172  [network:380:redns  def  open.xf-yun.com  ]
[2016/12/15 15:23:16 547][Px1747][Tx7cc6e700][TRC] MSPADNS    MSPAsyncDn 268  MSPAsyncDns_Start() [in]
[2016/12/15 15:23:16 547][Px1747][Tx7d46f700][DBG] MSPADNS    MSPAsyncDn 184  gethostbyname(open.xf-yun.com) start [id=1880339064]
[2016/12/15 15:23:16 548][Px1747][Tx7d46f700][ERR] MSPADNS    MSPAsyncDn 211  gethostbyname(open.xf-yun.com) failed: Temporary failure in name resolution [id=1880339064]
[2016/12/15 15:23:16 548][Px1747][Tx7d46f700][DBG] MSPTHREAD  MSPThreadP 733  POST l_engine_1:10:1:0
[2016/12/15 15:23:16 548][Px1747][Tx77fff700][TRC] LMOD       luac_logge 170  [transport:1198:[soc] disconnect   ]
[2016/12/15 15:23:16 549][Px1747][Tx7cc6e700][INF] LMOD       luac_logge 172  [waiter:196:last gc at  1481844193  ]
[2016/12/15 15:23:16 549][Px1747][Tx7cc6e700][DBG] LENGINE    leng_rpc.c 527  luacRPCFuncProto_Invoke() [out] ret = 0
[2016/12/15 15:23:16 550][Px1747][Tx7cc6e700][DBG] LENGINE    leng_main. 513  ENGINE_MSG_RPC_ASYNC
[2016/12/15 15:23:16 550][Px1747][Tx7cc6e700][DBG] LENGINE    leng_main. 521  [waiter], stat = 1
[2016/12/15 15:23:16 551][Px1747][Tx7cc6e700][DBG] LENGINE    leng_rpc.c 413  luacRPCFuncProto_Invoke(54001a20,6c3fc3c0) [in]
[2016/12/15 15:23:16 551][Px1747][Tx77fff700][DBG] LENGINE    leng_rpc.c 527  luacRPCFuncProto_Invoke() [out] ret = 0
[2016/12/15 15:23:16 553][Px1747][Tx7cc6e700][INF] LMOD       luac_logge 172  [network:173:dns resp  10214  ]
[2016/12/15 15:23:16 553][Px1747][Tx7cc6e700][INF] LMOD       luac_logge 172  [network:397:redns dns resp  nil  10214  nil  nil  ]
[2016/12/15 15:23:16 554][Px1747][Tx7cc6e700][DBG] LENGINE    leng_rpc.c 527  luacRPCFuncProto_Invoke() [out] ret = 0
[2016/12/15 15:23:16 750][Px1747][Tx77fff700][DBG] LENGINE    leng_rpc.c 413  luacRPCFuncProto_Invoke(6c032830,6426de80) [in]
[2016/12/15 15:23:16 753][Px1747][Tx77fff700][INF] LMOD       luac_logge 172  [transport:959:session.domain=  open.xf-yun.com  ]
[2016/12/15 15:23:16 753][Px1747][Tx77fff700][INF] LMOD       luac_logge 172  [transport:960:url.host=  open.xf-yun.com  ]
[2016/12/15 15:23:16 754][Px1747][Tx77fff700][INF] LLOADER    lloader.c  327  load dkjson
[2016/12/15 15:23:16 754][Px1747][Tx77fff700][INF] LLOADER    lloader.c  339  a intalled entry
[2016/12/15 15:23:16 755][Px1747][Tx77fff700][INF] LLOADER    lloader.c  365  from rom
[2016/12/15 15:23:16 755][Px1747][Tx77fff700][PRF] LLOADER    lloader.c  397  load dkjson cost 2 (ms)
[2016/12/15 15:23:16 756][Px1747][Tx77fff700][DBG] LMOD       luac_logge 178  [network:83:ipfromenv ,  ipcache  open.xf-yun.com  def  nil  ]
[2016/12/15 15:23:16 757][Px1747][Tx77fff700][TRC] LMOD       luac_logge 170  [transport:994:NAMESERVER START  ]
[2016/12/15 15:23:16 757][Px1747][Tx77fff700][INF] LMOD       luac_logge 172  [transport:997:name =   ath  ]
[2016/12/15 15:23:16 758][Px1747][Tx77fff700][INF] LMOD       luac_logge 172  [ns:727:ntt=  standard  ]
[2016/12/15 15:23:16 758][Px1747][Tx77fff700][INF] LMOD       luac_logge 172  [transport:1000:trans,ns_inprog =  0  ]
[2016/12/15 15:23:16 758][Px1747][Tx77fff700][TRC] LMOD       luac_logge 170  [ns:682:name server start  ]
[2016/12/15 15:23:16 759][Px1747][Tx77fff700][INF] LMOD       luac_logge 172  [ns:683:ns_sub =   ath  ]
[2016/12/15 15:23:16 760][Px1747][Tx77fff700][INF] LMOD       luac_logge 172  [ns:685:ns_host=  open.xf-yun.com  ]
[2016/12/15 15:23:16 760][Px1747][Tx77fff700][INF] LMOD       luac_logge 172  [ns:403:ns_host=  open.xf-yun.com  ]
[2016/12/15 15:23:16 761][Px1747][Tx77fff700][DBG] LMOD       luac_logge 178  [ns:662:GET /sip/resolver?srand=1215152311.32 HTTP/1.1
Host: hdns.openspeech.cn
Connection: Keep-Alive
X-Par: ver=1.2&appid=583467f7&operator=UNKNOW&nettype=STANDARD&cver=5.0.27.1135&svc=ath&host=open.xf-yun.com&sign=35d8de5920788f2239e6c003e0791a01
User-Agent: iFLYCloud

  ]
[2016/12/15 15:23:16 762][Px1747][Tx77fff700][INF] LMOD       luac_logge 172  [ns:663:net_type =  standard  ]
[2016/12/15 15:23:16 762][Px1747][Tx77fff700][INF] LMOD       luac_logge 172  [ns:664:cmwapascmnet =  ]
[2016/12/15 15:23:16 762][Px1747][Tx77fff700][INF] LMOD       luac_logge 172  [ns:665:uniwapasuninet =  ]
[2016/12/15 15:23:16 763][Px1747][Tx77fff700][INF] LMOD       luac_logge 172  [ns:666:ctwapasctnet =  ]
[2016/12/15 15:23:16 763][Px1747][Tx77fff700][INF] LMOD       luac_logge 172  [ns:676:host=  hdns.openspeech.cn  ]
[2016/12/15 15:23:16 763][Px1747][Tx77fff700][TRC] MSPADNS    MSPAsyncDn 268  MSPAsyncDns_Start() [in]
[2016/12/15 15:23:16 764][Px1747][Tx7d46f700][DBG] MSPADNS    MSPAsyncDn 184  gethostbyname(hdns.openspeech.cn) start [id=1816187432]
[2016/12/15 15:23:16 764][Px1747][Tx7d46f700][ERR] MSPADNS    MSPAsyncDn 211  gethostbyname(hdns.openspeech.cn) failed: Temporary failure in name resolution [id=1816187432]
[2016/12/15 15:23:16 764][Px1747][Tx7d46f700][DBG] MSPTHREAD  MSPThreadP 733  POST l_engine_2:10:1:1
[2016/12/15 15:23:16 765][Px1747][Tx77fff700][TRC] MSPADNS    MSPAsyncDn 268  MSPAsyncDns_Start() [in]
[2016/12/15 15:23:16 766][Px1747][Tx7d46f700][DBG] MSPADNS    MSPAsyncDn 184  gethostbyname(open.xf-yun.com) start [id=1816136808]
[2016/12/15 15:23:16 766][Px1747][Tx7d46f700][ERR] MSPADNS    MSPAsyncDn 211  gethostbyname(open.xf-yun.com) failed: Temporary failure in name resolution [id=1816136808]
[2016/12/15 15:23:16 767][Px1747][Tx7d46f700][DBG] MSPTHREAD  MSPThreadP 733  POST l_engine_2:10:2:0
[2016/12/15 15:23:16 767][Px1747][Tx77fff700][DBG] LENGINE    leng_rpc.c 527  luacRPCFuncProto_Invoke() [out] ret = 0
[2016/12/15 15:23:16 768][Px1747][Tx77fff700][DBG] LENGINE    leng_main. 513  ENGINE_MSG_RPC_ASYNC
[2016/12/15 15:23:16 768][Px1747][Tx77fff700][DBG] LENGINE    leng_main. 521  [isr_local], stat = 1
[2016/12/15 15:23:16 769][Px1747][Tx77fff700][DBG] LENGINE    leng_rpc.c 413  luacRPCFuncProto_Invoke(54001a20,6426de80) [in]
[2016/12/15 15:23:16 770][Px1747][Tx77fff700][INF] LMOD       luac_logge 172  [ns:290:ns dns resp  10214  ]
[2016/12/15 15:23:16 771][Px1747][Tx77fff700][INF] LMOD       luac_logge 172  [ns:564:ns dns failed, err =   10214  ]
[2016/12/15 15:23:16 772][Px1747][Tx77fff700][INF] LMOD       luac_logge 172  [ns:174:ns gethttpresp  117.121.48.5  80  ]
[2016/12/15 15:23:16 773][Px1747][Tx77fff700][TRC] MSPSOCKET  MSPSocket. 269  MSPSocket_New(1, 1) [in]
[2016/12/15 15:23:16 773][Px1747][Tx77fff700][DBG] MSPSOCKET  MSPSocket. 326  socket(2,1,) ret=7, detail=101
[2016/12/15 15:23:16 773][Px1747][Tx77fff700][TRC] MSPSOCKET  MSPSocket. 411  MSPSocket_New() [out] 6c07bdc0 0
[2016/12/15 15:23:16 774][Px1747][Tx77fff700][TRC] MSPSOCKET  MSPSocket. 501  MSPSocket_Connect(6c07bdc0) [in]
[2016/12/15 15:23:16 774][Px1747][Tx77fff700][DBG] MSPSOCKET  MSPSocket. 515  connect(7,117.121.48.5,) ret=-1, hd=6c07bdc0
[2016/12/15 15:23:16 775][Px1747][Tx77fff700][ERR] MSPSOCKET  MSPSocket. 530  connect() failed! 6c07bdc0,7,-1,101
[2016/12/15 15:23:16 776][Px1747][Tx77fff700][DBG] MSPTHREAD  MSPThreadP 733  POST l_engine_2:10:2:0
[2016/12/15 15:23:16 776][Px1747][Tx77fff700][TRC] MSPSOCKET  MSPSocket. 565  MSPSocket_Connect() [out] 10202
[2016/12/15 15:23:16 777][Px1747][Tx77fff700][DBG] LENGINE    leng_rpc.c 527  luacRPCFuncProto_Invoke() [out] ret = 0
[2016/12/15 15:23:16 777][Px1747][Tx77fff700][DBG] LENGINE    leng_main. 513  ENGINE_MSG_RPC_ASYNC
[2016/12/15 15:23:16 778][Px1747][Tx77fff700][DBG] LENGINE    leng_main. 521  [isr_local], stat = 1
[2016/12/15 15:23:16 778][Px1747][Tx77fff700][DBG] LENGINE    leng_rpc.c 413  luacRPCFuncProto_Invoke(54002d10,6426de80) [in]
[2016/12/15 15:23:16 778][Px1747][Tx77fff700][ERR] LMOD       luac_logge 166  [transport:295:[dns] [0] failed! 10214  ]
[2016/12/15 15:23:16 778][Px1747][Tx77fff700][INF] LLOADER    lloader.c  327  load dkjson
[2016/12/15 15:23:16 779][Px1747][Tx77fff700][INF] LLOADER    lloader.c  339  a intalled entry
[2016/12/15 15:23:16 779][Px1747][Tx77fff700][INF] LLOADER    lloader.c  365  from rom
[2016/12/15 15:23:16 779][Px1747][Tx77fff700][PRF] LLOADER    lloader.c  397  load dkjson cost 1 (ms)
[2016/12/15 15:23:16 780][Px1747][Tx77fff700][DBG] LMOD       luac_logge 178  [network:83:ipfromenv ,  ipcache  open.xf-yun.com  def  nil  ]
[2016/12/15 15:23:16 780][Px1747][Tx77fff700][INF] LLOADER    lloader.c  327  load dkjson
[2016/12/15 15:23:16 780][Px1747][Tx77fff700][INF] LLOADER    lloader.c  339  a intalled entry
[2016/12/15 15:23:16 780][Px1747][Tx77fff700][INF] LLOADER    lloader.c  365  from rom
[2016/12/15 15:23:16 781][Px1747][Tx77fff700][PRF] LLOADER    lloader.c  397  load dkjson cost 0 (ms)
[2016/12/15 15:23:16 781][Px1747][Tx77fff700][DBG] LMOD       luac_logge 178  [network:83:ipfromenv ,  ipcfg  open.xf-yun.com  def  nil  ]
[2016/12/15 15:23:16 782][Px1747][Tx77fff700][TRC] LMOD       luac_logge 170  [transport:1166:[soc] connect   116.213.69.195  80  ]
[2016/12/15 15:23:16 782][Px1747][Tx77fff700][TRC] MSPSOCKET  MSPSocket. 1593 MSPSocketTCPConnPool_Query(116.213.69.195, 80) [in]
[2016/12/15 15:23:16 782][Px1747][Tx77fff700][TRC] MSPSOCKET  MSPSocket. 1618 MSPSocketTCPConnPool_Query() [out] ret=0
[2016/12/15 15:23:16 783][Px1747][Tx77fff700][INF] LMOD       luac_logge 172  [transport:1183:mspsoc.open,prot_type=  tcp  ]
[2016/12/15 15:23:16 783][Px1747][Tx77fff700][TRC] MSPSOCKET  MSPSocket. 269  MSPSocket_New(1, 1) [in]
[2016/12/15 15:23:16 783][Px1747][Tx77fff700][DBG] MSPSOCKET  MSPSocket. 326  socket(2,1,) ret=8, detail=101
[2016/12/15 15:23:16 784][Px1747][Tx77fff700][TRC] MSPSOCKET  MSPSocket. 411  MSPSocket_New() [out] 6c40f260 0
[2016/12/15 15:23:16 784][Px1747][Tx77fff700][TRC] MSPSOCKET  MSPSocket. 501  MSPSocket_Connect(6c40f260) [in]
[2016/12/15 15:23:16 784][Px1747][Tx77fff700][DBG] MSPSOCKET  MSPSocket. 515  connect(8,116.213.69.195,) ret=-1, hd=6c40f260
[2016/12/15 15:23:16 785][Px1747][Tx77fff700][ERR] MSPSOCKET  MSPSocket. 530  connect() failed! 6c40f260,8,-1,101
[2016/12/15 15:23:16 785][Px1747][Tx77fff700][DBG] MSPTHREAD  MSPThreadP 733  POST l_engine_2:10:2:0
[2016/12/15 15:23:16 785][Px1747][Tx77fff700][TRC] MSPSOCKET  MSPSocket. 565  MSPSocket_Connect() [out] 10202
[2016/12/15 15:23:16 785][Px1747][Tx77fff700][DBG] LENGINE    leng_rpc.c 527  luacRPCFuncProto_Invoke() [out] ret = 0
[2016/12/15 15:23:16 785][Px1747][Tx77fff700][DBG] LENGINE    leng_main. 513  ENGINE_MSG_RPC_ASYNC
[2016/12/15 15:23:16 786][Px1747][Tx77fff700][DBG] LENGINE    leng_main. 521  [isr_local], stat = 1
[2016/12/15 15:23:16 786][Px1747][Tx77fff700][DBG] LENGINE    leng_rpc.c 413  luacRPCFuncProto_Invoke(6c032830,6426de80) [in]
[2016/12/15 15:23:16 786][Px1747][Tx77fff700][INF] LMOD       luac_logge 172  [ns:244:ns soc error  10202  ]
[2016/12/15 15:23:16 786][Px1747][Tx77fff700][TRC] MSPSOCKET  MSPSocket. 1014 MSPSocket_Close(6c07bdc0) [in]
[2016/12/15 15:23:16 787][Px1747][Tx77fff700][DBG] MSPSOCKET  MSPSocket. 1034 close(7), 6c07bdc0
[2016/12/15 15:23:16 788][Px1747][Tx77fff700][TRC] MSPSOCKET  MSPSocket. 1068 MSPSocket_Close() [out] 0
[2016/12/15 15:23:16 789][Px1747][Tx77fff700][INF] LMOD       luac_logge 172  [ns:407:name server http resp  nil  10202  nil  ]
[2016/12/15 15:23:16 789][Px1747][Tx77fff700][INF] LMOD       luac_logge 172  [ns:551:ns response failed, err =  10202  ]
[2016/12/15 15:23:16 789][Px1747][Tx77fff700][INF] LMOD       luac_logge 172  [ns:111:ns_host=  open.xf-yun.com  ]
[2016/12/15 15:23:16 790][Px1747][Tx77fff700][INF] LMOD       luac_logge 172  [ns:113:use default ip  ]
[2016/12/15 15:23:16 790][Px1747][Tx77fff700][INF] LMOD       luac_logge 172  [transport:974:ns_ip =   116.213.69.195  ]
[2016/12/15 15:23:16 790][Px1747][Tx77fff700][INF] LMOD       luac_logge 172  [transport:975:ip_type =  def_athopen.xf-yun.com  ]
[2016/12/15 15:23:16 791][Px1747][Tx77fff700][INF] LMOD       luac_logge 172  [ns:756:no data in ns_q  ]
[2016/12/15 15:23:16 791][Px1747][Tx77fff700][INF] LMOD       luac_logge 172  [ns:757:conti_ns,ns_inprog =   1  ]
[2016/12/15 15:23:16 791][Px1747][Tx77fff700][DBG] LENGINE    leng_rpc.c 527  luacRPCFuncProto_Invoke() [out] ret = 0
[2016/12/15 15:23:16 791][Px1747][Tx77fff700][DBG] LENGINE    leng_main. 513  ENGINE_MSG_RPC_ASYNC
[2016/12/15 15:23:16 792][Px1747][Tx77fff700][DBG] LENGINE    leng_main. 521  [isr_local], stat = 1
[2016/12/15 15:23:16 792][Px1747][Tx77fff700][DBG] LENGINE    leng_rpc.c 413  luacRPCFuncProto_Invoke(6c40cbf0,6426de80) [in]
[2016/12/15 15:23:16 793][Px1747][Tx77fff700][ERR] LMOD       luac_logge 166  [transport:545:MSC:[soc] [0] error 10202 101!  ]
[2016/12/15 15:23:16 794][Px1747][Tx77fff700][TRC] MSPSOCKET  MSPSocket. 1014 MSPSocket_Close(6c40f260) [in]
[2016/12/15 15:23:16 794][Px1747][Tx77fff700][DBG] MSPSOCKET  MSPSocket. 1034 close(8), 6c40f260
[2016/12/15 15:23:16 794][Px1747][Tx77fff700][TRC] MSPSOCKET  MSPSocket. 1068 MSPSocket_Close() [out] 0
[2016/12/15 15:23:16 794][Px1747][Tx77fff700][INF] LMOD       luac_logge 172  [transport:57:clear_ip ip_type =  def_athopen.xf-yun.com  ]
[2016/12/15 15:23:16 795][Px1747][Tx77fff700][WAR] LMOD       luac_logge 168  [transport:321:soc_conn_failed  ]
[2016/12/15 15:23:16 795][Px1747][Tx77fff700][DBG] LMOD       luac_logge 178  [network:88:iptoenv ,  ipcache  open.xf-yun.com  def  nil  ]
[2016/12/15 15:23:16 796][Px1747][Tx77fff700][INF] LLOADER    lloader.c  327  load dkjson
[2016/12/15 15:23:16 796][Px1747][Tx77fff700][INF] LLOADER    lloader.c  339  a intalled entry
[2016/12/15 15:23:16 796][Px1747][Tx77fff700][INF] LLOADER    lloader.c  365  from rom
[2016/12/15 15:23:16 797][Px1747][Tx77fff700][PRF] LLOADER    lloader.c  397  load dkjson cost 2 (ms)
[2016/12/15 15:23:16 799][Px1747][Tx77fff700][INF] LMOD       luac_logge 172  [transport:390:switch 80  ]
[2016/12/15 15:23:16 799][Px1747][Tx77fff700][TRC] LENGINE    leng_shell 109  lEngine_Start(6c0639d8,6c0639d8,0,) [in]
[2016/12/15 15:23:16 799][Px1747][Tx77fff700][TRC] LENGINE    leng_shell 351  lEngine_PostMessage(6c3fc3c0,1,2,) [in]
[2016/12/15 15:23:16 799][Px1747][Tx77fff700][DBG] MSPTHREAD  MSPThreadP 733  POST l_engine_1:10:1:1
[2016/12/15 15:23:16 800][Px1747][Tx7cc6e700][DBG] LENGINE    leng_main. 513  ENGINE_MSG_RPC_ASYNC
[2016/12/15 15:23:16 800][Px1747][Tx7cc6e700][DBG] LENGINE    leng_main. 521  [waiter], stat = 1
[2016/12/15 15:23:16 801][Px1747][Tx7cc6e700][DBG] LENGINE    leng_rpc.c 413  luacRPCFuncProto_Invoke(6c402060,6c3fc3c0) [in]
[2016/12/15 15:23:16 801][Px1747][Tx77fff700][TRC] LENGINE    leng_shell 374  lEngine_PostMessage() [out] 0
[2016/12/15 15:23:16 801][Px1747][Tx7cc6e700][INF] LMOD       luac_logge 172  [network:380:redns  def  open.xf-yun.com  ]
[2016/12/15 15:23:16 802][Px1747][Tx7cc6e700][TRC] MSPADNS    MSPAsyncDn 268  MSPAsyncDns_Start() [in]
[2016/12/15 15:23:16 802][Px1747][Tx7d46f700][DBG] MSPADNS    MSPAsyncDn 184  gethostbyname(open.xf-yun.com) start [id=1880340840]
[2016/12/15 15:23:16 803][Px1747][Tx7d46f700][ERR] MSPADNS    MSPAsyncDn 211  gethostbyname(open.xf-yun.com) failed: Temporary failure in name resolution [id=1880340840]
[2016/12/15 15:23:16 803][Px1747][Tx7d46f700][DBG] MSPTHREAD  MSPThreadP 733  POST l_engine_1:10:1:0
[2016/12/15 15:23:16 804][Px1747][Tx77fff700][TRC] LMOD       luac_logge 170  [transport:1198:[soc] disconnect   ]
[2016/12/15 15:23:16 804][Px1747][Tx7cc6e700][INF] LMOD       luac_logge 172  [waiter:196:last gc at  1481844193  ]
[2016/12/15 15:23:16 804][Px1747][Tx7cc6e700][DBG] LENGINE    leng_rpc.c 527  luacRPCFuncProto_Invoke() [out] ret = 0
[2016/12/15 15:23:16 805][Px1747][Tx7cc6e700][DBG] LENGINE    leng_main. 513  ENGINE_MSG_RPC_ASYNC
[2016/12/15 15:23:16 805][Px1747][Tx7cc6e700][DBG] LENGINE    leng_main. 521  [waiter], stat = 1
[2016/12/15 15:23:16 805][Px1747][Tx7cc6e700][DBG] LENGINE    leng_rpc.c 413  luacRPCFuncProto_Invoke(54001a20,6c3fc3c0) [in]
[2016/12/15 15:23:16 806][Px1747][Tx77fff700][DBG] LENGINE    leng_rpc.c 527  luacRPCFuncProto_Invoke() [out] ret = 0
[2016/12/15 15:23:16 806][Px1747][Tx7cc6e700][INF] LMOD       luac_logge 172  [network:173:dns resp  10214  ]
[2016/12/15 15:23:16 807][Px1747][Tx7cc6e700][INF] LMOD       luac_logge 172  [network:397:redns dns resp  nil  10214  nil  nil  ]
[2016/12/15 15:23:16 807][Px1747][Tx7cc6e700][DBG] LENGINE    leng_rpc.c 527  luacRPCFuncProto_Invoke() [out] ret = 0
[2016/12/15 15:23:17 004][Px1747][Tx77fff700][DBG] LENGINE    leng_rpc.c 413  luacRPCFuncProto_Invoke(6c026230,6426de80) [in]
[2016/12/15 15:23:17 005][Px1747][Tx77fff700][INF] LMOD       luac_logge 172  [transport:959:session.domain=  open.xf-yun.com  ]
[2016/12/15 15:23:17 006][Px1747][Tx77fff700][INF] LMOD       luac_logge 172  [transport:960:url.host=  open.xf-yun.com  ]
[2016/12/15 15:23:17 007][Px1747][Tx77fff700][INF] LLOADER    lloader.c  327  load dkjson
[2016/12/15 15:23:17 007][Px1747][Tx77fff700][INF] LLOADER    lloader.c  339  a intalled entry
[2016/12/15 15:23:17 007][Px1747][Tx77fff700][INF] LLOADER    lloader.c  365  from rom
[2016/12/15 15:23:17 008][Px1747][Tx77fff700][PRF] LLOADER    lloader.c  397  load dkjson cost 1 (ms)
[2016/12/15 15:23:17 009][Px1747][Tx77fff700][DBG] LMOD       luac_logge 178  [network:83:ipfromenv ,  ipcache  open.xf-yun.com  def  nil  ]
[2016/12/15 15:23:17 009][Px1747][Tx77fff700][TRC] LMOD       luac_logge 170  [transport:994:NAMESERVER START  ]
[2016/12/15 15:23:17 009][Px1747][Tx77fff700][INF] LMOD       luac_logge 172  [transport:997:name =   ath  ]
[2016/12/15 15:23:17 010][Px1747][Tx77fff700][INF] LMOD       luac_logge 172  [ns:727:ntt=  standard  ]
[2016/12/15 15:23:17 010][Px1747][Tx77fff700][INF] LMOD       luac_logge 172  [transport:1000:trans,ns_inprog =  0  ]
[2016/12/15 15:23:17 010][Px1747][Tx77fff700][TRC] LMOD       luac_logge 170  [ns:682:name server start  ]
[2016/12/15 15:23:17 011][Px1747][Tx77fff700][INF] LMOD       luac_logge 172  [ns:683:ns_sub =   ath  ]
[2016/12/15 15:23:17 011][Px1747][Tx77fff700][INF] LMOD       luac_logge 172  [ns:685:ns_host=  open.xf-yun.com  ]
[2016/12/15 15:23:17 011][Px1747][Tx77fff700][INF] LMOD       luac_logge 172  [ns:403:ns_host=  open.xf-yun.com  ]
[2016/12/15 15:23:17 012][Px1747][Tx77fff700][DBG] LMOD       luac_logge 178  [ns:662:GET /sip/resolver?srand=1215152311.32 HTTP/1.1
Host: hdns.openspeech.cn
Connection: Keep-Alive
X-Par: ver=1.2&appid=583467f7&operator=UNKNOW&nettype=STANDARD&cver=5.0.27.1135&svc=ath&host=open.xf-yun.com&sign=35d8de5920788f2239e6c003e0791a01
User-Agent: iFLYCloud

  ]
[2016/12/15 15:23:17 012][Px1747][Tx77fff700][INF] LMOD       luac_logge 172  [ns:663:net_type =  standard  ]
[2016/12/15 15:23:17 013][Px1747][Tx77fff700][INF] LMOD       luac_logge 172  [ns:664:cmwapascmnet =  ]
[2016/12/15 15:23:17 013][Px1747][Tx77fff700][INF] LMOD       luac_logge 172  [ns:665:uniwapasuninet =  ]
[2016/12/15 15:23:17 013][Px1747][Tx77fff700][INF] LMOD       luac_logge 172  [ns:666:ctwapasctnet =  ]
[2016/12/15 15:23:17 013][Px1747][Tx77fff700][INF] LMOD       luac_logge 172  [ns:676:host=  hdns.openspeech.cn  ]
[2016/12/15 15:23:17 014][Px1747][Tx77fff700][TRC] MSPADNS    MSPAsyncDn 268  MSPAsyncDns_Start() [in]
[2016/12/15 15:23:17 014][Px1747][Tx7d46f700][DBG] MSPADNS    MSPAsyncDn 184  gethostbyname(hdns.openspeech.cn) start [id=1816187432]
[2016/12/15 15:23:17 015][Px1747][Tx7d46f700][ERR] MSPADNS    MSPAsyncDn 211  gethostbyname(hdns.openspeech.cn) failed: Temporary failure in name resolution [id=1816187432]
[2016/12/15 15:23:17 015][Px1747][Tx7d46f700][DBG] MSPTHREAD  MSPThreadP 733  POST l_engine_2:10:1:1
[2016/12/15 15:23:17 015][Px1747][Tx77fff700][TRC] MSPADNS    MSPAsyncDn 268  MSPAsyncDns_Start() [in]
[2016/12/15 15:23:17 015][Px1747][Tx7d46f700][DBG] MSPADNS    MSPAsyncDn 184  gethostbyname(open.xf-yun.com) start [id=1816230392]
[2016/12/15 15:23:17 016][Px1747][Tx7d46f700][ERR] MSPADNS    MSPAsyncDn 211  gethostbyname(open.xf-yun.com) failed: Temporary failure in name resolution [id=1816230392]
[2016/12/15 15:23:17 016][Px1747][Tx7d46f700][DBG] MSPTHREAD  MSPThreadP 733  POST l_engine_2:10:2:0
[2016/12/15 15:23:17 016][Px1747][Tx77fff700][DBG] LENGINE    leng_rpc.c 527  luacRPCFuncProto_Invoke() [out] ret = 0
[2016/12/15 15:23:17 017][Px1747][Tx77fff700][DBG] LENGINE    leng_main. 513  ENGINE_MSG_RPC_ASYNC
[2016/12/15 15:23:17 017][Px1747][Tx77fff700][DBG] LENGINE    leng_main. 521  [isr_local], stat = 1
[2016/12/15 15:23:17 017][Px1747][Tx77fff700][DBG] LENGINE    leng_rpc.c 413  luacRPCFuncProto_Invoke(54001a20,6426de80) [in]
[2016/12/15 15:23:17 018][Px1747][Tx77fff700][INF] LMOD       luac_logge 172  [ns:290:ns dns resp  10214  ]
[2016/12/15 15:23:17 018][Px1747][Tx77fff700][INF] LMOD       luac_logge 172  [ns:564:ns dns failed, err =   10214  ]
[2016/12/15 15:23:17 018][Px1747][Tx77fff700][INF] LMOD       luac_logge 172  [ns:174:ns gethttpresp  117.121.48.5  80  ]
[2016/12/15 15:23:17 019][Px1747][Tx77fff700][TRC] MSPSOCKET  MSPSocket. 269  MSPSocket_New(1, 1) [in]
[2016/12/15 15:23:17 019][Px1747][Tx77fff700][DBG] MSPSOCKET  MSPSocket. 326  socket(2,1,) ret=7, detail=101
[2016/12/15 15:23:17 019][Px1747][Tx77fff700][TRC] MSPSOCKET  MSPSocket. 411  MSPSocket_New() [out] 6c026970 0
[2016/12/15 15:23:17 020][Px1747][Tx77fff700][TRC] MSPSOCKET  MSPSocket. 501  MSPSocket_Connect(6c026970) [in]
[2016/12/15 15:23:17 020][Px1747][Tx77fff700][DBG] MSPSOCKET  MSPSocket. 515  connect(7,117.121.48.5,) ret=-1, hd=6c026970
[2016/12/15 15:23:17 020][Px1747][Tx77fff700][ERR] MSPSOCKET  MSPSocket. 530  connect() failed! 6c026970,7,-1,101
[2016/12/15 15:23:17 020][Px1747][Tx77fff700][DBG] MSPTHREAD  MSPThreadP 733  POST l_engine_2:10:2:0
[2016/12/15 15:23:17 021][Px1747][Tx77fff700][TRC] MSPSOCKET  MSPSocket. 565  MSPSocket_Connect() [out] 10202
[2016/12/15 15:23:17 021][Px1747][Tx77fff700][DBG] LENGINE    leng_rpc.c 527  luacRPCFuncProto_Invoke() [out] ret = 0
[2016/12/15 15:23:17 022][Px1747][Tx77fff700][DBG] LENGINE    leng_main. 513  ENGINE_MSG_RPC_ASYNC
[2016/12/15 15:23:17 022][Px1747][Tx77fff700][DBG] LENGINE    leng_main. 521  [isr_local], stat = 1
[2016/12/15 15:23:17 023][Px1747][Tx77fff700][DBG] LENGINE    leng_rpc.c 413  luacRPCFuncProto_Invoke(54002d10,6426de80) [in]
[2016/12/15 15:23:17 024][Px1747][Tx77fff700][ERR] LMOD       luac_logge 166  [transport:295:[dns] [0] failed! 10214  ]
[2016/12/15 15:23:17 024][Px1747][Tx77fff700][INF] LLOADER    lloader.c  327  load dkjson
[2016/12/15 15:23:17 024][Px1747][Tx77fff700][INF] LLOADER    lloader.c  339  a intalled entry
[2016/12/15 15:23:17 025][Px1747][Tx77fff700][INF] LLOADER    lloader.c  365  from rom
[2016/12/15 15:23:17 025][Px1747][Tx77fff700][PRF] LLOADER    lloader.c  397  load dkjson cost 0 (ms)
[2016/12/15 15:23:17 025][Px1747][Tx77fff700][DBG] LMOD       luac_logge 178  [network:83:ipfromenv ,  ipcache  open.xf-yun.com  def  nil  ]
[2016/12/15 15:23:17 026][Px1747][Tx77fff700][INF] LLOADER    lloader.c  327  load dkjson
[2016/12/15 15:23:17 026][Px1747][Tx77fff700][INF] LLOADER    lloader.c  339  a intalled entry
[2016/12/15 15:23:17 026][Px1747][Tx77fff700][INF] LLOADER    lloader.c  365  from rom
[2016/12/15 15:23:17 026][Px1747][Tx77fff700][PRF] LLOADER    lloader.c  397  load dkjson cost 1 (ms)
[2016/12/15 15:23:17 027][Px1747][Tx77fff700][DBG] LMOD       luac_logge 178  [network:83:ipfromenv ,  ipcfg  open.xf-yun.com  def  nil  ]
[2016/12/15 15:23:17 028][Px1747][Tx77fff700][TRC] LMOD       luac_logge 170  [transport:1166:[soc] connect   116.213.69.195  80  ]
[2016/12/15 15:23:17 028][Px1747][Tx77fff700][TRC] MSPSOCKET  MSPSocket. 1593 MSPSocketTCPConnPool_Query(116.213.69.195, 80) [in]
[2016/12/15 15:23:17 028][Px1747][Tx77fff700][TRC] MSPSOCKET  MSPSocket. 1618 MSPSocketTCPConnPool_Query() [out] ret=0
[2016/12/15 15:23:17 029][Px1747][Tx77fff700][INF] LMOD       luac_logge 172  [transport:1183:mspsoc.open,prot_type=  tcp  ]
[2016/12/15 15:23:17 029][Px1747][Tx77fff700][TRC] MSPSOCKET  MSPSocket. 269  MSPSocket_New(1, 1) [in]
[2016/12/15 15:23:17 029][Px1747][Tx77fff700][DBG] MSPSOCKET  MSPSocket. 326  socket(2,1,) ret=8, detail=101
[2016/12/15 15:23:17 030][Px1747][Tx77fff700][TRC] MSPSOCKET  MSPSocket. 411  MSPSocket_New() [out] 6c40cf50 0
[2016/12/15 15:23:17 030][Px1747][Tx77fff700][TRC] MSPSOCKET  MSPSocket. 501  MSPSocket_Connect(6c40cf50) [in]
[2016/12/15 15:23:17 030][Px1747][Tx77fff700][DBG] MSPSOCKET  MSPSocket. 515  connect(8,116.213.69.195,) ret=-1, hd=6c40cf50
[2016/12/15 15:23:17 030][Px1747][Tx77fff700][ERR] MSPSOCKET  MSPSocket. 530  connect() failed! 6c40cf50,8,-1,101
[2016/12/15 15:23:17 031][Px1747][Tx77fff700][DBG] MSPTHREAD  MSPThreadP 733  POST l_engine_2:10:2:0
[2016/12/15 15:23:17 031][Px1747][Tx77fff700][TRC] MSPSOCKET  MSPSocket. 565  MSPSocket_Connect() [out] 10202
[2016/12/15 15:23:17 032][Px1747][Tx77fff700][DBG] LENGINE    leng_rpc.c 527  luacRPCFuncProto_Invoke() [out] ret = 0
[2016/12/15 15:23:17 033][Px1747][Tx77fff700][DBG] LENGINE    leng_main. 513  ENGINE_MSG_RPC_ASYNC
[2016/12/15 15:23:17 033][Px1747][Tx77fff700][DBG] LENGINE    leng_main. 521  [isr_local], stat = 1
[2016/12/15 15:23:17 034][Px1747][Tx77fff700][DBG] LENGINE    leng_rpc.c 413  luacRPCFuncProto_Invoke(6c026230,6426de80) [in]
[2016/12/15 15:23:17 035][Px1747][Tx77fff700][INF] LMOD       luac_logge 172  [ns:244:ns soc error  10202  ]
[2016/12/15 15:23:17 035][Px1747][Tx77fff700][TRC] MSPSOCKET  MSPSocket. 1014 MSPSocket_Close(6c026970) [in]
[2016/12/15 15:23:17 035][Px1747][Tx77fff700][DBG] MSPSOCKET  MSPSocket. 1034 close(7), 6c026970
[2016/12/15 15:23:17 035][Px1747][Tx77fff700][TRC] MSPSOCKET  MSPSocket. 1068 MSPSocket_Close() [out] 0
[2016/12/15 15:23:17 036][Px1747][Tx77fff700][INF] LMOD       luac_logge 172  [ns:407:name server http resp  nil  10202  nil  ]
[2016/12/15 15:23:17 036][Px1747][Tx77fff700][INF] LMOD       luac_logge 172  [ns:551:ns response failed, err =  10202  ]
[2016/12/15 15:23:17 036][Px1747][Tx77fff700][INF] LMOD       luac_logge 172  [ns:111:ns_host=  open.xf-yun.com  ]
[2016/12/15 15:23:17 037][Px1747][Tx77fff700][INF] LMOD       luac_logge 172  [ns:113:use default ip  ]
[2016/12/15 15:23:17 037][Px1747][Tx77fff700][INF] LMOD       luac_logge 172  [transport:974:ns_ip =   116.213.69.195  ]
[2016/12/15 15:23:17 038][Px1747][Tx77fff700][INF] LMOD       luac_logge 172  [transport:975:ip_type =  def_athopen.xf-yun.com  ]
[2016/12/15 15:23:17 039][Px1747][Tx77fff700][INF] LMOD       luac_logge 172  [ns:756:no data in ns_q  ]
[2016/12/15 15:23:17 040][Px1747][Tx77fff700][INF] LMOD       luac_logge 172  [ns:757:conti_ns,ns_inprog =   1  ]
[2016/12/15 15:23:17 040][Px1747][Tx77fff700][DBG] LENGINE    leng_rpc.c 527  luacRPCFuncProto_Invoke() [out] ret = 0
[2016/12/15 15:23:17 040][Px1747][Tx77fff700][DBG] LENGINE    leng_main. 513  ENGINE_MSG_RPC_ASYNC
[2016/12/15 15:23:17 040][Px1747][Tx77fff700][DBG] LENGINE    leng_main. 521  [isr_local], stat = 1
[2016/12/15 15:23:17 040][Px1747][Tx77fff700][DBG] LENGINE    leng_rpc.c 413  luacRPCFuncProto_Invoke(6c40cbf0,6426de80) [in]
[2016/12/15 15:23:17 041][Px1747][Tx77fff700][ERR] LMOD       luac_logge 166  [transport:545:MSC:[soc] [0] error 10202 101!  ]
[2016/12/15 15:23:17 041][Px1747][Tx77fff700][TRC] MSPSOCKET  MSPSocket. 1014 MSPSocket_Close(6c40cf50) [in]
[2016/12/15 15:23:17 042][Px1747][Tx77fff700][DBG] MSPSOCKET  MSPSocket. 1034 close(8), 6c40cf50
[2016/12/15 15:23:17 042][Px1747][Tx77fff700][TRC] MSPSOCKET  MSPSocket. 1068 MSPSocket_Close() [out] 0
[2016/12/15 15:23:17 043][Px1747][Tx77fff700][INF] LMOD       luac_logge 172  [transport:57:clear_ip ip_type =  def_athopen.xf-yun.com  ]
[2016/12/15 15:23:17 043][Px1747][Tx77fff700][WAR] LMOD       luac_logge 168  [transport:321:soc_conn_failed  ]
[2016/12/15 15:23:17 043][Px1747][Tx77fff700][DBG] LMOD       luac_logge 178  [network:88:iptoenv ,  ipcache  open.xf-yun.com  def  nil  ]
[2016/12/15 15:23:17 043][Px1747][Tx77fff700][INF] LLOADER    lloader.c  327  load dkjson
[2016/12/15 15:23:17 044][Px1747][Tx77fff700][INF] LLOADER    lloader.c  339  a intalled entry
[2016/12/15 15:23:17 044][Px1747][Tx77fff700][INF] LLOADER    lloader.c  365  from rom
[2016/12/15 15:23:17 044][Px1747][Tx77fff700][PRF] LLOADER    lloader.c  397  load dkjson cost 1 (ms)
[2016/12/15 15:23:17 045][Px1747][Tx77fff700][INF] LMOD       luac_logge 172  [transport:390:switch 80  ]
[2016/12/15 15:23:17 046][Px1747][Tx77fff700][TRC] LENGINE    leng_shell 109  lEngine_Start(6c0639d8,6c0639d8,0,) [in]
[2016/12/15 15:23:17 047][Px1747][Tx77fff700][TRC] LENGINE    leng_shell 351  lEngine_PostMessage(6c3fc3c0,1,2,) [in]
[2016/12/15 15:23:17 047][Px1747][Tx77fff700][DBG] MSPTHREAD  MSPThreadP 733  POST l_engine_1:10:1:1
[2016/12/15 15:23:17 048][Px1747][Tx7cc6e700][DBG] LENGINE    leng_main. 513  ENGINE_MSG_RPC_ASYNC
[2016/12/15 15:23:17 048][Px1747][Tx7cc6e700][DBG] LENGINE    leng_main. 521  [waiter], stat = 1
[2016/12/15 15:23:17 049][Px1747][Tx7cc6e700][DBG] LENGINE    leng_rpc.c 413  luacRPCFuncProto_Invoke(6c032830,6c3fc3c0) [in]
[2016/12/15 15:23:17 049][Px1747][Tx77fff700][TRC] LENGINE    leng_shell 374  lEngine_PostMessage() [out] 0
[2016/12/15 15:23:17 050][Px1747][Tx7cc6e700][INF] LMOD       luac_logge 172  [network:380:redns  def  open.xf-yun.com  ]
[2016/12/15 15:23:17 051][Px1747][Tx7cc6e700][TRC] MSPADNS    MSPAsyncDn 268  MSPAsyncDns_Start() [in]
[2016/12/15 15:23:17 051][Px1747][Tx7d46f700][DBG] MSPADNS    MSPAsyncDn 184  gethostbyname(open.xf-yun.com) start [id=1880342552]
[2016/12/15 15:23:17 052][Px1747][Tx7d46f700][ERR] MSPADNS    MSPAsyncDn 211  gethostbyname(open.xf-yun.com) failed: Temporary failure in name resolution [id=1880342552]
[2016/12/15 15:23:17 052][Px1747][Tx7d46f700][DBG] MSPTHREAD  MSPThreadP 733  POST l_engine_1:10:1:0
[2016/12/15 15:23:17 052][Px1747][Tx77fff700][TRC] LMOD       luac_logge 170  [transport:1198:[soc] disconnect   ]
[2016/12/15 15:23:17 052][Px1747][Tx7cc6e700][INF] LMOD       luac_logge 172  [waiter:196:last gc at  1481844193  ]
[2016/12/15 15:23:17 053][Px1747][Tx7cc6e700][DBG] LENGINE    leng_rpc.c 527  luacRPCFuncProto_Invoke() [out] ret = 0
[2016/12/15 15:23:17 053][Px1747][Tx7cc6e700][DBG] LENGINE    leng_main. 513  ENGINE_MSG_RPC_ASYNC
[2016/12/15 15:23:17 053][Px1747][Tx7cc6e700][DBG] LENGINE    leng_main. 521  [waiter], stat = 1
[2016/12/15 15:23:17 053][Px1747][Tx7cc6e700][DBG] LENGINE    leng_rpc.c 413  luacRPCFuncProto_Invoke(54001a20,6c3fc3c0) [in]
[2016/12/15 15:23:17 054][Px1747][Tx77fff700][DBG] LENGINE    leng_rpc.c 527  luacRPCFuncProto_Invoke() [out] ret = 0
[2016/12/15 15:23:17 054][Px1747][Tx7cc6e700][INF] LMOD       luac_logge 172  [network:173:dns resp  10214  ]
[2016/12/15 15:23:17 055][Px1747][Tx7cc6e700][INF] LMOD       luac_logge 172  [network:397:redns dns resp  nil  10214  nil  nil  ]
[2016/12/15 15:23:17 055][Px1747][Tx7cc6e700][DBG] LENGINE    leng_rpc.c 527  luacRPCFuncProto_Invoke() [out] ret = 0
[2016/12/15 15:23:17 253][Px1747][Tx77fff700][DBG] LENGINE    leng_rpc.c 413  luacRPCFuncProto_Invoke(6c402060,6426de80) [in]
[2016/12/15 15:23:17 254][Px1747][Tx77fff700][INF] LMOD       luac_logge 172  [transport:959:session.domain=  open.xf-yun.com  ]
[2016/12/15 15:23:17 255][Px1747][Tx77fff700][INF] LMOD       luac_logge 172  [transport:960:url.host=  open.xf-yun.com  ]
[2016/12/15 15:23:17 255][Px1747][Tx77fff700][INF] LLOADER    lloader.c  327  load dkjson
[2016/12/15 15:23:17 256][Px1747][Tx77fff700][INF] LLOADER    lloader.c  339  a intalled entry
[2016/12/15 15:23:17 256][Px1747][Tx77fff700][INF] LLOADER    lloader.c  365  from rom
[2016/12/15 15:23:17 257][Px1747][Tx77fff700][PRF] LLOADER    lloader.c  397  load dkjson cost 1 (ms)
[2016/12/15 15:23:17 258][Px1747][Tx77fff700][DBG] LMOD       luac_logge 178  [network:83:ipfromenv ,  ipcache  open.xf-yun.com  def  nil  ]
[2016/12/15 15:23:17 259][Px1747][Tx77fff700][TRC] LMOD       luac_logge 170  [transport:994:NAMESERVER START  ]
[2016/12/15 15:23:17 260][Px1747][Tx77fff700][INF] LMOD       luac_logge 172  [transport:997:name =   ath  ]
[2016/12/15 15:23:17 261][Px1747][Tx77fff700][INF] LMOD       luac_logge 172  [ns:727:ntt=  standard  ]
[2016/12/15 15:23:17 262][Px1747][Tx77fff700][INF] LMOD       luac_logge 172  [transport:1000:trans,ns_inprog =  0  ]
[2016/12/15 15:23:17 262][Px1747][Tx77fff700][TRC] LMOD       luac_logge 170  [ns:682:name server start  ]
[2016/12/15 15:23:17 263][Px1747][Tx77fff700][INF] LMOD       luac_logge 172  [ns:683:ns_sub =   ath  ]
[2016/12/15 15:23:17 263][Px1747][Tx77fff700][INF] LMOD       luac_logge 172  [ns:685:ns_host=  open.xf-yun.com  ]
[2016/12/15 15:23:17 263][Px1747][Tx77fff700][INF] LMOD       luac_logge 172  [ns:403:ns_host=  open.xf-yun.com  ]
[2016/12/15 15:23:17 264][Px1747][Tx77fff700][DBG] LMOD       luac_logge 178  [ns:662:GET /sip/resolver?srand=1215152311.32 HTTP/1.1
Host: hdns.openspeech.cn
Connection: Keep-Alive
X-Par: ver=1.2&appid=583467f7&operator=UNKNOW&nettype=STANDARD&cver=5.0.27.1135&svc=ath&host=open.xf-yun.com&sign=35d8de5920788f2239e6c003e0791a01
User-Agent: iFLYCloud

  ]
[2016/12/15 15:23:17 264][Px1747][Tx77fff700][INF] LMOD       luac_logge 172  [ns:663:net_type =  standard  ]
[2016/12/15 15:23:17 265][Px1747][Tx77fff700][INF] LMOD       luac_logge 172  [ns:664:cmwapascmnet =  ]
[2016/12/15 15:23:17 265][Px1747][Tx77fff700][INF] LMOD       luac_logge 172  [ns:665:uniwapasuninet =  ]
[2016/12/15 15:23:17 266][Px1747][Tx77fff700][INF] LMOD       luac_logge 172  [ns:666:ctwapasctnet =  ]
[2016/12/15 15:23:17 267][Px1747][Tx77fff700][INF] LMOD       luac_logge 172  [ns:676:host=  hdns.openspeech.cn  ]
[2016/12/15 15:23:17 267][Px1747][Tx77fff700][TRC] MSPADNS    MSPAsyncDn 268  MSPAsyncDns_Start() [in]
[2016/12/15 15:23:17 267][Px1747][Tx7d46f700][DBG] MSPADNS    MSPAsyncDn 184  gethostbyname(hdns.openspeech.cn) start [id=1816079032]
[2016/12/15 15:23:17 268][Px1747][Tx7d46f700][ERR] MSPADNS    MSPAsyncDn 211  gethostbyname(hdns.openspeech.cn) failed: Temporary failure in name resolution [id=1816079032]
[2016/12/15 15:23:17 268][Px1747][Tx7d46f700][DBG] MSPTHREAD  MSPThreadP 733  POST l_engine_2:10:1:1
[2016/12/15 15:23:17 268][Px1747][Tx77fff700][TRC] MSPADNS    MSPAsyncDn 268  MSPAsyncDns_Start() [in]
[2016/12/15 15:23:17 268][Px1747][Tx7d46f700][DBG] MSPADNS    MSPAsyncDn 184  gethostbyname(open.xf-yun.com) start [id=1816187432]
[2016/12/15 15:23:17 269][Px1747][Tx7d46f700][ERR] MSPADNS    MSPAsyncDn 211  gethostbyname(open.xf-yun.com) failed: Temporary failure in name resolution [id=1816187432]
[2016/12/15 15:23:17 269][Px1747][Tx7d46f700][DBG] MSPTHREAD  MSPThreadP 733  POST l_engine_2:10:2:0
[2016/12/15 15:23:17 270][Px1747][Tx77fff700][DBG] LENGINE    leng_rpc.c 527  luacRPCFuncProto_Invoke() [out] ret = 0
[2016/12/15 15:23:17 270][Px1747][Tx77fff700][DBG] LENGINE    leng_main. 513  ENGINE_MSG_RPC_ASYNC
[2016/12/15 15:23:17 270][Px1747][Tx77fff700][DBG] LENGINE    leng_main. 521  [isr_local], stat = 1
[2016/12/15 15:23:17 271][Px1747][Tx77fff700][DBG] LENGINE    leng_rpc.c 413  luacRPCFuncProto_Invoke(54001a20,6426de80) [in]
[2016/12/15 15:23:17 271][Px1747][Tx77fff700][INF] LMOD       luac_logge 172  [ns:290:ns dns resp  10214  ]
[2016/12/15 15:23:17 272][Px1747][Tx77fff700][INF] LMOD       luac_logge 172  [ns:564:ns dns failed, err =   10214  ]
[2016/12/15 15:23:17 272][Px1747][Tx77fff700][INF] LMOD       luac_logge 172  [ns:174:ns gethttpresp  117.121.48.5  80  ]
[2016/12/15 15:23:17 273][Px1747][Tx77fff700][TRC] MSPSOCKET  MSPSocket. 269  MSPSocket_New(1, 1) [in]
[2016/12/15 15:23:17 273][Px1747][Tx77fff700][DBG] MSPSOCKET  MSPSocket. 326  socket(2,1,) ret=7, detail=101
[2016/12/15 15:23:17 274][Px1747][Tx77fff700][TRC] MSPSOCKET  MSPSocket. 411  MSPSocket_New() [out] 6c418f30 0
[2016/12/15 15:23:17 274][Px1747][Tx77fff700][TRC] MSPSOCKET  MSPSocket. 501  MSPSocket_Connect(6c418f30) [in]
[2016/12/15 15:23:17 274][Px1747][Tx77fff700][DBG] MSPSOCKET  MSPSocket. 515  connect(7,117.121.48.5,) ret=-1, hd=6c418f30
[2016/12/15 15:23:17 274][Px1747][Tx77fff700][ERR] MSPSOCKET  MSPSocket. 530  connect() failed! 6c418f30,7,-1,101
[2016/12/15 15:23:17 275][Px1747][Tx77fff700][DBG] MSPTHREAD  MSPThreadP 733  POST l_engine_2:10:2:0
[2016/12/15 15:23:17 275][Px1747][Tx77fff700][TRC] MSPSOCKET  MSPSocket. 565  MSPSocket_Connect() [out] 10202
[2016/12/15 15:23:17 275][Px1747][Tx77fff700][DBG] LENGINE    leng_rpc.c 527  luacRPCFuncProto_Invoke() [out] ret = 0
[2016/12/15 15:23:17 275][Px1747][Tx77fff700][DBG] LENGINE    leng_main. 513  ENGINE_MSG_RPC_ASYNC
[2016/12/15 15:23:17 276][Px1747][Tx77fff700][DBG] LENGINE    leng_main. 521  [isr_local], stat = 1
[2016/12/15 15:23:17 276][Px1747][Tx77fff700][DBG] LENGINE    leng_rpc.c 413  luacRPCFuncProto_Invoke(54002d10,6426de80) [in]
[2016/12/15 15:23:17 276][Px1747][Tx77fff700][ERR] LMOD       luac_logge 166  [transport:295:[dns] [0] failed! 10214  ]
[2016/12/15 15:23:17 277][Px1747][Tx77fff700][INF] LLOADER    lloader.c  327  load dkjson
[2016/12/15 15:23:17 277][Px1747][Tx77fff700][INF] LLOADER    lloader.c  339  a intalled entry
[2016/12/15 15:23:17 277][Px1747][Tx77fff700][INF] LLOADER    lloader.c  365  from rom
[2016/12/15 15:23:17 277][Px1747][Tx77fff700][PRF] LLOADER    lloader.c  397  load dkjson cost 1 (ms)
[2016/12/15 15:23:17 278][Px1747][Tx77fff700][DBG] LMOD       luac_logge 178  [network:83:ipfromenv ,  ipcache  open.xf-yun.com  def  nil  ]
[2016/12/15 15:23:17 278][Px1747][Tx77fff700][INF] LLOADER    lloader.c  327  load dkjson
[2016/12/15 15:23:17 279][Px1747][Tx77fff700][INF] LLOADER    lloader.c  339  a intalled entry
[2016/12/15 15:23:17 280][Px1747][Tx77fff700][INF] LLOADER    lloader.c  365  from rom
[2016/12/15 15:23:17 280][Px1747][Tx77fff700][PRF] LLOADER    lloader.c  397  load dkjson cost 2 (ms)
[2016/12/15 15:23:17 281][Px1747][Tx77fff700][DBG] LMOD       luac_logge 178  [network:83:ipfromenv ,  ipcfg  open.xf-yun.com  def  nil  ]
[2016/12/15 15:23:17 281][Px1747][Tx77fff700][TRC] LMOD       luac_logge 170  [transport:1166:[soc] connect   116.213.69.195  80  ]
[2016/12/15 15:23:17 282][Px1747][Tx77fff700][TRC] MSPSOCKET  MSPSocket. 1593 MSPSocketTCPConnPool_Query(116.213.69.195, 80) [in]
[2016/12/15 15:23:17 282][Px1747][Tx77fff700][TRC] MSPSOCKET  MSPSocket. 1618 MSPSocketTCPConnPool_Query() [out] ret=0
[2016/12/15 15:23:17 283][Px1747][Tx77fff700][INF] LMOD       luac_logge 172  [transport:1183:mspsoc.open,prot_type=  tcp  ]
[2016/12/15 15:23:17 283][Px1747][Tx77fff700][TRC] MSPSOCKET  MSPSocket. 269  MSPSocket_New(1, 1) [in]
[2016/12/15 15:23:17 284][Px1747][Tx77fff700][DBG] MSPSOCKET  MSPSocket. 326  socket(2,1,) ret=8, detail=101
[2016/12/15 15:23:17 284][Px1747][Tx77fff700][TRC] MSPSOCKET  MSPSocket. 411  MSPSocket_New() [out] 6c40ed30 0
[2016/12/15 15:23:17 285][Px1747][Tx77fff700][TRC] MSPSOCKET  MSPSocket. 501  MSPSocket_Connect(6c40ed30) [in]
[2016/12/15 15:23:17 285][Px1747][Tx77fff700][DBG] MSPSOCKET  MSPSocket. 515  connect(8,116.213.69.195,) ret=-1, hd=6c40ed30
[2016/12/15 15:23:17 285][Px1747][Tx77fff700][ERR] MSPSOCKET  MSPSocket. 530  connect() failed! 6c40ed30,8,-1,101
[2016/12/15 15:23:17 285][Px1747][Tx77fff700][DBG] MSPTHREAD  MSPThreadP 733  POST l_engine_2:10:2:0
[2016/12/15 15:23:17 286][Px1747][Tx77fff700][TRC] MSPSOCKET  MSPSocket. 565  MSPSocket_Connect() [out] 10202
[2016/12/15 15:23:17 286][Px1747][Tx77fff700][DBG] LENGINE    leng_rpc.c 527  luacRPCFuncProto_Invoke() [out] ret = 0
[2016/12/15 15:23:17 286][Px1747][Tx77fff700][DBG] LENGINE    leng_main. 513  ENGINE_MSG_RPC_ASYNC
[2016/12/15 15:23:17 287][Px1747][Tx77fff700][DBG] LENGINE    leng_main. 521  [isr_local], stat = 1
[2016/12/15 15:23:17 287][Px1747][Tx77fff700][DBG] LENGINE    leng_rpc.c 413  luacRPCFuncProto_Invoke(6c026230,6426de80) [in]
[2016/12/15 15:23:17 287][Px1747][Tx77fff700][INF] LMOD       luac_logge 172  [ns:244:ns soc error  10202  ]
[2016/12/15 15:23:17 288][Px1747][Tx77fff700][TRC] MSPSOCKET  MSPSocket. 1014 MSPSocket_Close(6c418f30) [in]
[2016/12/15 15:23:17 288][Px1747][Tx77fff700][DBG] MSPSOCKET  MSPSocket. 1034 close(7), 6c418f30
[2016/12/15 15:23:17 289][Px1747][Tx77fff700][TRC] MSPSOCKET  MSPSocket. 1068 MSPSocket_Close() [out] 0
[2016/12/15 15:23:17 289][Px1747][Tx77fff700][INF] LMOD       luac_logge 172  [ns:407:name server http resp  nil  10202  nil  ]
[2016/12/15 15:23:17 290][Px1747][Tx77fff700][INF] LMOD       luac_logge 172  [ns:551:ns response failed, err =  10202  ]
[2016/12/15 15:23:17 290][Px1747][Tx77fff700][INF] LMOD       luac_logge 172  [ns:111:ns_host=  open.xf-yun.com  ]
[2016/12/15 15:23:17 291][Px1747][Tx77fff700][INF] LMOD       luac_logge 172  [ns:113:use default ip  ]
[2016/12/15 15:23:17 292][Px1747][Tx77fff700][INF] LMOD       luac_logge 172  [transport:974:ns_ip =   116.213.69.195  ]
[2016/12/15 15:23:17 292][Px1747][Tx77fff700][INF] LMOD       luac_logge 172  [transport:975:ip_type =  def_athopen.xf-yun.com  ]
[2016/12/15 15:23:17 293][Px1747][Tx77fff700][INF] LMOD       luac_logge 172  [ns:756:no data in ns_q  ]
[2016/12/15 15:23:17 293][Px1747][Tx77fff700][INF] LMOD       luac_logge 172  [ns:757:conti_ns,ns_inprog =   1  ]
[2016/12/15 15:23:17 293][Px1747][Tx77fff700][DBG] LENGINE    leng_rpc.c 527  luacRPCFuncProto_Invoke() [out] ret = 0
[2016/12/15 15:23:17 294][Px1747][Tx77fff700][DBG] LENGINE    leng_main. 513  ENGINE_MSG_RPC_ASYNC
[2016/12/15 15:23:17 294][Px1747][Tx77fff700][DBG] LENGINE    leng_main. 521  [isr_local], stat = 1
[2016/12/15 15:23:17 294][Px1747][Tx77fff700][DBG] LENGINE    leng_rpc.c 413  luacRPCFuncProto_Invoke(6c3f9650,6426de80) [in]
[2016/12/15 15:23:17 294][Px1747][Tx77fff700][ERR] LMOD       luac_logge 166  [transport:545:MSC:[soc] [0] error 10202 101!  ]
[2016/12/15 15:23:17 295][Px1747][Tx77fff700][TRC] MSPSOCKET  MSPSocket. 1014 MSPSocket_Close(6c40ed30) [in]
[2016/12/15 15:23:17 295][Px1747][Tx77fff700][DBG] MSPSOCKET  MSPSocket. 1034 close(8), 6c40ed30
[2016/12/15 15:23:17 295][Px1747][Tx77fff700][TRC] MSPSOCKET  MSPSocket. 1068 MSPSocket_Close() [out] 0
[2016/12/15 15:23:17 296][Px1747][Tx77fff700][INF] LMOD       luac_logge 172  [transport:57:clear_ip ip_type =  def_athopen.xf-yun.com  ]
[2016/12/15 15:23:17 296][Px1747][Tx77fff700][WAR] LMOD       luac_logge 168  [transport:321:soc_conn_failed  ]
[2016/12/15 15:23:17 296][Px1747][Tx77fff700][DBG] LMOD       luac_logge 178  [network:88:iptoenv ,  ipcache  open.xf-yun.com  def  nil  ]
[2016/12/15 15:23:17 297][Px1747][Tx77fff700][INF] LLOADER    lloader.c  327  load dkjson
[2016/12/15 15:23:17 297][Px1747][Tx77fff700][INF] LLOADER    lloader.c  339  a intalled entry
[2016/12/15 15:23:17 297][Px1747][Tx77fff700][INF] LLOADER    lloader.c  365  from rom
[2016/12/15 15:23:17 297][Px1747][Tx77fff700][PRF] LLOADER    lloader.c  397  load dkjson cost 1 (ms)
[2016/12/15 15:23:17 298][Px1747][Tx77fff700][INF] LMOD       luac_logge 172  [transport:390:switch 80  ]
[2016/12/15 15:23:17 298][Px1747][Tx77fff700][TRC] LENGINE    leng_shell 109  lEngine_Start(6c0639d8,6c0639d8,0,) [in]
[2016/12/15 15:23:17 299][Px1747][Tx77fff700][TRC] LENGINE    leng_shell 351  lEngine_PostMessage(6c3fc3c0,1,2,) [in]
[2016/12/15 15:23:17 299][Px1747][Tx77fff700][DBG] MSPTHREAD  MSPThreadP 733  POST l_engine_1:10:1:1
[2016/12/15 15:23:17 299][Px1747][Tx7cc6e700][DBG] LENGINE    leng_main. 513  ENGINE_MSG_RPC_ASYNC
[2016/12/15 15:23:17 299][Px1747][Tx7cc6e700][DBG] LENGINE    leng_main. 521  [waiter], stat = 1
[2016/12/15 15:23:17 300][Px1747][Tx7cc6e700][DBG] LENGINE    leng_rpc.c 413  luacRPCFuncProto_Invoke(6c032830,6c3fc3c0) [in]
[2016/12/15 15:23:17 300][Px1747][Tx77fff700][TRC] LENGINE    leng_shell 374  lEngine_PostMessage() [out] 0
[2016/12/15 15:23:17 301][Px1747][Tx7cc6e700][INF] LMOD       luac_logge 172  [network:380:redns  def  open.xf-yun.com  ]
[2016/12/15 15:23:17 301][Px1747][Tx7cc6e700][TRC] MSPADNS    MSPAsyncDn 268  MSPAsyncDns_Start() [in]
[2016/12/15 15:23:17 301][Px1747][Tx7d46f700][DBG] MSPADNS    MSPAsyncDn 184  gethostbyname(open.xf-yun.com) start [id=1880344424]
[2016/12/15 15:23:17 302][Px1747][Tx7d46f700][ERR] MSPADNS    MSPAsyncDn 211  gethostbyname(open.xf-yun.com) failed: Temporary failure in name resolution [id=1880344424]
[2016/12/15 15:23:17 302][Px1747][Tx7d46f700][DBG] MSPTHREAD  MSPThreadP 733  POST l_engine_1:10:1:0
[2016/12/15 15:23:17 303][Px1747][Tx77fff700][TRC] LMOD       luac_logge 170  [transport:1198:[soc] disconnect   ]
[2016/12/15 15:23:17 303][Px1747][Tx7cc6e700][INF] LMOD       luac_logge 172  [waiter:196:last gc at  1481844193  ]
[2016/12/15 15:23:17 304][Px1747][Tx7cc6e700][DBG] LENGINE    leng_rpc.c 527  luacRPCFuncProto_Invoke() [out] ret = 0
[2016/12/15 15:23:17 304][Px1747][Tx7cc6e700][DBG] LENGINE    leng_main. 513  ENGINE_MSG_RPC_ASYNC
[2016/12/15 15:23:17 305][Px1747][Tx7cc6e700][DBG] LENGINE    leng_main. 521  [waiter], stat = 1
[2016/12/15 15:23:17 305][Px1747][Tx7cc6e700][DBG] LENGINE    leng_rpc.c 413  luacRPCFuncProto_Invoke(54001a20,6c3fc3c0) [in]
[2016/12/15 15:23:17 305][Px1747][Tx77fff700][DBG] LENGINE    leng_rpc.c 527  luacRPCFuncProto_Invoke() [out] ret = 0
[2016/12/15 15:23:17 306][Px1747][Tx7cc6e700][INF] LMOD       luac_logge 172  [network:173:dns resp  10214  ]
[2016/12/15 15:23:17 306][Px1747][Tx7cc6e700][INF] LMOD       luac_logge 172  [network:397:redns dns resp  nil  10214  nil  nil  ]
[2016/12/15 15:23:17 306][Px1747][Tx7cc6e700][DBG] LENGINE    leng_rpc.c 527  luacRPCFuncProto_Invoke() [out] ret = 0
[2016/12/15 15:23:17 504][Px1747][Tx77fff700][DBG] LENGINE    leng_rpc.c 413  luacRPCFuncProto_Invoke(6c40cbf0,6426de80) [in]
[2016/12/15 15:23:17 505][Px1747][Tx77fff700][INF] LMOD       luac_logge 172  [transport:959:session.domain=  open.xf-yun.com  ]
[2016/12/15 15:23:17 506][Px1747][Tx77fff700][INF] LMOD       luac_logge 172  [transport:960:url.host=  open.xf-yun.com  ]
[2016/12/15 15:23:17 506][Px1747][Tx77fff700][INF] LLOADER    lloader.c  327  load dkjson
[2016/12/15 15:23:17 506][Px1747][Tx77fff700][INF] LLOADER    lloader.c  339  a intalled entry
[2016/12/15 15:23:17 506][Px1747][Tx77fff700][INF] LLOADER    lloader.c  365  from rom
[2016/12/15 15:23:17 506][Px1747][Tx77fff700][PRF] LLOADER    lloader.c  397  load dkjson cost 1 (ms)
[2016/12/15 15:23:17 507][Px1747][Tx77fff700][DBG] LMOD       luac_logge 178  [network:83:ipfromenv ,  ipcache  open.xf-yun.com  def  nil  ]
[2016/12/15 15:23:17 508][Px1747][Tx77fff700][TRC] LMOD       luac_logge 170  [transport:994:NAMESERVER START  ]
[2016/12/15 15:23:17 508][Px1747][Tx77fff700][INF] LMOD       luac_logge 172  [transport:997:name =   ath  ]
[2016/12/15 15:23:17 508][Px1747][Tx77fff700][INF] LMOD       luac_logge 172  [ns:727:ntt=  standard  ]
[2016/12/15 15:23:17 509][Px1747][Tx77fff700][INF] LMOD       luac_logge 172  [transport:1000:trans,ns_inprog =  0  ]
[2016/12/15 15:23:17 509][Px1747][Tx77fff700][TRC] LMOD       luac_logge 170  [ns:682:name server start  ]
[2016/12/15 15:23:17 509][Px1747][Tx77fff700][INF] LMOD       luac_logge 172  [ns:683:ns_sub =   ath  ]
[2016/12/15 15:23:17 510][Px1747][Tx77fff700][INF] LMOD       luac_logge 172  [ns:685:ns_host=  open.xf-yun.com  ]
[2016/12/15 15:23:17 510][Px1747][Tx77fff700][INF] LMOD       luac_logge 172  [ns:403:ns_host=  open.xf-yun.com  ]
[2016/12/15 15:23:17 511][Px1747][Tx77fff700][DBG] LMOD       luac_logge 178  [ns:662:GET /sip/resolver?srand=1215152311.32 HTTP/1.1
Host: hdns.openspeech.cn
Connection: Keep-Alive
X-Par: ver=1.2&appid=583467f7&operator=UNKNOW&nettype=STANDARD&cver=5.0.27.1135&svc=ath&host=open.xf-yun.com&sign=35d8de5920788f2239e6c003e0791a01
User-Agent: iFLYCloud

  ]
[2016/12/15 15:23:17 511][Px1747][Tx77fff700][INF] LMOD       luac_logge 172  [ns:663:net_type =  standard  ]
[2016/12/15 15:23:17 512][Px1747][Tx77fff700][INF] LMOD       luac_logge 172  [ns:664:cmwapascmnet =  ]
[2016/12/15 15:23:17 512][Px1747][Tx77fff700][INF] LMOD       luac_logge 172  [ns:665:uniwapasuninet =  ]
[2016/12/15 15:23:17 513][Px1747][Tx77fff700][INF] LMOD       luac_logge 172  [ns:666:ctwapasctnet =  ]
[2016/12/15 15:23:17 513][Px1747][Tx77fff700][INF] LMOD       luac_logge 172  [ns:676:host=  hdns.openspeech.cn  ]
[2016/12/15 15:23:17 513][Px1747][Tx77fff700][TRC] MSPADNS    MSPAsyncDn 268  MSPAsyncDns_Start() [in]
[2016/12/15 15:23:17 513][Px1747][Tx7d46f700][DBG] MSPADNS    MSPAsyncDn 184  gethostbyname(hdns.openspeech.cn) start [id=1816079032]
[2016/12/15 15:23:17 514][Px1747][Tx7d46f700][ERR] MSPADNS    MSPAsyncDn 211  gethostbyname(hdns.openspeech.cn) failed: Temporary failure in name resolution [id=1816079032]
[2016/12/15 15:23:17 514][Px1747][Tx7d46f700][DBG] MSPTHREAD  MSPThreadP 733  POST l_engine_2:10:1:1
[2016/12/15 15:23:17 514][Px1747][Tx77fff700][TRC] MSPADNS    MSPAsyncDn 268  MSPAsyncDns_Start() [in]
[2016/12/15 15:23:17 514][Px1747][Tx7d46f700][DBG] MSPADNS    MSPAsyncDn 184  gethostbyname(open.xf-yun.com) start [id=1816141960]
[2016/12/15 15:23:17 515][Px1747][Tx7d46f700][ERR] MSPADNS    MSPAsyncDn 211  gethostbyname(open.xf-yun.com) failed: Temporary failure in name resolution [id=1816141960]
[2016/12/15 15:23:17 515][Px1747][Tx7d46f700][DBG] MSPTHREAD  MSPThreadP 733  POST l_engine_2:10:2:0
[2016/12/15 15:23:17 516][Px1747][Tx77fff700][DBG] LENGINE    leng_rpc.c 527  luacRPCFuncProto_Invoke() [out] ret = 0
[2016/12/15 15:23:17 516][Px1747][Tx77fff700][DBG] LENGINE    leng_main. 513  ENGINE_MSG_RPC_ASYNC
[2016/12/15 15:23:17 516][Px1747][Tx77fff700][DBG] LENGINE    leng_main. 521  [isr_local], stat = 1
[2016/12/15 15:23:17 517][Px1747][Tx77fff700][DBG] LENGINE    leng_rpc.c 413  luacRPCFuncProto_Invoke(54001a20,6426de80) [in]
[2016/12/15 15:23:17 517][Px1747][Tx77fff700][INF] LMOD       luac_logge 172  [ns:290:ns dns resp  10214  ]
[2016/12/15 15:23:17 518][Px1747][Tx77fff700][INF] LMOD       luac_logge 172  [ns:564:ns dns failed, err =   10214  ]
[2016/12/15 15:23:17 519][Px1747][Tx77fff700][INF] LMOD       luac_logge 172  [ns:174:ns gethttpresp  117.121.48.5  80  ]
[2016/12/15 15:23:17 519][Px1747][Tx77fff700][TRC] MSPSOCKET  MSPSocket. 269  MSPSocket_New(1, 1) [in]
[2016/12/15 15:23:17 519][Px1747][Tx77fff700][DBG] MSPSOCKET  MSPSocket. 326  socket(2,1,) ret=7, detail=101
[2016/12/15 15:23:17 519][Px1747][Tx77fff700][TRC] MSPSOCKET  MSPSocket. 411  MSPSocket_New() [out] 6c40efd0 0
[2016/12/15 15:23:17 520][Px1747][Tx77fff700][TRC] MSPSOCKET  MSPSocket. 501  MSPSocket_Connect(6c40efd0) [in]
[2016/12/15 15:23:17 520][Px1747][Tx77fff700][DBG] MSPSOCKET  MSPSocket. 515  connect(7,117.121.48.5,) ret=-1, hd=6c40efd0
[2016/12/15 15:23:17 520][Px1747][Tx77fff700][ERR] MSPSOCKET  MSPSocket. 530  connect() failed! 6c40efd0,7,-1,101
[2016/12/15 15:23:17 520][Px1747][Tx77fff700][DBG] MSPTHREAD  MSPThreadP 733  POST l_engine_2:10:2:0
[2016/12/15 15:23:17 520][Px1747][Tx77fff700][TRC] MSPSOCKET  MSPSocket. 565  MSPSocket_Connect() [out] 10202
[2016/12/15 15:23:17 521][Px1747][Tx77fff700][DBG] LENGINE    leng_rpc.c 527  luacRPCFuncProto_Invoke() [out] ret = 0
[2016/12/15 15:23:17 522][Px1747][Tx77fff700][DBG] LENGINE    leng_main. 513  ENGINE_MSG_RPC_ASYNC
[2016/12/15 15:23:17 522][Px1747][Tx77fff700][DBG] LENGINE    leng_main. 521  [isr_local], stat = 1
[2016/12/15 15:23:17 523][Px1747][Tx77fff700][DBG] LENGINE    leng_rpc.c 413  luacRPCFuncProto_Invoke(54002d10,6426de80) [in]
[2016/12/15 15:23:17 523][Px1747][Tx77fff700][ERR] LMOD       luac_logge 166  [transport:295:[dns] [0] failed! 10214  ]
[2016/12/15 15:23:17 524][Px1747][Tx77fff700][INF] LLOADER    lloader.c  327  load dkjson
[2016/12/15 15:23:17 524][Px1747][Tx77fff700][INF] LLOADER    lloader.c  339  a intalled entry
[2016/12/15 15:23:17 525][Px1747][Tx77fff700][INF] LLOADER    lloader.c  365  from rom
[2016/12/15 15:23:17 525][Px1747][Tx77fff700][PRF] LLOADER    lloader.c  397  load dkjson cost 2 (ms)
[2016/12/15 15:23:17 526][Px1747][Tx77fff700][DBG] LMOD       luac_logge 178  [network:83:ipfromenv ,  ipcache  open.xf-yun.com  def  nil  ]
[2016/12/15 15:23:17 526][Px1747][Tx77fff700][INF] LLOADER    lloader.c  327  load dkjson
[2016/12/15 15:23:17 527][Px1747][Tx77fff700][INF] LLOADER    lloader.c  339  a intalled entry
[2016/12/15 15:23:17 527][Px1747][Tx77fff700][INF] LLOADER    lloader.c  365  from rom
[2016/12/15 15:23:17 527][Px1747][Tx77fff700][PRF] LLOADER    lloader.c  397  load dkjson cost 1 (ms)
[2016/12/15 15:23:17 528][Px1747][Tx77fff700][DBG] LMOD       luac_logge 178  [network:83:ipfromenv ,  ipcfg  open.xf-yun.com  def  nil  ]
[2016/12/15 15:23:17 528][Px1747][Tx77fff700][TRC] LMOD       luac_logge 170  [transport:1166:[soc] connect   116.213.69.195  80  ]
[2016/12/15 15:23:17 528][Px1747][Tx77fff700][TRC] MSPSOCKET  MSPSocket. 1593 MSPSocketTCPConnPool_Query(116.213.69.195, 80) [in]
[2016/12/15 15:23:17 529][Px1747][Tx77fff700][TRC] MSPSOCKET  MSPSocket. 1618 MSPSocketTCPConnPool_Query() [out] ret=0
[2016/12/15 15:23:17 531][Px1747][Tx77fff700][INF] LMOD       luac_logge 172  [transport:1183:mspsoc.open,prot_type=  tcp  ]
[2016/12/15 15:23:17 531][Px1747][Tx77fff700][TRC] MSPSOCKET  MSPSocket. 269  MSPSocket_New(1, 1) [in]
[2016/12/15 15:23:17 532][Px1747][Tx77fff700][DBG] MSPSOCKET  MSPSocket. 326  socket(2,1,) ret=8, detail=101
[2016/12/15 15:23:17 532][Px1747][Tx77fff700][TRC] MSPSOCKET  MSPSocket. 411  MSPSocket_New() [out] 6c40cfd0 0
[2016/12/15 15:23:17 533][Px1747][Tx77fff700][TRC] MSPSOCKET  MSPSocket. 501  MSPSocket_Connect(6c40cfd0) [in]
[2016/12/15 15:23:17 533][Px1747][Tx77fff700][DBG] MSPSOCKET  MSPSocket. 515  connect(8,116.213.69.195,) ret=-1, hd=6c40cfd0
[2016/12/15 15:23:17 534][Px1747][Tx77fff700][ERR] MSPSOCKET  MSPSocket. 530  connect() failed! 6c40cfd0,8,-1,101
[2016/12/15 15:23:17 534][Px1747][Tx77fff700][DBG] MSPTHREAD  MSPThreadP 733  POST l_engine_2:10:2:0
[2016/12/15 15:23:17 535][Px1747][Tx77fff700][TRC] MSPSOCKET  MSPSocket. 565  MSPSocket_Connect() [out] 10202
[2016/12/15 15:23:17 535][Px1747][Tx77fff700][DBG] LENGINE    leng_rpc.c 527  luacRPCFuncProto_Invoke() [out] ret = 0
[2016/12/15 15:23:17 536][Px1747][Tx77fff700][DBG] LENGINE    leng_main. 513  ENGINE_MSG_RPC_ASYNC
[2016/12/15 15:23:17 537][Px1747][Tx77fff700][DBG] LENGINE    leng_main. 521  [isr_local], stat = 1
[2016/12/15 15:23:17 537][Px1747][Tx77fff700][DBG] LENGINE    leng_rpc.c 413  luacRPCFuncProto_Invoke(6c40cbf0,6426de80) [in]
[2016/12/15 15:23:17 538][Px1747][Tx77fff700][INF] LMOD       luac_logge 172  [ns:244:ns soc error  10202  ]
[2016/12/15 15:23:17 538][Px1747][Tx77fff700][TRC] MSPSOCKET  MSPSocket. 1014 MSPSocket_Close(6c40efd0) [in]
[2016/12/15 15:23:17 539][Px1747][Tx77fff700][DBG] MSPSOCKET  MSPSocket. 1034 close(7), 6c40efd0
[2016/12/15 15:23:17 539][Px1747][Tx77fff700][TRC] MSPSOCKET  MSPSocket. 1068 MSPSocket_Close() [out] 0
[2016/12/15 15:23:17 540][Px1747][Tx77fff700][INF] LMOD       luac_logge 172  [ns:407:name server http resp  nil  10202  nil  ]
[2016/12/15 15:23:17 541][Px1747][Tx77fff700][INF] LMOD       luac_logge 172  [ns:551:ns response failed, err =  10202  ]
[2016/12/15 15:23:17 541][Px1747][Tx77fff700][INF] LMOD       luac_logge 172  [ns:111:ns_host=  open.xf-yun.com  ]
[2016/12/15 15:23:17 541][Px1747][Tx77fff700][INF] LMOD       luac_logge 172  [ns:113:use default ip  ]
[2016/12/15 15:23:17 542][Px1747][Tx77fff700][INF] LMOD       luac_logge 172  [transport:974:ns_ip =   116.213.69.195  ]
[2016/12/15 15:23:17 542][Px1747][Tx77fff700][INF] LMOD       luac_logge 172  [transport:975:ip_type =  def_athopen.xf-yun.com  ]
[2016/12/15 15:23:17 543][Px1747][Tx77fff700][INF] LMOD       luac_logge 172  [ns:756:no data in ns_q  ]
[2016/12/15 15:23:17 543][Px1747][Tx77fff700][INF] LMOD       luac_logge 172  [ns:757:conti_ns,ns_inprog =   1  ]
[2016/12/15 15:23:17 543][Px1747][Tx77fff700][DBG] LENGINE    leng_rpc.c 527  luacRPCFuncProto_Invoke() [out] ret = 0
[2016/12/15 15:23:17 543][Px1747][Tx77fff700][DBG] LENGINE    leng_main. 513  ENGINE_MSG_RPC_ASYNC
[2016/12/15 15:23:17 544][Px1747][Tx77fff700][DBG] LENGINE    leng_main. 521  [isr_local], stat = 1
[2016/12/15 15:23:17 544][Px1747][Tx77fff700][DBG] LENGINE    leng_rpc.c 413  luacRPCFuncProto_Invoke(6c3f2a90,6426de80) [in]
[2016/12/15 15:23:17 544][Px1747][Tx77fff700][ERR] LMOD       luac_logge 166  [transport:545:MSC:[soc] [0] error 10202 101!  ]
[2016/12/15 15:23:17 545][Px1747][Tx77fff700][TRC] MSPSOCKET  MSPSocket. 1014 MSPSocket_Close(6c40cfd0) [in]
[2016/12/15 15:23:17 545][Px1747][Tx77fff700][DBG] MSPSOCKET  MSPSocket. 1034 close(8), 6c40cfd0
[2016/12/15 15:23:17 545][Px1747][Tx77fff700][TRC] MSPSOCKET  MSPSocket. 1068 MSPSocket_Close() [out] 0
[2016/12/15 15:23:17 545][Px1747][Tx77fff700][INF] LMOD       luac_logge 172  [transport:57:clear_ip ip_type =  def_athopen.xf-yun.com  ]
[2016/12/15 15:23:17 546][Px1747][Tx77fff700][WAR] LMOD       luac_logge 168  [transport:321:soc_conn_failed  ]
[2016/12/15 15:23:17 546][Px1747][Tx77fff700][DBG] LMOD       luac_logge 178  [network:88:iptoenv ,  ipcache  open.xf-yun.com  def  nil  ]
[2016/12/15 15:23:17 546][Px1747][Tx77fff700][INF] LLOADER    lloader.c  327  load dkjson
[2016/12/15 15:23:17 547][Px1747][Tx77fff700][INF] LLOADER    lloader.c  339  a intalled entry
[2016/12/15 15:23:17 547][Px1747][Tx77fff700][INF] LLOADER    lloader.c  365  from rom
[2016/12/15 15:23:17 547][Px1747][Tx77fff700][PRF] LLOADER    lloader.c  397  load dkjson cost 1 (ms)
[2016/12/15 15:23:17 549][Px1747][Tx77fff700][INF] LMOD       luac_logge 172  [transport:390:switch 80  ]
[2016/12/15 15:23:17 549][Px1747][Tx77fff700][TRC] LENGINE    leng_shell 109  lEngine_Start(6c0639d8,6c0639d8,0,) [in]
[2016/12/15 15:23:17 549][Px1747][Tx77fff700][TRC] LENGINE    leng_shell 351  lEngine_PostMessage(6c3fc3c0,1,2,) [in]
[2016/12/15 15:23:17 549][Px1747][Tx77fff700][DBG] MSPTHREAD  MSPThreadP 733  POST l_engine_1:10:1:1
[2016/12/15 15:23:17 549][Px1747][Tx7cc6e700][DBG] LENGINE    leng_main. 513  ENGINE_MSG_RPC_ASYNC
[2016/12/15 15:23:17 550][Px1747][Tx7cc6e700][DBG] LENGINE    leng_main. 521  [waiter], stat = 1
[2016/12/15 15:23:17 550][Px1747][Tx7cc6e700][DBG] LENGINE    leng_rpc.c 413  luacRPCFuncProto_Invoke(6c032830,6c3fc3c0) [in]
[2016/12/15 15:23:17 550][Px1747][Tx77fff700][TRC] LENGINE    leng_shell 374  lEngine_PostMessage() [out] 0
[2016/12/15 15:23:17 550][Px1747][Tx7cc6e700][INF] LMOD       luac_logge 172  [network:380:redns  def  open.xf-yun.com  ]
[2016/12/15 15:23:17 551][Px1747][Tx7cc6e700][TRC] MSPADNS    MSPAsyncDn 268  MSPAsyncDns_Start() [in]
[2016/12/15 15:23:17 551][Px1747][Tx7d46f700][DBG] MSPADNS    MSPAsyncDn 184  gethostbyname(open.xf-yun.com) start [id=1880346200]
[2016/12/15 15:23:17 551][Px1747][Tx7d46f700][ERR] MSPADNS    MSPAsyncDn 211  gethostbyname(open.xf-yun.com) failed: Temporary failure in name resolution [id=1880346200]
[2016/12/15 15:23:17 551][Px1747][Tx7d46f700][DBG] MSPTHREAD  MSPThreadP 733  POST l_engine_1:10:1:0
[2016/12/15 15:23:17 552][Px1747][Tx77fff700][TRC] LMOD       luac_logge 170  [transport:1198:[soc] disconnect   ]
[2016/12/15 15:23:17 552][Px1747][Tx7cc6e700][INF] LMOD       luac_logge 172  [waiter:196:last gc at  1481844193  ]
[2016/12/15 15:23:17 552][Px1747][Tx7cc6e700][DBG] LENGINE    leng_rpc.c 527  luacRPCFuncProto_Invoke() [out] ret = 0
[2016/12/15 15:23:17 552][Px1747][Tx7cc6e700][DBG] LENGINE    leng_main. 513  ENGINE_MSG_RPC_ASYNC
[2016/12/15 15:23:17 553][Px1747][Tx7cc6e700][DBG] LENGINE    leng_main. 521  [waiter], stat = 1
[2016/12/15 15:23:17 553][Px1747][Tx7cc6e700][DBG] LENGINE    leng_rpc.c 413  luacRPCFuncProto_Invoke(54001a20,6c3fc3c0) [in]
[2016/12/15 15:23:17 553][Px1747][Tx77fff700][DBG] LENGINE    leng_rpc.c 527  luacRPCFuncProto_Invoke() [out] ret = 0
[2016/12/15 15:23:17 553][Px1747][Tx7cc6e700][INF] LMOD       luac_logge 172  [network:173:dns resp  10214  ]
[2016/12/15 15:23:17 554][Px1747][Tx7cc6e700][INF] LMOD       luac_logge 172  [network:397:redns dns resp  nil  10214  nil  nil  ]
[2016/12/15 15:23:17 554][Px1747][Tx7cc6e700][DBG] LENGINE    leng_rpc.c 527  luacRPCFuncProto_Invoke() [out] ret = 0
[2016/12/15 15:23:17 753][Px1747][Tx77fff700][DBG] LENGINE    leng_rpc.c 413  luacRPCFuncProto_Invoke(6c3f9650,6426de80) [in]
[2016/12/15 15:23:17 753][Px1747][Tx77fff700][INF] LMOD       luac_logge 172  [transport:959:session.domain=  open.xf-yun.com  ]
[2016/12/15 15:23:17 754][Px1747][Tx77fff700][INF] LMOD       luac_logge 172  [transport:960:url.host=  open.xf-yun.com  ]
[2016/12/15 15:23:17 754][Px1747][Tx77fff700][INF] LLOADER    lloader.c  327  load dkjson
[2016/12/15 15:23:17 755][Px1747][Tx77fff700][INF] LLOADER    lloader.c  339  a intalled entry
[2016/12/15 15:23:17 755][Px1747][Tx77fff700][INF] LLOADER    lloader.c  365  from rom
[2016/12/15 15:23:17 755][Px1747][Tx77fff700][PRF] LLOADER    lloader.c  397  load dkjson cost 1 (ms)
[2016/12/15 15:23:17 756][Px1747][Tx77fff700][DBG] LMOD       luac_logge 178  [network:83:ipfromenv ,  ipcache  open.xf-yun.com  def  nil  ]
[2016/12/15 15:23:17 757][Px1747][Tx77fff700][TRC] LMOD       luac_logge 170  [transport:994:NAMESERVER START  ]
[2016/12/15 15:23:17 758][Px1747][Tx77fff700][INF] LMOD       luac_logge 172  [transport:997:name =   ath  ]
[2016/12/15 15:23:17 758][Px1747][Tx77fff700][INF] LMOD       luac_logge 172  [ns:727:ntt=  standard  ]
[2016/12/15 15:23:17 759][Px1747][Tx77fff700][INF] LMOD       luac_logge 172  [transport:1000:trans,ns_inprog =  0  ]
[2016/12/15 15:23:17 759][Px1747][Tx77fff700][TRC] LMOD       luac_logge 170  [ns:682:name server start  ]
[2016/12/15 15:23:17 759][Px1747][Tx77fff700][INF] LMOD       luac_logge 172  [ns:683:ns_sub =   ath  ]
[2016/12/15 15:23:17 760][Px1747][Tx77fff700][INF] LMOD       luac_logge 172  [ns:685:ns_host=  open.xf-yun.com  ]
[2016/12/15 15:23:17 760][Px1747][Tx77fff700][INF] LMOD       luac_logge 172  [ns:403:ns_host=  open.xf-yun.com  ]
[2016/12/15 15:23:17 760][Px1747][Tx77fff700][DBG] LMOD       luac_logge 178  [ns:662:GET /sip/resolver?srand=1215152311.32 HTTP/1.1
Host: hdns.openspeech.cn
Connection: Keep-Alive
X-Par: ver=1.2&appid=583467f7&operator=UNKNOW&nettype=STANDARD&cver=5.0.27.1135&svc=ath&host=open.xf-yun.com&sign=35d8de5920788f2239e6c003e0791a01
User-Agent: iFLYCloud

  ]
[2016/12/15 15:23:17 761][Px1747][Tx77fff700][INF] LMOD       luac_logge 172  [ns:663:net_type =  standard  ]
[2016/12/15 15:23:17 762][Px1747][Tx77fff700][INF] LMOD       luac_logge 172  [ns:664:cmwapascmnet =  ]
[2016/12/15 15:23:17 762][Px1747][Tx77fff700][INF] LMOD       luac_logge 172  [ns:665:uniwapasuninet =  ]
[2016/12/15 15:23:17 763][Px1747][Tx77fff700][INF] LMOD       luac_logge 172  [ns:666:ctwapasctnet =  ]
[2016/12/15 15:23:17 763][Px1747][Tx77fff700][INF] LMOD       luac_logge 172  [ns:676:host=  hdns.openspeech.cn  ]
[2016/12/15 15:23:17 763][Px1747][Tx77fff700][TRC] MSPADNS    MSPAsyncDn 268  MSPAsyncDns_Start() [in]
[2016/12/15 15:23:17 763][Px1747][Tx7d46f700][DBG] MSPADNS    MSPAsyncDn 184  gethostbyname(hdns.openspeech.cn) start [id=1816141960]
[2016/12/15 15:23:17 764][Px1747][Tx7d46f700][ERR] MSPADNS    MSPAsyncDn 211  gethostbyname(hdns.openspeech.cn) failed: Temporary failure in name resolution [id=1816141960]
[2016/12/15 15:23:17 765][Px1747][Tx7d46f700][DBG] MSPTHREAD  MSPThreadP 733  POST l_engine_2:10:1:1
[2016/12/15 15:23:17 765][Px1747][Tx77fff700][TRC] MSPADNS    MSPAsyncDn 268  MSPAsyncDns_Start() [in]
[2016/12/15 15:23:17 765][Px1747][Tx7d46f700][DBG] MSPADNS    MSPAsyncDn 184  gethostbyname(open.xf-yun.com) start [id=1816197736]
[2016/12/15 15:23:17 766][Px1747][Tx7d46f700][ERR] MSPADNS    MSPAsyncDn 211  gethostbyname(open.xf-yun.com) failed: Temporary failure in name resolution [id=1816197736]
[2016/12/15 15:23:17 766][Px1747][Tx7d46f700][DBG] MSPTHREAD  MSPThreadP 733  POST l_engine_2:10:2:0
[2016/12/15 15:23:17 767][Px1747][Tx77fff700][DBG] LENGINE    leng_rpc.c 527  luacRPCFuncProto_Invoke() [out] ret = 0
[2016/12/15 15:23:17 767][Px1747][Tx77fff700][DBG] LENGINE    leng_main. 513  ENGINE_MSG_RPC_ASYNC
[2016/12/15 15:23:17 767][Px1747][Tx77fff700][DBG] LENGINE    leng_main. 521  [isr_local], stat = 1
[2016/12/15 15:23:17 767][Px1747][Tx77fff700][DBG] LENGINE    leng_rpc.c 413  luacRPCFuncProto_Invoke(54001a20,6426de80) [in]
[2016/12/15 15:23:17 768][Px1747][Tx77fff700][INF] LMOD       luac_logge 172  [ns:290:ns dns resp  10214  ]
[2016/12/15 15:23:17 768][Px1747][Tx77fff700][INF] LMOD       luac_logge 172  [ns:564:ns dns failed, err =   10214  ]
[2016/12/15 15:23:17 768][Px1747][Tx77fff700][INF] LMOD       luac_logge 172  [ns:174:ns gethttpresp  117.121.48.5  80  ]
[2016/12/15 15:23:17 769][Px1747][Tx77fff700][TRC] MSPSOCKET  MSPSocket. 269  MSPSocket_New(1, 1) [in]
[2016/12/15 15:23:17 769][Px1747][Tx77fff700][DBG] MSPSOCKET  MSPSocket. 326  socket(2,1,) ret=7, detail=101
[2016/12/15 15:23:17 769][Px1747][Tx77fff700][TRC] MSPSOCKET  MSPSocket. 411  MSPSocket_New() [out] 6c4194e0 0
[2016/12/15 15:23:17 770][Px1747][Tx77fff700][TRC] MSPSOCKET  MSPSocket. 501  MSPSocket_Connect(6c4194e0) [in]
[2016/12/15 15:23:17 770][Px1747][Tx77fff700][DBG] MSPSOCKET  MSPSocket. 515  connect(7,117.121.48.5,) ret=-1, hd=6c4194e0
[2016/12/15 15:23:17 770][Px1747][Tx77fff700][ERR] MSPSOCKET  MSPSocket. 530  connect() failed! 6c4194e0,7,-1,101
[2016/12/15 15:23:17 771][Px1747][Tx77fff700][DBG] MSPTHREAD  MSPThreadP 733  POST l_engine_2:10:2:0
[2016/12/15 15:23:17 771][Px1747][Tx77fff700][TRC] MSPSOCKET  MSPSocket. 565  MSPSocket_Connect() [out] 10202
[2016/12/15 15:23:17 771][Px1747][Tx77fff700][DBG] LENGINE    leng_rpc.c 527  luacRPCFuncProto_Invoke() [out] ret = 0
[2016/12/15 15:23:17 771][Px1747][Tx77fff700][DBG] LENGINE    leng_main. 513  ENGINE_MSG_RPC_ASYNC
[2016/12/15 15:23:17 771][Px1747][Tx77fff700][DBG] LENGINE    leng_main. 521  [isr_local], stat = 1
[2016/12/15 15:23:17 772][Px1747][Tx77fff700][DBG] LENGINE    leng_rpc.c 413  luacRPCFuncProto_Invoke(54002d10,6426de80) [in]
[2016/12/15 15:23:17 772][Px1747][Tx77fff700][ERR] LMOD       luac_logge 166  [transport:295:[dns] [0] failed! 10214  ]
[2016/12/15 15:23:17 772][Px1747][Tx77fff700][INF] LLOADER    lloader.c  327  load dkjson
[2016/12/15 15:23:17 773][Px1747][Tx77fff700][INF] LLOADER    lloader.c  339  a intalled entry
[2016/12/15 15:23:17 773][Px1747][Tx77fff700][INF] LLOADER    lloader.c  365  from rom
[2016/12/15 15:23:17 773][Px1747][Tx77fff700][PRF] LLOADER    lloader.c  397  load dkjson cost 1 (ms)
[2016/12/15 15:23:17 774][Px1747][Tx77fff700][DBG] LMOD       luac_logge 178  [network:83:ipfromenv ,  ipcache  open.xf-yun.com  def  nil  ]
[2016/12/15 15:23:17 775][Px1747][Tx77fff700][INF] LLOADER    lloader.c  327  load dkjson
[2016/12/15 15:23:17 775][Px1747][Tx77fff700][INF] LLOADER    lloader.c  339  a intalled entry
[2016/12/15 15:23:17 775][Px1747][Tx77fff700][INF] LLOADER    lloader.c  365  from rom
[2016/12/15 15:23:17 776][Px1747][Tx77fff700][PRF] LLOADER    lloader.c  397  load dkjson cost 1 (ms)
[2016/12/15 15:23:17 776][Px1747][Tx77fff700][DBG] LMOD       luac_logge 178  [network:83:ipfromenv ,  ipcfg  open.xf-yun.com  def  nil  ]
[2016/12/15 15:23:17 777][Px1747][Tx77fff700][TRC] LMOD       luac_logge 170  [transport:1166:[soc] connect   116.213.69.195  80  ]
[2016/12/15 15:23:17 777][Px1747][Tx77fff700][TRC] MSPSOCKET  MSPSocket. 1593 MSPSocketTCPConnPool_Query(116.213.69.195, 80) [in]
[2016/12/15 15:23:17 777][Px1747][Tx77fff700][TRC] MSPSOCKET  MSPSocket. 1618 MSPSocketTCPConnPool_Query() [out] ret=0
[2016/12/15 15:23:17 778][Px1747][Tx77fff700][INF] LMOD       luac_logge 172  [transport:1183:mspsoc.open,prot_type=  tcp  ]
[2016/12/15 15:23:17 778][Px1747][Tx77fff700][TRC] MSPSOCKET  MSPSocket. 269  MSPSocket_New(1, 1) [in]
[2016/12/15 15:23:17 778][Px1747][Tx77fff700][DBG] MSPSOCKET  MSPSocket. 326  socket(2,1,) ret=8, detail=101
[2016/12/15 15:23:17 778][Px1747][Tx77fff700][TRC] MSPSOCKET  MSPSocket. 411  MSPSocket_New() [out] 6c419a40 0
[2016/12/15 15:23:17 779][Px1747][Tx77fff700][TRC] MSPSOCKET  MSPSocket. 501  MSPSocket_Connect(6c419a40) [in]
[2016/12/15 15:23:17 779][Px1747][Tx77fff700][DBG] MSPSOCKET  MSPSocket. 515  connect(8,116.213.69.195,) ret=-1, hd=6c419a40
[2016/12/15 15:23:17 779][Px1747][Tx77fff700][ERR] MSPSOCKET  MSPSocket. 530  connect() failed! 6c419a40,8,-1,101
[2016/12/15 15:23:17 779][Px1747][Tx77fff700][DBG] MSPTHREAD  MSPThreadP 733  POST l_engine_2:10:2:0
[2016/12/15 15:23:17 779][Px1747][Tx77fff700][TRC] MSPSOCKET  MSPSocket. 565  MSPSocket_Connect() [out] 10202
[2016/12/15 15:23:17 780][Px1747][Tx77fff700][DBG] LENGINE    leng_rpc.c 527  luacRPCFuncProto_Invoke() [out] ret = 0
[2016/12/15 15:23:17 780][Px1747][Tx77fff700][DBG] LENGINE    leng_main. 513  ENGINE_MSG_RPC_ASYNC
[2016/12/15 15:23:17 781][Px1747][Tx77fff700][DBG] LENGINE    leng_main. 521  [isr_local], stat = 1
[2016/12/15 15:23:17 781][Px1747][Tx77fff700][DBG] LENGINE    leng_rpc.c 413  luacRPCFuncProto_Invoke(6c416a10,6426de80) [in]
[2016/12/15 15:23:17 782][Px1747][Tx77fff700][INF] LMOD       luac_logge 172  [ns:244:ns soc error  10202  ]
[2016/12/15 15:23:17 782][Px1747][Tx77fff700][TRC] MSPSOCKET  MSPSocket. 1014 MSPSocket_Close(6c4194e0) [in]
[2016/12/15 15:23:17 782][Px1747][Tx77fff700][DBG] MSPSOCKET  MSPSocket. 1034 close(7), 6c4194e0
[2016/12/15 15:23:17 783][Px1747][Tx77fff700][TRC] MSPSOCKET  MSPSocket. 1068 MSPSocket_Close() [out] 0
[2016/12/15 15:23:17 784][Px1747][Tx77fff700][INF] LMOD       luac_logge 172  [ns:407:name server http resp  nil  10202  nil  ]
[2016/12/15 15:23:17 785][Px1747][Tx77fff700][INF] LMOD       luac_logge 172  [ns:551:ns response failed, err =  10202  ]
[2016/12/15 15:23:17 785][Px1747][Tx77fff700][INF] LMOD       luac_logge 172  [ns:111:ns_host=  open.xf-yun.com  ]
[2016/12/15 15:23:17 785][Px1747][Tx77fff700][INF] LMOD       luac_logge 172  [ns:113:use default ip  ]
[2016/12/15 15:23:17 786][Px1747][Tx77fff700][INF] LMOD       luac_logge 172  [transport:974:ns_ip =   116.213.69.195  ]
[2016/12/15 15:23:17 786][Px1747][Tx77fff700][INF] LMOD       luac_logge 172  [transport:975:ip_type =  def_athopen.xf-yun.com  ]
[2016/12/15 15:23:17 786][Px1747][Tx77fff700][INF] LMOD       luac_logge 172  [ns:756:no data in ns_q  ]
[2016/12/15 15:23:17 787][Px1747][Tx77fff700][INF] LMOD       luac_logge 172  [ns:757:conti_ns,ns_inprog =   1  ]
[2016/12/15 15:23:17 787][Px1747][Tx77fff700][DBG] LENGINE    leng_rpc.c 527  luacRPCFuncProto_Invoke() [out] ret = 0
[2016/12/15 15:23:17 787][Px1747][Tx77fff700][DBG] LENGINE    leng_main. 513  ENGINE_MSG_RPC_ASYNC
[2016/12/15 15:23:17 787][Px1747][Tx77fff700][DBG] LENGINE    leng_main. 521  [isr_local], stat = 1
[2016/12/15 15:23:17 788][Px1747][Tx77fff700][DBG] LENGINE    leng_rpc.c 413  luacRPCFuncProto_Invoke(6c40cbf0,6426de80) [in]
[2016/12/15 15:23:17 788][Px1747][Tx77fff700][ERR] LMOD       luac_logge 166  [transport:545:MSC:[soc] [0] error 10202 101!  ]
[2016/12/15 15:23:17 788][Px1747][Tx77fff700][TRC] MSPSOCKET  MSPSocket. 1014 MSPSocket_Close(6c419a40) [in]
[2016/12/15 15:23:17 788][Px1747][Tx77fff700][DBG] MSPSOCKET  MSPSocket. 1034 close(8), 6c419a40
[2016/12/15 15:23:17 789][Px1747][Tx77fff700][TRC] MSPSOCKET  MSPSocket. 1068 MSPSocket_Close() [out] 0
[2016/12/15 15:23:17 789][Px1747][Tx77fff700][INF] LMOD       luac_logge 172  [transport:57:clear_ip ip_type =  def_athopen.xf-yun.com  ]
[2016/12/15 15:23:17 791][Px1747][Tx77fff700][WAR] LMOD       luac_logge 168  [transport:321:soc_conn_failed  ]
[2016/12/15 15:23:17 791][Px1747][Tx77fff700][DBG] LMOD       luac_logge 178  [network:88:iptoenv ,  ipcache  open.xf-yun.com  def  nil  ]
[2016/12/15 15:23:17 792][Px1747][Tx77fff700][INF] LLOADER    lloader.c  327  load dkjson
[2016/12/15 15:23:17 792][Px1747][Tx77fff700][INF] LLOADER    lloader.c  339  a intalled entry
[2016/12/15 15:23:17 792][Px1747][Tx77fff700][INF] LLOADER    lloader.c  365  from rom
[2016/12/15 15:23:17 792][Px1747][Tx77fff700][PRF] LLOADER    lloader.c  397  load dkjson cost 1 (ms)
[2016/12/15 15:23:17 793][Px1747][Tx77fff700][INF] LMOD       luac_logge 172  [transport:390:switch 80  ]
[2016/12/15 15:23:17 794][Px1747][Tx77fff700][TRC] LENGINE    leng_shell 109  lEngine_Start(6c0639d8,6c0639d8,0,) [in]
[2016/12/15 15:23:17 794][Px1747][Tx77fff700][TRC] LENGINE    leng_shell 351  lEngine_PostMessage(6c3fc3c0,1,2,) [in]
[2016/12/15 15:23:17 794][Px1747][Tx77fff700][DBG] MSPTHREAD  MSPThreadP 733  POST l_engine_1:10:1:1
[2016/12/15 15:23:17 795][Px1747][Tx7cc6e700][DBG] LENGINE    leng_main. 513  ENGINE_MSG_RPC_ASYNC
[2016/12/15 15:23:17 795][Px1747][Tx7cc6e700][DBG] LENGINE    leng_main. 521  [waiter], stat = 1
[2016/12/15 15:23:17 795][Px1747][Tx7cc6e700][DBG] LENGINE    leng_rpc.c 413  luacRPCFuncProto_Invoke(6c032830,6c3fc3c0) [in]
[2016/12/15 15:23:17 795][Px1747][Tx77fff700][TRC] LENGINE    leng_shell 374  lEngine_PostMessage() [out] 0
[2016/12/15 15:23:17 795][Px1747][Tx7cc6e700][INF] LMOD       luac_logge 172  [network:380:redns  def  open.xf-yun.com  ]
[2016/12/15 15:23:17 796][Px1747][Tx7cc6e700][TRC] MSPADNS    MSPAsyncDn 268  MSPAsyncDns_Start() [in]
[2016/12/15 15:23:17 797][Px1747][Tx7d46f700][DBG] MSPADNS    MSPAsyncDn 184  gethostbyname(open.xf-yun.com) start [id=1880348008]
[2016/12/15 15:23:17 798][Px1747][Tx7d46f700][ERR] MSPADNS    MSPAsyncDn 211  gethostbyname(open.xf-yun.com) failed: Temporary failure in name resolution [id=1880348008]
[2016/12/15 15:23:17 799][Px1747][Tx7d46f700][DBG] MSPTHREAD  MSPThreadP 733  POST l_engine_1:10:1:0
[2016/12/15 15:23:17 799][Px1747][Tx77fff700][TRC] LMOD       luac_logge 170  [transport:1198:[soc] disconnect   ]
[2016/12/15 15:23:17 800][Px1747][Tx7cc6e700][INF] LMOD       luac_logge 172  [waiter:196:last gc at  1481844193  ]
[2016/12/15 15:23:17 800][Px1747][Tx7cc6e700][DBG] LENGINE    leng_rpc.c 527  luacRPCFuncProto_Invoke() [out] ret = 0
[2016/12/15 15:23:17 800][Px1747][Tx7cc6e700][DBG] LENGINE    leng_main. 513  ENGINE_MSG_RPC_ASYNC
[2016/12/15 15:23:17 800][Px1747][Tx7cc6e700][DBG] LENGINE    leng_main. 521  [waiter], stat = 1
[2016/12/15 15:23:17 801][Px1747][Tx7cc6e700][DBG] LENGINE    leng_rpc.c 413  luacRPCFuncProto_Invoke(54001a20,6c3fc3c0) [in]
[2016/12/15 15:23:17 801][Px1747][Tx77fff700][DBG] LENGINE    leng_rpc.c 527  luacRPCFuncProto_Invoke() [out] ret = 0
[2016/12/15 15:23:17 802][Px1747][Tx7cc6e700][INF] LMOD       luac_logge 172  [network:173:dns resp  10214  ]
[2016/12/15 15:23:17 803][Px1747][Tx7cc6e700][INF] LMOD       luac_logge 172  [network:397:redns dns resp  nil  10214  nil  nil  ]
[2016/12/15 15:23:17 803][Px1747][Tx7cc6e700][DBG] LENGINE    leng_rpc.c 527  luacRPCFuncProto_Invoke() [out] ret = 0
[2016/12/15 15:23:18 000][Px1747][Tx77fff700][DBG] LENGINE    leng_rpc.c 413  luacRPCFuncProto_Invoke(6c3f2a90,6426de80) [in]
[2016/12/15 15:23:18 000][Px1747][Tx77fff700][INF] LMOD       luac_logge 172  [transport:959:session.domain=  open.xf-yun.com  ]
[2016/12/15 15:23:18 001][Px1747][Tx77fff700][INF] LMOD       luac_logge 172  [transport:960:url.host=  open.xf-yun.com  ]
[2016/12/15 15:23:18 001][Px1747][Tx77fff700][INF] LLOADER    lloader.c  327  load dkjson
[2016/12/15 15:23:18 001][Px1747][Tx77fff700][INF] LLOADER    lloader.c  339  a intalled entry
[2016/12/15 15:23:18 001][Px1747][Tx77fff700][INF] LLOADER    lloader.c  365  from rom
[2016/12/15 15:23:18 002][Px1747][Tx77fff700][PRF] LLOADER    lloader.c  397  load dkjson cost 0 (ms)
[2016/12/15 15:23:18 002][Px1747][Tx77fff700][DBG] LMOD       luac_logge 178  [network:83:ipfromenv ,  ipcache  open.xf-yun.com  def  nil  ]
[2016/12/15 15:23:18 003][Px1747][Tx77fff700][TRC] LMOD       luac_logge 170  [transport:994:NAMESERVER START  ]
[2016/12/15 15:23:18 003][Px1747][Tx77fff700][INF] LMOD       luac_logge 172  [transport:997:name =   ath  ]
[2016/12/15 15:23:18 003][Px1747][Tx77fff700][INF] LMOD       luac_logge 172  [ns:727:ntt=  standard  ]
[2016/12/15 15:23:18 004][Px1747][Tx77fff700][INF] LMOD       luac_logge 172  [transport:1000:trans,ns_inprog =  0  ]
[2016/12/15 15:23:18 004][Px1747][Tx77fff700][TRC] LMOD       luac_logge 170  [ns:682:name server start  ]
[2016/12/15 15:23:18 005][Px1747][Tx77fff700][INF] LMOD       luac_logge 172  [ns:683:ns_sub =   ath  ]
[2016/12/15 15:23:18 005][Px1747][Tx77fff700][INF] LMOD       luac_logge 172  [ns:685:ns_host=  open.xf-yun.com  ]
[2016/12/15 15:23:18 005][Px1747][Tx77fff700][INF] LMOD       luac_logge 172  [ns:403:ns_host=  open.xf-yun.com  ]
[2016/12/15 15:23:18 006][Px1747][Tx77fff700][DBG] LMOD       luac_logge 178  [ns:662:GET /sip/resolver?srand=1215152311.32 HTTP/1.1
Host: hdns.openspeech.cn
Connection: Keep-Alive
X-Par: ver=1.2&appid=583467f7&operator=UNKNOW&nettype=STANDARD&cver=5.0.27.1135&svc=ath&host=open.xf-yun.com&sign=35d8de5920788f2239e6c003e0791a01
User-Agent: iFLYCloud

  ]
[2016/12/15 15:23:18 006][Px1747][Tx77fff700][INF] LMOD       luac_logge 172  [ns:663:net_type =  standard  ]
[2016/12/15 15:23:18 007][Px1747][Tx77fff700][INF] LMOD       luac_logge 172  [ns:664:cmwapascmnet =  ]
[2016/12/15 15:23:18 007][Px1747][Tx77fff700][INF] LMOD       luac_logge 172  [ns:665:uniwapasuninet =  ]
[2016/12/15 15:23:18 007][Px1747][Tx77fff700][INF] LMOD       luac_logge 172  [ns:666:ctwapasctnet =  ]
[2016/12/15 15:23:18 008][Px1747][Tx77fff700][INF] LMOD       luac_logge 172  [ns:676:host=  hdns.openspeech.cn  ]
[2016/12/15 15:23:18 008][Px1747][Tx77fff700][TRC] MSPADNS    MSPAsyncDn 268  MSPAsyncDns_Start() [in]
[2016/12/15 15:23:18 008][Px1747][Tx7d46f700][DBG] MSPADNS    MSPAsyncDn 184  gethostbyname(hdns.openspeech.cn) start [id=1816141960]
[2016/12/15 15:23:18 009][Px1747][Tx7d46f700][ERR] MSPADNS    MSPAsyncDn 211  gethostbyname(hdns.openspeech.cn) failed: Temporary failure in name resolution [id=1816141960]
[2016/12/15 15:23:18 009][Px1747][Tx7d46f700][DBG] MSPTHREAD  MSPThreadP 733  POST l_engine_2:10:1:1
[2016/12/15 15:23:18 009][Px1747][Tx77fff700][TRC] MSPADNS    MSPAsyncDn 268  MSPAsyncDns_Start() [in]
[2016/12/15 15:23:18 009][Px1747][Tx7d46f700][DBG] MSPADNS    MSPAsyncDn 184  gethostbyname(open.xf-yun.com) start [id=1816197736]
[2016/12/15 15:23:18 010][Px1747][Tx7d46f700][ERR] MSPADNS    MSPAsyncDn 211  gethostbyname(open.xf-yun.com) failed: Temporary failure in name resolution [id=1816197736]
[2016/12/15 15:23:18 010][Px1747][Tx7d46f700][DBG] MSPTHREAD  MSPThreadP 733  POST l_engine_2:10:2:0
[2016/12/15 15:23:18 010][Px1747][Tx77fff700][DBG] LENGINE    leng_rpc.c 527  luacRPCFuncProto_Invoke() [out] ret = 0
[2016/12/15 15:23:18 010][Px1747][Tx77fff700][DBG] LENGINE    leng_main. 513  ENGINE_MSG_RPC_ASYNC
[2016/12/15 15:23:18 011][Px1747][Tx77fff700][DBG] LENGINE    leng_main. 521  [isr_local], stat = 1
[2016/12/15 15:23:18 011][Px1747][Tx77fff700][DBG] LENGINE    leng_rpc.c 413  luacRPCFuncProto_Invoke(54001a20,6426de80) [in]
[2016/12/15 15:23:18 011][Px1747][Tx77fff700][INF] LMOD       luac_logge 172  [ns:290:ns dns resp  10214  ]
[2016/12/15 15:23:18 011][Px1747][Tx77fff700][INF] LMOD       luac_logge 172  [ns:564:ns dns failed, err =   10214  ]
[2016/12/15 15:23:18 012][Px1747][Tx77fff700][INF] LMOD       luac_logge 172  [ns:174:ns gethttpresp  117.121.48.5  80  ]
[2016/12/15 15:23:18 012][Px1747][Tx77fff700][TRC] MSPSOCKET  MSPSocket. 269  MSPSocket_New(1, 1) [in]
[2016/12/15 15:23:18 012][Px1747][Tx77fff700][DBG] MSPSOCKET  MSPSocket. 326  socket(2,1,) ret=7, detail=101
[2016/12/15 15:23:18 012][Px1747][Tx77fff700][TRC] MSPSOCKET  MSPSocket. 411  MSPSocket_New() [out] 6c41bd80 0
[2016/12/15 15:23:18 012][Px1747][Tx77fff700][TRC] MSPSOCKET  MSPSocket. 501  MSPSocket_Connect(6c41bd80) [in]
[2016/12/15 15:23:18 013][Px1747][Tx77fff700][DBG] MSPSOCKET  MSPSocket. 515  connect(7,117.121.48.5,) ret=-1, hd=6c41bd80
[2016/12/15 15:23:18 013][Px1747][Tx77fff700][ERR] MSPSOCKET  MSPSocket. 530  connect() failed! 6c41bd80,7,-1,101
[2016/12/15 15:23:18 013][Px1747][Tx77fff700][DBG] MSPTHREAD  MSPThreadP 733  POST l_engine_2:10:2:0
[2016/12/15 15:23:18 013][Px1747][Tx77fff700][TRC] MSPSOCKET  MSPSocket. 565  MSPSocket_Connect() [out] 10202
[2016/12/15 15:23:18 013][Px1747][Tx77fff700][DBG] LENGINE    leng_rpc.c 527  luacRPCFuncProto_Invoke() [out] ret = 0
[2016/12/15 15:23:18 014][Px1747][Tx77fff700][DBG] LENGINE    leng_main. 513  ENGINE_MSG_RPC_ASYNC
[2016/12/15 15:23:18 014][Px1747][Tx77fff700][DBG] LENGINE    leng_main. 521  [isr_local], stat = 1
[2016/12/15 15:23:18 014][Px1747][Tx77fff700][DBG] LENGINE    leng_rpc.c 413  luacRPCFuncProto_Invoke(54002d10,6426de80) [in]
[2016/12/15 15:23:18 015][Px1747][Tx77fff700][ERR] LMOD       luac_logge 166  [transport:295:[dns] [0] failed! 10214  ]
[2016/12/15 15:23:18 015][Px1747][Tx77fff700][INF] LLOADER    lloader.c  327  load dkjson
[2016/12/15 15:23:18 015][Px1747][Tx77fff700][INF] LLOADER    lloader.c  339  a intalled entry
[2016/12/15 15:23:18 016][Px1747][Tx77fff700][INF] LLOADER    lloader.c  365  from rom
[2016/12/15 15:23:18 016][Px1747][Tx77fff700][PRF] LLOADER    lloader.c  397  load dkjson cost 0 (ms)
[2016/12/15 15:23:18 016][Px1747][Tx77fff700][DBG] LMOD       luac_logge 178  [network:83:ipfromenv ,  ipcache  open.xf-yun.com  def  nil  ]
[2016/12/15 15:23:18 017][Px1747][Tx77fff700][INF] LLOADER    lloader.c  327  load dkjson
[2016/12/15 15:23:18 017][Px1747][Tx77fff700][INF] LLOADER    lloader.c  339  a intalled entry
[2016/12/15 15:23:18 017][Px1747][Tx77fff700][INF] LLOADER    lloader.c  365  from rom
[2016/12/15 15:23:18 017][Px1747][Tx77fff700][PRF] LLOADER    lloader.c  397  load dkjson cost 1 (ms)
[2016/12/15 15:23:18 018][Px1747][Tx77fff700][DBG] LMOD       luac_logge 178  [network:83:ipfromenv ,  ipcfg  open.xf-yun.com  def  nil  ]
[2016/12/15 15:23:18 019][Px1747][Tx77fff700][TRC] LMOD       luac_logge 170  [transport:1166:[soc] connect   116.213.69.195  80  ]
[2016/12/15 15:23:18 019][Px1747][Tx77fff700][TRC] MSPSOCKET  MSPSocket. 1593 MSPSocketTCPConnPool_Query(116.213.69.195, 80) [in]
[2016/12/15 15:23:18 019][Px1747][Tx77fff700][TRC] MSPSOCKET  MSPSocket. 1618 MSPSocketTCPConnPool_Query() [out] ret=0
[2016/12/15 15:23:18 020][Px1747][Tx77fff700][INF] LMOD       luac_logge 172  [transport:1183:mspsoc.open,prot_type=  tcp  ]
[2016/12/15 15:23:18 020][Px1747][Tx77fff700][TRC] MSPSOCKET  MSPSocket. 269  MSPSocket_New(1, 1) [in]
[2016/12/15 15:23:18 021][Px1747][Tx77fff700][DBG] MSPSOCKET  MSPSocket. 326  socket(2,1,) ret=8, detail=101
[2016/12/15 15:23:18 021][Px1747][Tx77fff700][TRC] MSPSOCKET  MSPSocket. 411  MSPSocket_New() [out] 6c40f2d0 0
[2016/12/15 15:23:18 021][Px1747][Tx77fff700][TRC] MSPSOCKET  MSPSocket. 501  MSPSocket_Connect(6c40f2d0) [in]
[2016/12/15 15:23:18 022][Px1747][Tx77fff700][DBG] MSPSOCKET  MSPSocket. 515  connect(8,116.213.69.195,) ret=-1, hd=6c40f2d0
[2016/12/15 15:23:18 022][Px1747][Tx77fff700][ERR] MSPSOCKET  MSPSocket. 530  connect() failed! 6c40f2d0,8,-1,101
[2016/12/15 15:23:18 023][Px1747][Tx77fff700][DBG] MSPTHREAD  MSPThreadP 733  POST l_engine_2:10:2:0
[2016/12/15 15:23:18 023][Px1747][Tx77fff700][TRC] MSPSOCKET  MSPSocket. 565  MSPSocket_Connect() [out] 10202
[2016/12/15 15:23:18 023][Px1747][Tx77fff700][DBG] LENGINE    leng_rpc.c 527  luacRPCFuncProto_Invoke() [out] ret = 0
[2016/12/15 15:23:18 023][Px1747][Tx77fff700][DBG] LENGINE    leng_main. 513  ENGINE_MSG_RPC_ASYNC
[2016/12/15 15:23:18 023][Px1747][Tx77fff700][DBG] LENGINE    leng_main. 521  [isr_local], stat = 1
[2016/12/15 15:23:18 024][Px1747][Tx77fff700][DBG] LENGINE    leng_rpc.c 413  luacRPCFuncProto_Invoke(6c416a10,6426de80) [in]
[2016/12/15 15:23:18 024][Px1747][Tx77fff700][INF] LMOD       luac_logge 172  [ns:244:ns soc error  10202  ]
[2016/12/15 15:23:18 024][Px1747][Tx77fff700][TRC] MSPSOCKET  MSPSocket. 1014 MSPSocket_Close(6c41bd80) [in]
[2016/12/15 15:23:18 025][Px1747][Tx77fff700][DBG] MSPSOCKET  MSPSocket. 1034 close(7), 6c41bd80
[2016/12/15 15:23:18 025][Px1747][Tx77fff700][TRC] MSPSOCKET  MSPSocket. 1068 MSPSocket_Close() [out] 0
[2016/12/15 15:23:18 026][Px1747][Tx77fff700][INF] LMOD       luac_logge 172  [ns:407:name server http resp  nil  10202  nil  ]
[2016/12/15 15:23:18 027][Px1747][Tx77fff700][INF] LMOD       luac_logge 172  [ns:551:ns response failed, err =  10202  ]
[2016/12/15 15:23:18 027][Px1747][Tx77fff700][INF] LMOD       luac_logge 172  [ns:111:ns_host=  open.xf-yun.com  ]
[2016/12/15 15:23:18 027][Px1747][Tx77fff700][INF] LMOD       luac_logge 172  [ns:113:use default ip  ]
[2016/12/15 15:23:18 028][Px1747][Tx77fff700][INF] LMOD       luac_logge 172  [transport:974:ns_ip =   116.213.69.195  ]
[2016/12/15 15:23:18 028][Px1747][Tx77fff700][INF] LMOD       luac_logge 172  [transport:975:ip_type =  def_athopen.xf-yun.com  ]
[2016/12/15 15:23:18 029][Px1747][Tx77fff700][INF] LMOD       luac_logge 172  [ns:756:no data in ns_q  ]
[2016/12/15 15:23:18 029][Px1747][Tx77fff700][INF] LMOD       luac_logge 172  [ns:757:conti_ns,ns_inprog =   1  ]
[2016/12/15 15:23:18 029][Px1747][Tx77fff700][DBG] LENGINE    leng_rpc.c 527  luacRPCFuncProto_Invoke() [out] ret = 0
[2016/12/15 15:23:18 029][Px1747][Tx77fff700][DBG] LENGINE    leng_main. 513  ENGINE_MSG_RPC_ASYNC
[2016/12/15 15:23:18 029][Px1747][Tx77fff700][DBG] LENGINE    leng_main. 521  [isr_local], stat = 1
[2016/12/15 15:23:18 030][Px1747][Tx77fff700][DBG] LENGINE    leng_rpc.c 413  luacRPCFuncProto_Invoke(6c402060,6426de80) [in]
[2016/12/15 15:23:18 030][Px1747][Tx77fff700][ERR] LMOD       luac_logge 166  [transport:545:MSC:[soc] [0] error 10202 101!  ]
[2016/12/15 15:23:18 030][Px1747][Tx77fff700][TRC] MSPSOCKET  MSPSocket. 1014 MSPSocket_Close(6c40f2d0) [in]
[2016/12/15 15:23:18 030][Px1747][Tx77fff700][DBG] MSPSOCKET  MSPSocket. 1034 close(8), 6c40f2d0
[2016/12/15 15:23:18 031][Px1747][Tx77fff700][TRC] MSPSOCKET  MSPSocket. 1068 MSPSocket_Close() [out] 0
[2016/12/15 15:23:18 031][Px1747][Tx77fff700][INF] LMOD       luac_logge 172  [transport:57:clear_ip ip_type =  def_athopen.xf-yun.com  ]
[2016/12/15 15:23:18 031][Px1747][Tx77fff700][WAR] LMOD       luac_logge 168  [transport:321:soc_conn_failed  ]
[2016/12/15 15:23:18 032][Px1747][Tx77fff700][DBG] LMOD       luac_logge 178  [network:88:iptoenv ,  ipcache  open.xf-yun.com  def  nil  ]
[2016/12/15 15:23:18 032][Px1747][Tx77fff700][INF] LLOADER    lloader.c  327  load dkjson
[2016/12/15 15:23:18 032][Px1747][Tx77fff700][INF] LLOADER    lloader.c  339  a intalled entry
[2016/12/15 15:23:18 032][Px1747][Tx77fff700][INF] LLOADER    lloader.c  365  from rom
[2016/12/15 15:23:18 033][Px1747][Tx77fff700][PRF] LLOADER    lloader.c  397  load dkjson cost 0 (ms)
[2016/12/15 15:23:18 033][Px1747][Tx77fff700][INF] LMOD       luac_logge 172  [transport:390:switch 80  ]
[2016/12/15 15:23:18 034][Px1747][Tx77fff700][TRC] LENGINE    leng_shell 109  lEngine_Start(6c0639d8,6c0639d8,0,) [in]
[2016/12/15 15:23:18 035][Px1747][Tx77fff700][TRC] LENGINE    leng_shell 351  lEngine_PostMessage(6c3fc3c0,1,2,) [in]
[2016/12/15 15:23:18 035][Px1747][Tx77fff700][DBG] MSPTHREAD  MSPThreadP 733  POST l_engine_1:10:1:1
[2016/12/15 15:23:18 035][Px1747][Tx7cc6e700][DBG] LENGINE    leng_main. 513  ENGINE_MSG_RPC_ASYNC
[2016/12/15 15:23:18 035][Px1747][Tx7cc6e700][DBG] LENGINE    leng_main. 521  [waiter], stat = 1
[2016/12/15 15:23:18 036][Px1747][Tx7cc6e700][DBG] LENGINE    leng_rpc.c 413  luacRPCFuncProto_Invoke(6c032830,6c3fc3c0) [in]
[2016/12/15 15:23:18 036][Px1747][Tx77fff700][TRC] LENGINE    leng_shell 374  lEngine_PostMessage() [out] 0
[2016/12/15 15:23:18 036][Px1747][Tx7cc6e700][INF] LMOD       luac_logge 172  [network:380:redns  def  open.xf-yun.com  ]
[2016/12/15 15:23:18 037][Px1747][Tx7cc6e700][TRC] MSPADNS    MSPAsyncDn 268  MSPAsyncDns_Start() [in]
[2016/12/15 15:23:18 037][Px1747][Tx7d46f700][DBG] MSPADNS    MSPAsyncDn 184  gethostbyname(open.xf-yun.com) start [id=1880349784]
[2016/12/15 15:23:18 038][Px1747][Tx7d46f700][ERR] MSPADNS    MSPAsyncDn 211  gethostbyname(open.xf-yun.com) failed: Temporary failure in name resolution [id=1880349784]
[2016/12/15 15:23:18 038][Px1747][Tx7d46f700][DBG] MSPTHREAD  MSPThreadP 733  POST l_engine_1:10:1:0
[2016/12/15 15:23:18 038][Px1747][Tx77fff700][TRC] LMOD       luac_logge 170  [transport:1198:[soc] disconnect   ]
[2016/12/15 15:23:18 039][Px1747][Tx7cc6e700][INF] LMOD       luac_logge 172  [waiter:196:last gc at  1481844193  ]
[2016/12/15 15:23:18 039][Px1747][Tx7cc6e700][DBG] LENGINE    leng_rpc.c 527  luacRPCFuncProto_Invoke() [out] ret = 0
[2016/12/15 15:23:18 039][Px1747][Tx7cc6e700][DBG] LENGINE    leng_main. 513  ENGINE_MSG_RPC_ASYNC
[2016/12/15 15:23:18 039][Px1747][Tx7cc6e700][DBG] LENGINE    leng_main. 521  [waiter], stat = 1
[2016/12/15 15:23:18 039][Px1747][Tx7cc6e700][DBG] LENGINE    leng_rpc.c 413  luacRPCFuncProto_Invoke(54001a20,6c3fc3c0) [in]
[2016/12/15 15:23:18 040][Px1747][Tx77fff700][DBG] LENGINE    leng_rpc.c 527  luacRPCFuncProto_Invoke() [out] ret = 0
[2016/12/15 15:23:18 040][Px1747][Tx7cc6e700][INF] LMOD       luac_logge 172  [network:173:dns resp  10214  ]
[2016/12/15 15:23:18 040][Px1747][Tx7cc6e700][INF] LMOD       luac_logge 172  [network:397:redns dns resp  nil  10214  nil  nil  ]
[2016/12/15 15:23:18 041][Px1747][Tx7cc6e700][DBG] LENGINE    leng_rpc.c 527  luacRPCFuncProto_Invoke() [out] ret = 0
[2016/12/15 15:23:18 238][Px1747][Tx77fff700][DBG] LENGINE    leng_rpc.c 413  luacRPCFuncProto_Invoke(6c40cbf0,6426de80) [in]
[2016/12/15 15:23:18 239][Px1747][Tx77fff700][INF] LMOD       luac_logge 172  [transport:959:session.domain=  open.xf-yun.com  ]
[2016/12/15 15:23:18 239][Px1747][Tx77fff700][INF] LMOD       luac_logge 172  [transport:960:url.host=  open.xf-yun.com  ]
[2016/12/15 15:23:18 240][Px1747][Tx77fff700][INF] LLOADER    lloader.c  327  load dkjson
[2016/12/15 15:23:18 240][Px1747][Tx77fff700][INF] LLOADER    lloader.c  339  a intalled entry
[2016/12/15 15:23:18 240][Px1747][Tx77fff700][INF] LLOADER    lloader.c  365  from rom
[2016/12/15 15:23:18 241][Px1747][Tx77fff700][PRF] LLOADER    lloader.c  397  load dkjson cost 1 (ms)
[2016/12/15 15:23:18 241][Px1747][Tx77fff700][DBG] LMOD       luac_logge 178  [network:83:ipfromenv ,  ipcache  open.xf-yun.com  def  nil  ]
[2016/12/15 15:23:18 242][Px1747][Tx77fff700][TRC] LMOD       luac_logge 170  [transport:994:NAMESERVER START  ]
[2016/12/15 15:23:18 243][Px1747][Tx77fff700][INF] LMOD       luac_logge 172  [transport:997:name =   ath  ]
[2016/12/15 15:23:18 244][Px1747][Tx77fff700][INF] LMOD       luac_logge 172  [ns:727:ntt=  standard  ]
[2016/12/15 15:23:18 244][Px1747][Tx77fff700][INF] LMOD       luac_logge 172  [transport:1000:trans,ns_inprog =  0  ]
[2016/12/15 15:23:18 245][Px1747][Tx77fff700][TRC] LMOD       luac_logge 170  [ns:682:name server start  ]
[2016/12/15 15:23:18 245][Px1747][Tx77fff700][INF] LMOD       luac_logge 172  [ns:683:ns_sub =   ath  ]
[2016/12/15 15:23:18 246][Px1747][Tx77fff700][INF] LMOD       luac_logge 172  [ns:685:ns_host=  open.xf-yun.com  ]
[2016/12/15 15:23:18 246][Px1747][Tx77fff700][INF] LMOD       luac_logge 172  [ns:403:ns_host=  open.xf-yun.com  ]
[2016/12/15 15:23:18 247][Px1747][Tx77fff700][DBG] LMOD       luac_logge 178  [ns:662:GET /sip/resolver?srand=1215152311.32 HTTP/1.1
Host: hdns.openspeech.cn
Connection: Keep-Alive
X-Par: ver=1.2&appid=583467f7&operator=UNKNOW&nettype=STANDARD&cver=5.0.27.1135&svc=ath&host=open.xf-yun.com&sign=35d8de5920788f2239e6c003e0791a01
User-Agent: iFLYCloud

  ]
[2016/12/15 15:23:18 247][Px1747][Tx77fff700][INF] LMOD       luac_logge 172  [ns:663:net_type =  standard  ]
[2016/12/15 15:23:18 248][Px1747][Tx77fff700][INF] LMOD       luac_logge 172  [ns:664:cmwapascmnet =  ]
[2016/12/15 15:23:18 248][Px1747][Tx77fff700][INF] LMOD       luac_logge 172  [ns:665:uniwapasuninet =  ]
[2016/12/15 15:23:18 248][Px1747][Tx77fff700][INF] LMOD       luac_logge 172  [ns:666:ctwapasctnet =  ]
[2016/12/15 15:23:18 249][Px1747][Tx77fff700][INF] LMOD       luac_logge 172  [ns:676:host=  hdns.openspeech.cn  ]
[2016/12/15 15:23:18 249][Px1747][Tx77fff700][TRC] MSPADNS    MSPAsyncDn 268  MSPAsyncDns_Start() [in]
[2016/12/15 15:23:18 249][Px1747][Tx7d46f700][DBG] MSPADNS    MSPAsyncDn 184  gethostbyname(hdns.openspeech.cn) start [id=1816247720]
[2016/12/15 15:23:18 250][Px1747][Tx7d46f700][ERR] MSPADNS    MSPAsyncDn 211  gethostbyname(hdns.openspeech.cn) failed: Temporary failure in name resolution [id=1816247720]
[2016/12/15 15:23:18 250][Px1747][Tx7d46f700][DBG] MSPTHREAD  MSPThreadP 733  POST l_engine_2:10:1:1
[2016/12/15 15:23:18 250][Px1747][Tx77fff700][TRC] MSPADNS    MSPAsyncDn 268  MSPAsyncDns_Start() [in]
[2016/12/15 15:23:18 251][Px1747][Tx7d46f700][DBG] MSPADNS    MSPAsyncDn 184  gethostbyname(open.xf-yun.com) start [id=1812096136]
[2016/12/15 15:23:18 251][Px1747][Tx7d46f700][ERR] MSPADNS    MSPAsyncDn 211  gethostbyname(open.xf-yun.com) failed: Temporary failure in name resolution [id=1812096136]
[2016/12/15 15:23:18 252][Px1747][Tx7d46f700][DBG] MSPTHREAD  MSPThreadP 733  POST l_engine_2:10:2:0
[2016/12/15 15:23:18 253][Px1747][Tx77fff700][DBG] LENGINE    leng_rpc.c 527  luacRPCFuncProto_Invoke() [out] ret = 0
[2016/12/15 15:23:18 253][Px1747][Tx77fff700][DBG] LENGINE    leng_main. 513  ENGINE_MSG_RPC_ASYNC
[2016/12/15 15:23:18 254][Px1747][Tx77fff700][DBG] LENGINE    leng_main. 521  [isr_local], stat = 1
[2016/12/15 15:23:18 254][Px1747][Tx77fff700][DBG] LENGINE    leng_rpc.c 413  luacRPCFuncProto_Invoke(54001a20,6426de80) [in]
[2016/12/15 15:23:18 254][Px1747][Tx77fff700][INF] LMOD       luac_logge 172  [ns:290:ns dns resp  10214  ]
[2016/12/15 15:23:18 255][Px1747][Tx77fff700][INF] LMOD       luac_logge 172  [ns:564:ns dns failed, err =   10214  ]
[2016/12/15 15:23:18 255][Px1747][Tx77fff700][INF] LMOD       luac_logge 172  [ns:174:ns gethttpresp  117.121.48.5  80  ]
[2016/12/15 15:23:18 255][Px1747][Tx77fff700][TRC] MSPSOCKET  MSPSocket. 269  MSPSocket_New(1, 1) [in]
[2016/12/15 15:23:18 255][Px1747][Tx77fff700][DBG] MSPSOCKET  MSPSocket. 326  socket(2,1,) ret=7, detail=101
[2016/12/15 15:23:18 256][Px1747][Tx77fff700][TRC] MSPSOCKET  MSPSocket. 411  MSPSocket_New() [out] 6c41c5f0 0
[2016/12/15 15:23:18 256][Px1747][Tx77fff700][TRC] MSPSOCKET  MSPSocket. 501  MSPSocket_Connect(6c41c5f0) [in]
[2016/12/15 15:23:18 256][Px1747][Tx77fff700][DBG] MSPSOCKET  MSPSocket. 515  connect(7,117.121.48.5,) ret=-1, hd=6c41c5f0
[2016/12/15 15:23:18 256][Px1747][Tx77fff700][ERR] MSPSOCKET  MSPSocket. 530  connect() failed! 6c41c5f0,7,-1,101
[2016/12/15 15:23:18 257][Px1747][Tx77fff700][DBG] MSPTHREAD  MSPThreadP 733  POST l_engine_2:10:2:0
[2016/12/15 15:23:18 257][Px1747][Tx77fff700][TRC] MSPSOCKET  MSPSocket. 565  MSPSocket_Connect() [out] 10202
[2016/12/15 15:23:18 257][Px1747][Tx77fff700][DBG] LENGINE    leng_rpc.c 527  luacRPCFuncProto_Invoke() [out] ret = 0
[2016/12/15 15:23:18 257][Px1747][Tx77fff700][DBG] LENGINE    leng_main. 513  ENGINE_MSG_RPC_ASYNC
[2016/12/15 15:23:18 258][Px1747][Tx77fff700][DBG] LENGINE    leng_main. 521  [isr_local], stat = 1
[2016/12/15 15:23:18 258][Px1747][Tx77fff700][DBG] LENGINE    leng_rpc.c 413  luacRPCFuncProto_Invoke(54002d10,6426de80) [in]
[2016/12/15 15:23:18 259][Px1747][Tx77fff700][ERR] LMOD       luac_logge 166  [transport:295:[dns] [0] failed! 10214  ]
[2016/12/15 15:23:18 259][Px1747][Tx77fff700][INF] LLOADER    lloader.c  327  load dkjson
[2016/12/15 15:23:18 259][Px1747][Tx77fff700][INF] LLOADER    lloader.c  339  a intalled entry
[2016/12/15 15:23:18 260][Px1747][Tx77fff700][INF] LLOADER    lloader.c  365  from rom
[2016/12/15 15:23:18 260][Px1747][Tx77fff700][PRF] LLOADER    lloader.c  397  load dkjson cost 0 (ms)
[2016/12/15 15:23:18 260][Px1747][Tx77fff700][DBG] LMOD       luac_logge 178  [network:83:ipfromenv ,  ipcache  open.xf-yun.com  def  nil  ]
[2016/12/15 15:23:18 261][Px1747][Tx77fff700][INF] LLOADER    lloader.c  327  load dkjson
[2016/12/15 15:23:18 261][Px1747][Tx77fff700][INF] LLOADER    lloader.c  339  a intalled entry
[2016/12/15 15:23:18 261][Px1747][Tx77fff700][INF] LLOADER    lloader.c  365  from rom
[2016/12/15 15:23:18 262][Px1747][Tx77fff700][PRF] LLOADER    lloader.c  397  load dkjson cost 1 (ms)
[2016/12/15 15:23:18 262][Px1747][Tx77fff700][DBG] LMOD       luac_logge 178  [network:83:ipfromenv ,  ipcfg  open.xf-yun.com  def  nil  ]
[2016/12/15 15:23:18 263][Px1747][Tx77fff700][TRC] LMOD       luac_logge 170  [transport:1166:[soc] connect   116.213.69.195  80  ]
[2016/12/15 15:23:18 263][Px1747][Tx77fff700][TRC] MSPSOCKET  MSPSocket. 1593 MSPSocketTCPConnPool_Query(116.213.69.195, 80) [in]
[2016/12/15 15:23:18 263][Px1747][Tx77fff700][TRC] MSPSOCKET  MSPSocket. 1618 MSPSocketTCPConnPool_Query() [out] ret=0
[2016/12/15 15:23:18 264][Px1747][Tx77fff700][INF] LMOD       luac_logge 172  [transport:1183:mspsoc.open,prot_type=  tcp  ]
[2016/12/15 15:23:18 264][Px1747][Tx77fff700][TRC] MSPSOCKET  MSPSocket. 269  MSPSocket_New(1, 1) [in]
[2016/12/15 15:23:18 264][Px1747][Tx77fff700][DBG] MSPSOCKET  MSPSocket. 326  socket(2,1,) ret=8, detail=101
[2016/12/15 15:23:18 265][Px1747][Tx77fff700][TRC] MSPSOCKET  MSPSocket. 411  MSPSocket_New() [out] 6c4034c0 0
[2016/12/15 15:23:18 265][Px1747][Tx77fff700][TRC] MSPSOCKET  MSPSocket. 501  MSPSocket_Connect(6c4034c0) [in]
[2016/12/15 15:23:18 265][Px1747][Tx77fff700][DBG] MSPSOCKET  MSPSocket. 515  connect(8,116.213.69.195,) ret=-1, hd=6c4034c0
[2016/12/15 15:23:18 265][Px1747][Tx77fff700][ERR] MSPSOCKET  MSPSocket. 530  connect() failed! 6c4034c0,8,-1,101
[2016/12/15 15:23:18 266][Px1747][Tx77fff700][DBG] MSPTHREAD  MSPThreadP 733  POST l_engine_2:10:2:0
[2016/12/15 15:23:18 266][Px1747][Tx77fff700][TRC] MSPSOCKET  MSPSocket. 565  MSPSocket_Connect() [out] 10202
[2016/12/15 15:23:18 266][Px1747][Tx77fff700][DBG] LENGINE    leng_rpc.c 527  luacRPCFuncProto_Invoke() [out] ret = 0
[2016/12/15 15:23:18 266][Px1747][Tx77fff700][DBG] LENGINE    leng_main. 513  ENGINE_MSG_RPC_ASYNC
[2016/12/15 15:23:18 266][Px1747][Tx77fff700][DBG] LENGINE    leng_main. 521  [isr_local], stat = 1
[2016/12/15 15:23:18 266][Px1747][Tx77fff700][DBG] LENGINE    leng_rpc.c 413  luacRPCFuncProto_Invoke(6c40cbf0,6426de80) [in]
[2016/12/15 15:23:18 267][Px1747][Tx77fff700][INF] LMOD       luac_logge 172  [ns:244:ns soc error  10202  ]
[2016/12/15 15:23:18 267][Px1747][Tx77fff700][TRC] MSPSOCKET  MSPSocket. 1014 MSPSocket_Close(6c41c5f0) [in]
[2016/12/15 15:23:18 267][Px1747][Tx77fff700][DBG] MSPSOCKET  MSPSocket. 1034 close(7), 6c41c5f0
[2016/12/15 15:23:18 267][Px1747][Tx77fff700][TRC] MSPSOCKET  MSPSocket. 1068 MSPSocket_Close() [out] 0
[2016/12/15 15:23:18 268][Px1747][Tx77fff700][INF] LMOD       luac_logge 172  [ns:407:name server http resp  nil  10202  nil  ]
[2016/12/15 15:23:18 269][Px1747][Tx77fff700][INF] LMOD       luac_logge 172  [ns:551:ns response failed, err =  10202  ]
[2016/12/15 15:23:18 269][Px1747][Tx77fff700][INF] LMOD       luac_logge 172  [ns:111:ns_host=  open.xf-yun.com  ]
[2016/12/15 15:23:18 270][Px1747][Tx77fff700][INF] LMOD       luac_logge 172  [ns:113:use default ip  ]
[2016/12/15 15:23:18 270][Px1747][Tx77fff700][INF] LMOD       luac_logge 172  [transport:974:ns_ip =   116.213.69.195  ]
[2016/12/15 15:23:18 271][Px1747][Tx77fff700][INF] LMOD       luac_logge 172  [transport:975:ip_type =  def_athopen.xf-yun.com  ]
[2016/12/15 15:23:18 271][Px1747][Tx77fff700][INF] LMOD       luac_logge 172  [ns:756:no data in ns_q  ]
[2016/12/15 15:23:18 272][Px1747][Tx77fff700][INF] LMOD       luac_logge 172  [ns:757:conti_ns,ns_inprog =   1  ]
[2016/12/15 15:23:18 272][Px1747][Tx77fff700][DBG] LENGINE    leng_rpc.c 527  luacRPCFuncProto_Invoke() [out] ret = 0
[2016/12/15 15:23:18 272][Px1747][Tx77fff700][DBG] LENGINE    leng_main. 513  ENGINE_MSG_RPC_ASYNC
[2016/12/15 15:23:18 272][Px1747][Tx77fff700][DBG] LENGINE    leng_main. 521  [isr_local], stat = 1
[2016/12/15 15:23:18 273][Px1747][Tx77fff700][DBG] LENGINE    leng_rpc.c 413  luacRPCFuncProto_Invoke(6c40efd0,6426de80) [in]
[2016/12/15 15:23:18 274][Px1747][Tx77fff700][ERR] LMOD       luac_logge 166  [transport:545:MSC:[soc] [0] error 10202 101!  ]
[2016/12/15 15:23:18 274][Px1747][Tx77fff700][TRC] MSPSOCKET  MSPSocket. 1014 MSPSocket_Close(6c4034c0) [in]
[2016/12/15 15:23:18 275][Px1747][Tx77fff700][DBG] MSPSOCKET  MSPSocket. 1034 close(8), 6c4034c0
[2016/12/15 15:23:18 275][Px1747][Tx77fff700][TRC] MSPSOCKET  MSPSocket. 1068 MSPSocket_Close() [out] 0
[2016/12/15 15:23:18 275][Px1747][Tx77fff700][INF] LMOD       luac_logge 172  [transport:57:clear_ip ip_type =  def_athopen.xf-yun.com  ]
[2016/12/15 15:23:18 275][Px1747][Tx77fff700][WAR] LMOD       luac_logge 168  [transport:321:soc_conn_failed  ]
[2016/12/15 15:23:18 276][Px1747][Tx77fff700][DBG] LMOD       luac_logge 178  [network:88:iptoenv ,  ipcache  open.xf-yun.com  def  nil  ]
[2016/12/15 15:23:18 276][Px1747][Tx77fff700][INF] LLOADER    lloader.c  327  load dkjson
[2016/12/15 15:23:18 276][Px1747][Tx77fff700][INF] LLOADER    lloader.c  339  a intalled entry
[2016/12/15 15:23:18 276][Px1747][Tx77fff700][INF] LLOADER    lloader.c  365  from rom
[2016/12/15 15:23:18 277][Px1747][Tx77fff700][PRF] LLOADER    lloader.c  397  load dkjson cost 0 (ms)
[2016/12/15 15:23:18 278][Px1747][Tx77fff700][INF] LMOD       luac_logge 172  [transport:390:switch 80  ]
[2016/12/15 15:23:18 278][Px1747][Tx77fff700][TRC] LENGINE    leng_shell 109  lEngine_Start(6c0639d8,6c0639d8,0,) [in]
[2016/12/15 15:23:18 278][Px1747][Tx77fff700][TRC] LENGINE    leng_shell 351  lEngine_PostMessage(6c3fc3c0,1,2,) [in]
[2016/12/15 15:23:18 279][Px1747][Tx77fff700][DBG] MSPTHREAD  MSPThreadP 733  POST l_engine_1:10:1:1
[2016/12/15 15:23:18 279][Px1747][Tx7cc6e700][DBG] LENGINE    leng_main. 513  ENGINE_MSG_RPC_ASYNC
[2016/12/15 15:23:18 279][Px1747][Tx7cc6e700][DBG] LENGINE    leng_main. 521  [waiter], stat = 1
[2016/12/15 15:23:18 280][Px1747][Tx7cc6e700][DBG] LENGINE    leng_rpc.c 413  luacRPCFuncProto_Invoke(6c032830,6c3fc3c0) [in]
[2016/12/15 15:23:18 280][Px1747][Tx77fff700][TRC] LENGINE    leng_shell 374  lEngine_PostMessage() [out] 0
[2016/12/15 15:23:18 280][Px1747][Tx7cc6e700][INF] LMOD       luac_logge 172  [network:380:redns  def  open.xf-yun.com  ]
[2016/12/15 15:23:18 281][Px1747][Tx7cc6e700][TRC] MSPADNS    MSPAsyncDn 268  MSPAsyncDns_Start() [in]
[2016/12/15 15:23:18 281][Px1747][Tx7d46f700][DBG] MSPADNS    MSPAsyncDn 184  gethostbyname(open.xf-yun.com) start [id=1880351592]
[2016/12/15 15:23:18 282][Px1747][Tx7d46f700][ERR] MSPADNS    MSPAsyncDn 211  gethostbyname(open.xf-yun.com) failed: Temporary failure in name resolution [id=1880351592]
[2016/12/15 15:23:18 282][Px1747][Tx7d46f700][DBG] MSPTHREAD  MSPThreadP 733  POST l_engine_1:10:1:0
[2016/12/15 15:23:18 282][Px1747][Tx77fff700][TRC] LMOD       luac_logge 170  [transport:1198:[soc] disconnect   ]
[2016/12/15 15:23:18 282][Px1747][Tx7cc6e700][INF] LMOD       luac_logge 172  [waiter:196:last gc at  1481844193  ]
[2016/12/15 15:23:18 283][Px1747][Tx7cc6e700][DBG] LENGINE    leng_rpc.c 527  luacRPCFuncProto_Invoke() [out] ret = 0
[2016/12/15 15:23:18 283][Px1747][Tx7cc6e700][DBG] LENGINE    leng_main. 513  ENGINE_MSG_RPC_ASYNC
[2016/12/15 15:23:18 283][Px1747][Tx7cc6e700][DBG] LENGINE    leng_main. 521  [waiter], stat = 1
[2016/12/15 15:23:18 284][Px1747][Tx7cc6e700][DBG] LENGINE    leng_rpc.c 413  luacRPCFuncProto_Invoke(54001a20,6c3fc3c0) [in]
[2016/12/15 15:23:18 284][Px1747][Tx77fff700][DBG] LENGINE    leng_rpc.c 527  luacRPCFuncProto_Invoke() [out] ret = 0
[2016/12/15 15:23:18 284][Px1747][Tx7cc6e700][INF] LMOD       luac_logge 172  [network:173:dns resp  10214  ]
[2016/12/15 15:23:18 285][Px1747][Tx7cc6e700][INF] LMOD       luac_logge 172  [network:397:redns dns resp  nil  10214  nil  nil  ]
[2016/12/15 15:23:18 285][Px1747][Tx7cc6e700][DBG] LENGINE    leng_rpc.c 527  luacRPCFuncProto_Invoke() [out] ret = 0
[2016/12/15 15:23:18 371][Px1747][Tx77fff700][DBG] LENGINE    leng_rpc.c 413  luacRPCFuncProto_Invoke(6c402060,6426de80) [in]
[2016/12/15 15:23:18 372][Px1747][Tx77fff700][DBG] LENGINE    leng_rpc.c 527  luacRPCFuncProto_Invoke() [out] ret = 0
[2016/12/15 15:23:18 482][Px1747][Tx77fff700][DBG] LENGINE    leng_rpc.c 413  luacRPCFuncProto_Invoke(6c032830,6426de80) [in]
[2016/12/15 15:23:18 483][Px1747][Tx77fff700][INF] LMOD       luac_logge 172  [transport:959:session.domain=  open.xf-yun.com  ]
[2016/12/15 15:23:18 484][Px1747][Tx77fff700][INF] LMOD       luac_logge 172  [transport:960:url.host=  open.xf-yun.com  ]
[2016/12/15 15:23:18 484][Px1747][Tx77fff700][INF] LLOADER    lloader.c  327  load dkjson
[2016/12/15 15:23:18 484][Px1747][Tx77fff700][INF] LLOADER    lloader.c  339  a intalled entry
[2016/12/15 15:23:18 484][Px1747][Tx77fff700][INF] LLOADER    lloader.c  365  from rom
[2016/12/15 15:23:18 484][Px1747][Tx77fff700][PRF] LLOADER    lloader.c  397  load dkjson cost 1 (ms)
[2016/12/15 15:23:18 485][Px1747][Tx77fff700][DBG] LMOD       luac_logge 178  [network:83:ipfromenv ,  ipcache  open.xf-yun.com  def  nil  ]
[2016/12/15 15:23:18 486][Px1747][Tx77fff700][TRC] LMOD       luac_logge 170  [transport:994:NAMESERVER START  ]
[2016/12/15 15:23:18 486][Px1747][Tx77fff700][INF] LMOD       luac_logge 172  [transport:997:name =   ath  ]
[2016/12/15 15:23:18 487][Px1747][Tx77fff700][INF] LMOD       luac_logge 172  [ns:727:ntt=  standard  ]
[2016/12/15 15:23:18 488][Px1747][Tx77fff700][INF] LMOD       luac_logge 172  [transport:1000:trans,ns_inprog =  0  ]
[2016/12/15 15:23:18 488][Px1747][Tx77fff700][TRC] LMOD       luac_logge 170  [ns:682:name server start  ]
[2016/12/15 15:23:18 488][Px1747][Tx77fff700][INF] LMOD       luac_logge 172  [ns:683:ns_sub =   ath  ]
[2016/12/15 15:23:18 489][Px1747][Tx77fff700][INF] LMOD       luac_logge 172  [ns:685:ns_host=  open.xf-yun.com  ]
[2016/12/15 15:23:18 489][Px1747][Tx77fff700][INF] LMOD       luac_logge 172  [ns:403:ns_host=  open.xf-yun.com  ]
[2016/12/15 15:23:18 490][Px1747][Tx77fff700][DBG] LMOD       luac_logge 178  [ns:662:GET /sip/resolver?srand=1215152311.32 HTTP/1.1
Host: hdns.openspeech.cn
Connection: Keep-Alive
X-Par: ver=1.2&appid=583467f7&operator=UNKNOW&nettype=STANDARD&cver=5.0.27.1135&svc=ath&host=open.xf-yun.com&sign=35d8de5920788f2239e6c003e0791a01
User-Agent: iFLYCloud

  ]
[2016/12/15 15:23:18 490][Px1747][Tx77fff700][INF] LMOD       luac_logge 172  [ns:663:net_type =  standard  ]
[2016/12/15 15:23:18 491][Px1747][Tx77fff700][INF] LMOD       luac_logge 172  [ns:664:cmwapascmnet =  ]
[2016/12/15 15:23:18 491][Px1747][Tx77fff700][INF] LMOD       luac_logge 172  [ns:665:uniwapasuninet =  ]
[2016/12/15 15:23:18 492][Px1747][Tx77fff700][INF] LMOD       luac_logge 172  [ns:666:ctwapasctnet =  ]
[2016/12/15 15:23:18 492][Px1747][Tx77fff700][INF] LMOD       luac_logge 172  [ns:676:host=  hdns.openspeech.cn  ]
[2016/12/15 15:23:18 492][Px1747][Tx77fff700][TRC] MSPADNS    MSPAsyncDn 268  MSPAsyncDns_Start() [in]
[2016/12/15 15:23:18 493][Px1747][Tx7d46f700][DBG] MSPADNS    MSPAsyncDn 184  gethostbyname(hdns.openspeech.cn) start [id=1816243848]
[2016/12/15 15:23:18 493][Px1747][Tx7d46f700][ERR] MSPADNS    MSPAsyncDn 211  gethostbyname(hdns.openspeech.cn) failed: Temporary failure in name resolution [id=1816243848]
[2016/12/15 15:23:18 493][Px1747][Tx7d46f700][DBG] MSPTHREAD  MSPThreadP 733  POST l_engine_2:10:1:1
[2016/12/15 15:23:18 494][Px1747][Tx77fff700][TRC] MSPADNS    MSPAsyncDn 268  MSPAsyncDns_Start() [in]
[2016/12/15 15:23:18 494][Px1747][Tx7d46f700][DBG] MSPADNS    MSPAsyncDn 184  gethostbyname(open.xf-yun.com) start [id=1812096136]
[2016/12/15 15:23:18 495][Px1747][Tx7d46f700][ERR] MSPADNS    MSPAsyncDn 211  gethostbyname(open.xf-yun.com) failed: Temporary failure in name resolution [id=1812096136]
[2016/12/15 15:23:18 495][Px1747][Tx7d46f700][DBG] MSPTHREAD  MSPThreadP 733  POST l_engine_2:10:2:0
[2016/12/15 15:23:18 495][Px1747][Tx77fff700][DBG] LENGINE    leng_rpc.c 527  luacRPCFuncProto_Invoke() [out] ret = 0
[2016/12/15 15:23:18 495][Px1747][Tx77fff700][DBG] LENGINE    leng_main. 513  ENGINE_MSG_RPC_ASYNC
[2016/12/15 15:23:18 496][Px1747][Tx77fff700][DBG] LENGINE    leng_main. 521  [isr_local], stat = 1
[2016/12/15 15:23:18 496][Px1747][Tx77fff700][DBG] LENGINE    leng_rpc.c 413  luacRPCFuncProto_Invoke(54001a20,6426de80) [in]
[2016/12/15 15:23:18 497][Px1747][Tx77fff700][INF] LMOD       luac_logge 172  [ns:290:ns dns resp  10214  ]
[2016/12/15 15:23:18 497][Px1747][Tx77fff700][INF] LMOD       luac_logge 172  [ns:564:ns dns failed, err =   10214  ]
[2016/12/15 15:23:18 497][Px1747][Tx77fff700][INF] LMOD       luac_logge 172  [ns:174:ns gethttpresp  117.121.48.5  80  ]
[2016/12/15 15:23:18 498][Px1747][Tx77fff700][TRC] MSPSOCKET  MSPSocket. 269  MSPSocket_New(1, 1) [in]
[2016/12/15 15:23:18 498][Px1747][Tx77fff700][DBG] MSPSOCKET  MSPSocket. 326  socket(2,1,) ret=7, detail=101
[2016/12/15 15:23:18 498][Px1747][Tx77fff700][TRC] MSPSOCKET  MSPSocket. 411  MSPSocket_New() [out] 6c08ac50 0
[2016/12/15 15:23:18 498][Px1747][Tx77fff700][TRC] MSPSOCKET  MSPSocket. 501  MSPSocket_Connect(6c08ac50) [in]
[2016/12/15 15:23:18 498][Px1747][Tx77fff700][DBG] MSPSOCKET  MSPSocket. 515  connect(7,117.121.48.5,) ret=-1, hd=6c08ac50
[2016/12/15 15:23:18 499][Px1747][Tx77fff700][ERR] MSPSOCKET  MSPSocket. 530  connect() failed! 6c08ac50,7,-1,101
[2016/12/15 15:23:18 499][Px1747][Tx77fff700][DBG] MSPTHREAD  MSPThreadP 733  POST l_engine_2:10:2:0
[2016/12/15 15:23:18 499][Px1747][Tx77fff700][TRC] MSPSOCKET  MSPSocket. 565  MSPSocket_Connect() [out] 10202
[2016/12/15 15:23:18 500][Px1747][Tx77fff700][DBG] LENGINE    leng_rpc.c 527  luacRPCFuncProto_Invoke() [out] ret = 0
[2016/12/15 15:23:18 500][Px1747][Tx77fff700][DBG] LENGINE    leng_main. 513  ENGINE_MSG_RPC_ASYNC
[2016/12/15 15:23:18 500][Px1747][Tx77fff700][DBG] LENGINE    leng_main. 521  [isr_local], stat = 1
[2016/12/15 15:23:18 500][Px1747][Tx77fff700][DBG] LENGINE    leng_rpc.c 413  luacRPCFuncProto_Invoke(54002d10,6426de80) [in]
[2016/12/15 15:23:18 501][Px1747][Tx77fff700][ERR] LMOD       luac_logge 166  [transport:295:[dns] [0] failed! 10214  ]
[2016/12/15 15:23:18 502][Px1747][Tx77fff700][INF] LLOADER    lloader.c  327  load dkjson
[2016/12/15 15:23:18 502][Px1747][Tx77fff700][INF] LLOADER    lloader.c  339  a intalled entry
[2016/12/15 15:23:18 502][Px1747][Tx77fff700][INF] LLOADER    lloader.c  365  from rom
[2016/12/15 15:23:18 503][Px1747][Tx77fff700][PRF] LLOADER    lloader.c  397  load dkjson cost 1 (ms)
[2016/12/15 15:23:18 503][Px1747][Tx77fff700][DBG] LMOD       luac_logge 178  [network:83:ipfromenv ,  ipcache  open.xf-yun.com  def  nil  ]
[2016/12/15 15:23:18 504][Px1747][Tx77fff700][INF] LLOADER    lloader.c  327  load dkjson
[2016/12/15 15:23:18 504][Px1747][Tx77fff700][INF] LLOADER    lloader.c  339  a intalled entry
[2016/12/15 15:23:18 504][Px1747][Tx77fff700][INF] LLOADER    lloader.c  365  from rom
[2016/12/15 15:23:18 504][Px1747][Tx77fff700][PRF] LLOADER    lloader.c  397  load dkjson cost 1 (ms)
[2016/12/15 15:23:18 505][Px1747][Tx77fff700][DBG] LMOD       luac_logge 178  [network:83:ipfromenv ,  ipcfg  open.xf-yun.com  def  nil  ]
[2016/12/15 15:23:18 506][Px1747][Tx77fff700][TRC] LMOD       luac_logge 170  [transport:1166:[soc] connect   116.213.69.195  80  ]
[2016/12/15 15:23:18 506][Px1747][Tx77fff700][TRC] MSPSOCKET  MSPSocket. 1593 MSPSocketTCPConnPool_Query(116.213.69.195, 80) [in]
[2016/12/15 15:23:18 507][Px1747][Tx77fff700][TRC] MSPSOCKET  MSPSocket. 1618 MSPSocketTCPConnPool_Query() [out] ret=0
[2016/12/15 15:23:18 508][Px1747][Tx77fff700][INF] LMOD       luac_logge 172  [transport:1183:mspsoc.open,prot_type=  tcp  ]
[2016/12/15 15:23:18 508][Px1747][Tx77fff700][TRC] MSPSOCKET  MSPSocket. 269  MSPSocket_New(1, 1) [in]
[2016/12/15 15:23:18 508][Px1747][Tx77fff700][DBG] MSPSOCKET  MSPSocket. 326  socket(2,1,) ret=8, detail=101
[2016/12/15 15:23:18 508][Px1747][Tx77fff700][TRC] MSPSOCKET  MSPSocket. 411  MSPSocket_New() [out] 6c41f110 0
[2016/12/15 15:23:18 508][Px1747][Tx77fff700][TRC] MSPSOCKET  MSPSocket. 501  MSPSocket_Connect(6c41f110) [in]
[2016/12/15 15:23:18 509][Px1747][Tx77fff700][DBG] MSPSOCKET  MSPSocket. 515  connect(8,116.213.69.195,) ret=-1, hd=6c41f110
[2016/12/15 15:23:18 509][Px1747][Tx77fff700][ERR] MSPSOCKET  MSPSocket. 530  connect() failed! 6c41f110,8,-1,101
[2016/12/15 15:23:18 509][Px1747][Tx77fff700][DBG] MSPTHREAD  MSPThreadP 733  POST l_engine_2:10:2:0
[2016/12/15 15:23:18 509][Px1747][Tx77fff700][TRC] MSPSOCKET  MSPSocket. 565  MSPSocket_Connect() [out] 10202
[2016/12/15 15:23:18 509][Px1747][Tx77fff700][DBG] LENGINE    leng_rpc.c 527  luacRPCFuncProto_Invoke() [out] ret = 0
[2016/12/15 15:23:18 510][Px1747][Tx77fff700][DBG] LENGINE    leng_main. 513  ENGINE_MSG_RPC_ASYNC
[2016/12/15 15:23:18 510][Px1747][Tx77fff700][DBG] LENGINE    leng_main. 521  [isr_local], stat = 1
[2016/12/15 15:23:18 510][Px1747][Tx77fff700][DBG] LENGINE    leng_rpc.c 413  luacRPCFuncProto_Invoke(6c40cbf0,6426de80) [in]
[2016/12/15 15:23:18 510][Px1747][Tx77fff700][INF] LMOD       luac_logge 172  [ns:244:ns soc error  10202  ]
[2016/12/15 15:23:18 510][Px1747][Tx77fff700][TRC] MSPSOCKET  MSPSocket. 1014 MSPSocket_Close(6c08ac50) [in]
[2016/12/15 15:23:18 511][Px1747][Tx77fff700][DBG] MSPSOCKET  MSPSocket. 1034 close(7), 6c08ac50
[2016/12/15 15:23:18 511][Px1747][Tx77fff700][TRC] MSPSOCKET  MSPSocket. 1068 MSPSocket_Close() [out] 0
[2016/12/15 15:23:18 512][Px1747][Tx77fff700][INF] LMOD       luac_logge 172  [ns:407:name server http resp  nil  10202  nil  ]
[2016/12/15 15:23:18 512][Px1747][Tx77fff700][INF] LMOD       luac_logge 172  [ns:551:ns response failed, err =  10202  ]
[2016/12/15 15:23:18 513][Px1747][Tx77fff700][INF] LMOD       luac_logge 172  [ns:111:ns_host=  open.xf-yun.com  ]
[2016/12/15 15:23:18 513][Px1747][Tx77fff700][INF] LMOD       luac_logge 172  [ns:113:use default ip  ]
[2016/12/15 15:23:18 513][Px1747][Tx77fff700][INF] LMOD       luac_logge 172  [transport:974:ns_ip =   116.213.69.195  ]
[2016/12/15 15:23:18 514][Px1747][Tx77fff700][INF] LMOD       luac_logge 172  [transport:975:ip_type =  def_athopen.xf-yun.com  ]
[2016/12/15 15:23:18 514][Px1747][Tx77fff700][INF] LMOD       luac_logge 172  [ns:756:no data in ns_q  ]
[2016/12/15 15:23:18 514][Px1747][Tx77fff700][INF] LMOD       luac_logge 172  [ns:757:conti_ns,ns_inprog =   1  ]
[2016/12/15 15:23:18 515][Px1747][Tx77fff700][DBG] LENGINE    leng_rpc.c 527  luacRPCFuncProto_Invoke() [out] ret = 0
[2016/12/15 15:23:18 515][Px1747][Tx77fff700][DBG] LENGINE    leng_main. 513  ENGINE_MSG_RPC_ASYNC
[2016/12/15 15:23:18 516][Px1747][Tx77fff700][DBG] LENGINE    leng_main. 521  [isr_local], stat = 1
[2016/12/15 15:23:18 517][Px1747][Tx77fff700][DBG] LENGINE    leng_rpc.c 413  luacRPCFuncProto_Invoke(6c41ae60,6426de80) [in]
[2016/12/15 15:23:18 518][Px1747][Tx77fff700][ERR] LMOD       luac_logge 166  [transport:545:MSC:[soc] [0] error 10202 101!  ]
[2016/12/15 15:23:18 518][Px1747][Tx77fff700][TRC] MSPSOCKET  MSPSocket. 1014 MSPSocket_Close(6c41f110) [in]
[2016/12/15 15:23:18 519][Px1747][Tx77fff700][DBG] MSPSOCKET  MSPSocket. 1034 close(8), 6c41f110
[2016/12/15 15:23:18 519][Px1747][Tx77fff700][TRC] MSPSOCKET  MSPSocket. 1068 MSPSocket_Close() [out] 0
[2016/12/15 15:23:18 520][Px1747][Tx77fff700][INF] LMOD       luac_logge 172  [transport:57:clear_ip ip_type =  def_athopen.xf-yun.com  ]
[2016/12/15 15:23:18 520][Px1747][Tx77fff700][WAR] LMOD       luac_logge 168  [transport:321:soc_conn_failed  ]
[2016/12/15 15:23:18 522][Px1747][Tx77fff700][DBG] LMOD       luac_logge 178  [network:88:iptoenv ,  ipcache  open.xf-yun.com  def  nil  ]
[2016/12/15 15:23:18 523][Px1747][Tx77fff700][INF] LLOADER    lloader.c  327  load dkjson
[2016/12/15 15:23:18 523][Px1747][Tx77fff700][INF] LLOADER    lloader.c  339  a intalled entry
[2016/12/15 15:23:18 523][Px1747][Tx77fff700][INF] LLOADER    lloader.c  365  from rom
[2016/12/15 15:23:18 524][Px1747][Tx77fff700][PRF] LLOADER    lloader.c  397  load dkjson cost 2 (ms)
[2016/12/15 15:23:18 525][Px1747][Tx77fff700][INF] LMOD       luac_logge 172  [transport:390:switch 80  ]
[2016/12/15 15:23:18 526][Px1747][Tx77fff700][TRC] LENGINE    leng_shell 109  lEngine_Start(6c0639d8,6c0639d8,0,) [in]
[2016/12/15 15:23:18 526][Px1747][Tx77fff700][TRC] LENGINE    leng_shell 351  lEngine_PostMessage(6c3fc3c0,1,2,) [in]
[2016/12/15 15:23:18 526][Px1747][Tx77fff700][DBG] MSPTHREAD  MSPThreadP 733  POST l_engine_1:10:1:1
[2016/12/15 15:23:18 526][Px1747][Tx7cc6e700][DBG] LENGINE    leng_main. 513  ENGINE_MSG_RPC_ASYNC
[2016/12/15 15:23:18 527][Px1747][Tx7cc6e700][DBG] LENGINE    leng_main. 521  [waiter], stat = 1
[2016/12/15 15:23:18 527][Px1747][Tx7cc6e700][DBG] LENGINE    leng_rpc.c 413  luacRPCFuncProto_Invoke(6c40efd0,6c3fc3c0) [in]
[2016/12/15 15:23:18 528][Px1747][Tx77fff700][TRC] LENGINE    leng_shell 374  lEngine_PostMessage() [out] 0
[2016/12/15 15:23:18 529][Px1747][Tx7cc6e700][INF] LMOD       luac_logge 172  [network:380:redns  def  open.xf-yun.com  ]
[2016/12/15 15:23:18 529][Px1747][Tx7cc6e700][TRC] MSPADNS    MSPAsyncDn 268  MSPAsyncDns_Start() [in]
[2016/12/15 15:23:18 529][Px1747][Tx7d46f700][DBG] MSPADNS    MSPAsyncDn 184  gethostbyname(open.xf-yun.com) start [id=1880353368]
[2016/12/15 15:23:18 530][Px1747][Tx7d46f700][ERR] MSPADNS    MSPAsyncDn 211  gethostbyname(open.xf-yun.com) failed: Temporary failure in name resolution [id=1880353368]
[2016/12/15 15:23:18 530][Px1747][Tx7d46f700][DBG] MSPTHREAD  MSPThreadP 733  POST l_engine_1:10:1:0
[2016/12/15 15:23:18 531][Px1747][Tx77fff700][TRC] LMOD       luac_logge 170  [transport:1198:[soc] disconnect   ]
[2016/12/15 15:23:18 531][Px1747][Tx7cc6e700][INF] LMOD       luac_logge 172  [waiter:196:last gc at  1481844193  ]
[2016/12/15 15:23:18 531][Px1747][Tx7cc6e700][DBG] LENGINE    leng_rpc.c 527  luacRPCFuncProto_Invoke() [out] ret = 0
[2016/12/15 15:23:18 531][Px1747][Tx7cc6e700][DBG] LENGINE    leng_main. 513  ENGINE_MSG_RPC_ASYNC
[2016/12/15 15:23:18 532][Px1747][Tx7cc6e700][DBG] LENGINE    leng_main. 521  [waiter], stat = 1
[2016/12/15 15:23:18 532][Px1747][Tx7cc6e700][DBG] LENGINE    leng_rpc.c 413  luacRPCFuncProto_Invoke(54001a20,6c3fc3c0) [in]
[2016/12/15 15:23:18 533][Px1747][Tx77fff700][DBG] LENGINE    leng_rpc.c 527  luacRPCFuncProto_Invoke() [out] ret = 0
[2016/12/15 15:23:18 533][Px1747][Tx7cc6e700][INF] LMOD       luac_logge 172  [network:173:dns resp  10214  ]
[2016/12/15 15:23:18 533][Px1747][Tx7cc6e700][INF] LMOD       luac_logge 172  [network:397:redns dns resp  nil  10214  nil  nil  ]
[2016/12/15 15:23:18 534][Px1747][Tx7cc6e700][DBG] LENGINE    leng_rpc.c 527  luacRPCFuncProto_Invoke() [out] ret = 0
[2016/12/15 15:23:18 730][Px1747][Tx77fff700][DBG] LENGINE    leng_rpc.c 413  luacRPCFuncProto_Invoke(6c402060,6426de80) [in]
[2016/12/15 15:23:18 731][Px1747][Tx77fff700][INF] LMOD       luac_logge 172  [transport:959:session.domain=  open.xf-yun.com  ]
[2016/12/15 15:23:18 731][Px1747][Tx77fff700][INF] LMOD       luac_logge 172  [transport:960:url.host=  open.xf-yun.com  ]
[2016/12/15 15:23:18 732][Px1747][Tx77fff700][INF] LLOADER    lloader.c  327  load dkjson
[2016/12/15 15:23:18 732][Px1747][Tx77fff700][INF] LLOADER    lloader.c  339  a intalled entry
[2016/12/15 15:23:18 732][Px1747][Tx77fff700][INF] LLOADER    lloader.c  365  from rom
[2016/12/15 15:23:18 732][Px1747][Tx77fff700][PRF] LLOADER    lloader.c  397  load dkjson cost 1 (ms)
[2016/12/15 15:23:18 733][Px1747][Tx77fff700][DBG] LMOD       luac_logge 178  [network:83:ipfromenv ,  ipcache  open.xf-yun.com  def  nil  ]
[2016/12/15 15:23:18 734][Px1747][Tx77fff700][TRC] LMOD       luac_logge 170  [transport:994:NAMESERVER START  ]
[2016/12/15 15:23:18 734][Px1747][Tx77fff700][INF] LMOD       luac_logge 172  [transport:997:name =   ath  ]
[2016/12/15 15:23:18 734][Px1747][Tx77fff700][INF] LMOD       luac_logge 172  [ns:727:ntt=  standard  ]
[2016/12/15 15:23:18 735][Px1747][Tx77fff700][INF] LMOD       luac_logge 172  [transport:1000:trans,ns_inprog =  0  ]
[2016/12/15 15:23:18 736][Px1747][Tx77fff700][TRC] LMOD       luac_logge 170  [ns:682:name server start  ]
[2016/12/15 15:23:18 737][Px1747][Tx77fff700][INF] LMOD       luac_logge 172  [ns:683:ns_sub =   ath  ]
[2016/12/15 15:23:18 737][Px1747][Tx77fff700][INF] LMOD       luac_logge 172  [ns:685:ns_host=  open.xf-yun.com  ]
[2016/12/15 15:23:18 738][Px1747][Tx77fff700][INF] LMOD       luac_logge 172  [ns:403:ns_host=  open.xf-yun.com  ]
[2016/12/15 15:23:18 739][Px1747][Tx77fff700][DBG] LMOD       luac_logge 178  [ns:662:GET /sip/resolver?srand=1215152311.32 HTTP/1.1
Host: hdns.openspeech.cn
Connection: Keep-Alive
X-Par: ver=1.2&appid=583467f7&operator=UNKNOW&nettype=STANDARD&cver=5.0.27.1135&svc=ath&host=open.xf-yun.com&sign=35d8de5920788f2239e6c003e0791a01
User-Agent: iFLYCloud

  ]
[2016/12/15 15:23:18 739][Px1747][Tx77fff700][INF] LMOD       luac_logge 172  [ns:663:net_type =  standard  ]
[2016/12/15 15:23:18 739][Px1747][Tx77fff700][INF] LMOD       luac_logge 172  [ns:664:cmwapascmnet =  ]
[2016/12/15 15:23:18 740][Px1747][Tx77fff700][INF] LMOD       luac_logge 172  [ns:665:uniwapasuninet =  ]
[2016/12/15 15:23:18 740][Px1747][Tx77fff700][INF] LMOD       luac_logge 172  [ns:666:ctwapasctnet =  ]
[2016/12/15 15:23:18 741][Px1747][Tx77fff700][INF] LMOD       luac_logge 172  [ns:676:host=  hdns.openspeech.cn  ]
[2016/12/15 15:23:18 741][Px1747][Tx77fff700][TRC] MSPADNS    MSPAsyncDn 268  MSPAsyncDns_Start() [in]
[2016/12/15 15:23:18 741][Px1747][Tx7d46f700][DBG] MSPADNS    MSPAsyncDn 184  gethostbyname(hdns.openspeech.cn) start [id=1816241128]
[2016/12/15 15:23:18 743][Px1747][Tx7d46f700][ERR] MSPADNS    MSPAsyncDn 211  gethostbyname(hdns.openspeech.cn) failed: Temporary failure in name resolution [id=1816241128]
[2016/12/15 15:23:18 743][Px1747][Tx7d46f700][DBG] MSPTHREAD  MSPThreadP 733  POST l_engine_2:10:1:1
[2016/12/15 15:23:18 743][Px1747][Tx77fff700][TRC] MSPADNS    MSPAsyncDn 268  MSPAsyncDns_Start() [in]
[2016/12/15 15:23:18 743][Px1747][Tx7d46f700][DBG] MSPADNS    MSPAsyncDn 184  gethostbyname(open.xf-yun.com) start [id=1816243112]
[2016/12/15 15:23:18 744][Px1747][Tx7d46f700][ERR] MSPADNS    MSPAsyncDn 211  gethostbyname(open.xf-yun.com) failed: Temporary failure in name resolution [id=1816243112]
[2016/12/15 15:23:18 744][Px1747][Tx7d46f700][DBG] MSPTHREAD  MSPThreadP 733  POST l_engine_2:10:2:0
[2016/12/15 15:23:18 744][Px1747][Tx77fff700][DBG] LENGINE    leng_rpc.c 527  luacRPCFuncProto_Invoke() [out] ret = 0
[2016/12/15 15:23:18 744][Px1747][Tx77fff700][DBG] LENGINE    leng_main. 513  ENGINE_MSG_RPC_ASYNC
[2016/12/15 15:23:18 745][Px1747][Tx77fff700][DBG] LENGINE    leng_main. 521  [isr_local], stat = 1
[2016/12/15 15:23:18 745][Px1747][Tx77fff700][DBG] LENGINE    leng_rpc.c 413  luacRPCFuncProto_Invoke(54001a20,6426de80) [in]
[2016/12/15 15:23:18 745][Px1747][Tx77fff700][INF] LMOD       luac_logge 172  [ns:290:ns dns resp  10214  ]
[2016/12/15 15:23:18 746][Px1747][Tx77fff700][INF] LMOD       luac_logge 172  [ns:564:ns dns failed, err =   10214  ]
[2016/12/15 15:23:18 746][Px1747][Tx77fff700][INF] LMOD       luac_logge 172  [ns:174:ns gethttpresp  117.121.48.5  80  ]
[2016/12/15 15:23:18 746][Px1747][Tx77fff700][TRC] MSPSOCKET  MSPSocket. 269  MSPSocket_New(1, 1) [in]
[2016/12/15 15:23:18 747][Px1747][Tx77fff700][DBG] MSPSOCKET  MSPSocket. 326  socket(2,1,) ret=7, detail=101
[2016/12/15 15:23:18 747][Px1747][Tx77fff700][TRC] MSPSOCKET  MSPSocket. 411  MSPSocket_New() [out] 6c41e8c0 0
[2016/12/15 15:23:18 748][Px1747][Tx77fff700][TRC] MSPSOCKET  MSPSocket. 501  MSPSocket_Connect(6c41e8c0) [in]
[2016/12/15 15:23:18 748][Px1747][Tx77fff700][DBG] MSPSOCKET  MSPSocket. 515  connect(7,117.121.48.5,) ret=-1, hd=6c41e8c0
[2016/12/15 15:23:18 749][Px1747][Tx77fff700][ERR] MSPSOCKET  MSPSocket. 530  connect() failed! 6c41e8c0,7,-1,101
[2016/12/15 15:23:18 749][Px1747][Tx77fff700][DBG] MSPTHREAD  MSPThreadP 733  POST l_engine_2:10:2:0
[2016/12/15 15:23:18 749][Px1747][Tx77fff700][TRC] MSPSOCKET  MSPSocket. 565  MSPSocket_Connect() [out] 10202
[2016/12/15 15:23:18 750][Px1747][Tx77fff700][DBG] LENGINE    leng_rpc.c 527  luacRPCFuncProto_Invoke() [out] ret = 0
[2016/12/15 15:23:18 750][Px1747][Tx77fff700][DBG] LENGINE    leng_main. 513  ENGINE_MSG_RPC_ASYNC
[2016/12/15 15:23:18 751][Px1747][Tx77fff700][DBG] LENGINE    leng_main. 521  [isr_local], stat = 1
[2016/12/15 15:23:18 751][Px1747][Tx77fff700][DBG] LENGINE    leng_rpc.c 413  luacRPCFuncProto_Invoke(54002d10,6426de80) [in]
[2016/12/15 15:23:18 752][Px1747][Tx77fff700][ERR] LMOD       luac_logge 166  [transport:295:[dns] [0] failed! 10214  ]
[2016/12/15 15:23:18 753][Px1747][Tx77fff700][INF] LLOADER    lloader.c  327  load dkjson
[2016/12/15 15:23:18 753][Px1747][Tx77fff700][INF] LLOADER    lloader.c  339  a intalled entry
[2016/12/15 15:23:18 753][Px1747][Tx77fff700][INF] LLOADER    lloader.c  365  from rom
[2016/12/15 15:23:18 754][Px1747][Tx77fff700][PRF] LLOADER    lloader.c  397  load dkjson cost 0 (ms)
[2016/12/15 15:23:18 754][Px1747][Tx77fff700][DBG] LMOD       luac_logge 178  [network:83:ipfromenv ,  ipcache  open.xf-yun.com  def  nil  ]
[2016/12/15 15:23:18 754][Px1747][Tx77fff700][INF] LLOADER    lloader.c  327  load dkjson
[2016/12/15 15:23:18 755][Px1747][Tx77fff700][INF] LLOADER    lloader.c  339  a intalled entry
[2016/12/15 15:23:18 755][Px1747][Tx77fff700][INF] LLOADER    lloader.c  365  from rom
[2016/12/15 15:23:18 756][Px1747][Tx77fff700][PRF] LLOADER    lloader.c  397  load dkjson cost 1 (ms)
[2016/12/15 15:23:18 756][Px1747][Tx77fff700][DBG] LMOD       luac_logge 178  [network:83:ipfromenv ,  ipcfg  open.xf-yun.com  def  nil  ]
[2016/12/15 15:23:18 758][Px1747][Tx77fff700][TRC] LMOD       luac_logge 170  [transport:1166:[soc] connect   116.213.69.195  80  ]
[2016/12/15 15:23:18 758][Px1747][Tx77fff700][TRC] MSPSOCKET  MSPSocket. 1593 MSPSocketTCPConnPool_Query(116.213.69.195, 80) [in]
[2016/12/15 15:23:18 758][Px1747][Tx77fff700][TRC] MSPSOCKET  MSPSocket. 1618 MSPSocketTCPConnPool_Query() [out] ret=0
[2016/12/15 15:23:18 759][Px1747][Tx77fff700][INF] LMOD       luac_logge 172  [transport:1183:mspsoc.open,prot_type=  tcp  ]
[2016/12/15 15:23:18 759][Px1747][Tx77fff700][TRC] MSPSOCKET  MSPSocket. 269  MSPSocket_New(1, 1) [in]
[2016/12/15 15:23:18 759][Px1747][Tx77fff700][DBG] MSPSOCKET  MSPSocket. 326  socket(2,1,) ret=8, detail=101
[2016/12/15 15:23:18 760][Px1747][Tx77fff700][TRC] MSPSOCKET  MSPSocket. 411  MSPSocket_New() [out] 6c4034c0 0
[2016/12/15 15:23:18 760][Px1747][Tx77fff700][TRC] MSPSOCKET  MSPSocket. 501  MSPSocket_Connect(6c4034c0) [in]
[2016/12/15 15:23:18 760][Px1747][Tx77fff700][DBG] MSPSOCKET  MSPSocket. 515  connect(8,116.213.69.195,) ret=-1, hd=6c4034c0
[2016/12/15 15:23:18 761][Px1747][Tx77fff700][ERR] MSPSOCKET  MSPSocket. 530  connect() failed! 6c4034c0,8,-1,101
[2016/12/15 15:23:18 761][Px1747][Tx77fff700][DBG] MSPTHREAD  MSPThreadP 733  POST l_engine_2:10:2:0
[2016/12/15 15:23:18 761][Px1747][Tx77fff700][TRC] MSPSOCKET  MSPSocket. 565  MSPSocket_Connect() [out] 10202
[2016/12/15 15:23:18 761][Px1747][Tx77fff700][DBG] LENGINE    leng_rpc.c 527  luacRPCFuncProto_Invoke() [out] ret = 0
[2016/12/15 15:23:18 761][Px1747][Tx77fff700][DBG] LENGINE    leng_main. 513  ENGINE_MSG_RPC_ASYNC
[2016/12/15 15:23:18 762][Px1747][Tx77fff700][DBG] LENGINE    leng_main. 521  [isr_local], stat = 1
[2016/12/15 15:23:18 762][Px1747][Tx77fff700][DBG] LENGINE    leng_rpc.c 413  luacRPCFuncProto_Invoke(6c402060,6426de80) [in]
[2016/12/15 15:23:18 762][Px1747][Tx77fff700][INF] LMOD       luac_logge 172  [ns:244:ns soc error  10202  ]
[2016/12/15 15:23:18 763][Px1747][Tx77fff700][TRC] MSPSOCKET  MSPSocket. 1014 MSPSocket_Close(6c41e8c0) [in]
[2016/12/15 15:23:18 763][Px1747][Tx77fff700][DBG] MSPSOCKET  MSPSocket. 1034 close(7), 6c41e8c0
[2016/12/15 15:23:18 763][Px1747][Tx77fff700][TRC] MSPSOCKET  MSPSocket. 1068 MSPSocket_Close() [out] 0
[2016/12/15 15:23:18 764][Px1747][Tx77fff700][INF] LMOD       luac_logge 172  [ns:407:name server http resp  nil  10202  nil  ]
[2016/12/15 15:23:18 764][Px1747][Tx77fff700][INF] LMOD       luac_logge 172  [ns:551:ns response failed, err =  10202  ]
[2016/12/15 15:23:18 764][Px1747][Tx77fff700][INF] LMOD       luac_logge 172  [ns:111:ns_host=  open.xf-yun.com  ]
[2016/12/15 15:23:18 765][Px1747][Tx77fff700][INF] LMOD       luac_logge 172  [ns:113:use default ip  ]
[2016/12/15 15:23:18 765][Px1747][Tx77fff700][INF] LMOD       luac_logge 172  [transport:974:ns_ip =   116.213.69.195  ]
[2016/12/15 15:23:18 766][Px1747][Tx77fff700][INF] LMOD       luac_logge 172  [transport:975:ip_type =  def_athopen.xf-yun.com  ]
[2016/12/15 15:23:18 766][Px1747][Tx77fff700][INF] LMOD       luac_logge 172  [ns:756:no data in ns_q  ]
[2016/12/15 15:23:18 766][Px1747][Tx77fff700][INF] LMOD       luac_logge 172  [ns:757:conti_ns,ns_inprog =   1  ]
[2016/12/15 15:23:18 767][Px1747][Tx77fff700][DBG] LENGINE    leng_rpc.c 527  luacRPCFuncProto_Invoke() [out] ret = 0
[2016/12/15 15:23:18 767][Px1747][Tx77fff700][DBG] LENGINE    leng_main. 513  ENGINE_MSG_RPC_ASYNC
[2016/12/15 15:23:18 768][Px1747][Tx77fff700][DBG] LENGINE    leng_main. 521  [isr_local], stat = 1
[2016/12/15 15:23:18 768][Px1747][Tx77fff700][DBG] LENGINE    leng_rpc.c 413  luacRPCFuncProto_Invoke(6c41a3c0,6426de80) [in]
[2016/12/15 15:23:18 768][Px1747][Tx77fff700][ERR] LMOD       luac_logge 166  [transport:545:MSC:[soc] [0] error 10202 101!  ]
[2016/12/15 15:23:18 768][Px1747][Tx77fff700][TRC] MSPSOCKET  MSPSocket. 1014 MSPSocket_Close(6c4034c0) [in]
[2016/12/15 15:23:18 769][Px1747][Tx77fff700][DBG] MSPSOCKET  MSPSocket. 1034 close(8), 6c4034c0
[2016/12/15 15:23:18 769][Px1747][Tx77fff700][TRC] MSPSOCKET  MSPSocket. 1068 MSPSocket_Close() [out] 0
[2016/12/15 15:23:18 769][Px1747][Tx77fff700][INF] LMOD       luac_logge 172  [transport:57:clear_ip ip_type =  def_athopen.xf-yun.com  ]
[2016/12/15 15:23:18 770][Px1747][Tx77fff700][WAR] LMOD       luac_logge 168  [transport:321:soc_conn_failed  ]
[2016/12/15 15:23:18 771][Px1747][Tx77fff700][DBG] LMOD       luac_logge 178  [network:88:iptoenv ,  ipcache  open.xf-yun.com  def  nil  ]
[2016/12/15 15:23:18 771][Px1747][Tx77fff700][INF] LLOADER    lloader.c  327  load dkjson
[2016/12/15 15:23:18 771][Px1747][Tx77fff700][INF] LLOADER    lloader.c  339  a intalled entry
[2016/12/15 15:23:18 772][Px1747][Tx77fff700][INF] LLOADER    lloader.c  365  from rom
[2016/12/15 15:23:18 772][Px1747][Tx77fff700][PRF] LLOADER    lloader.c  397  load dkjson cost 0 (ms)
[2016/12/15 15:23:18 772][Px1747][Tx77fff700][INF] LMOD       luac_logge 172  [transport:390:switch 80  ]
[2016/12/15 15:23:18 773][Px1747][Tx77fff700][TRC] LENGINE    leng_shell 109  lEngine_Start(6c0639d8,6c0639d8,0,) [in]
[2016/12/15 15:23:18 773][Px1747][Tx77fff700][TRC] LENGINE    leng_shell 351  lEngine_PostMessage(6c3fc3c0,1,2,) [in]
[2016/12/15 15:23:18 773][Px1747][Tx77fff700][DBG] MSPTHREAD  MSPThreadP 733  POST l_engine_1:10:1:1
[2016/12/15 15:23:18 773][Px1747][Tx7cc6e700][DBG] LENGINE    leng_main. 513  ENGINE_MSG_RPC_ASYNC
[2016/12/15 15:23:18 773][Px1747][Tx7cc6e700][DBG] LENGINE    leng_main. 521  [waiter], stat = 1
[2016/12/15 15:23:18 774][Px1747][Tx7cc6e700][DBG] LENGINE    leng_rpc.c 413  luacRPCFuncProto_Invoke(6c40efd0,6c3fc3c0) [in]
[2016/12/15 15:23:18 774][Px1747][Tx77fff700][TRC] LENGINE    leng_shell 374  lEngine_PostMessage() [out] 0
[2016/12/15 15:23:18 774][Px1747][Tx7cc6e700][INF] LMOD       luac_logge 172  [network:380:redns  def  open.xf-yun.com  ]
[2016/12/15 15:23:18 774][Px1747][Tx7cc6e700][TRC] MSPADNS    MSPAsyncDn 268  MSPAsyncDns_Start() [in]
[2016/12/15 15:23:18 775][Px1747][Tx7d46f700][DBG] MSPADNS    MSPAsyncDn 184  gethostbyname(open.xf-yun.com) start [id=1880355144]
[2016/12/15 15:23:18 775][Px1747][Tx7d46f700][ERR] MSPADNS    MSPAsyncDn 211  gethostbyname(open.xf-yun.com) failed: Temporary failure in name resolution [id=1880355144]
[2016/12/15 15:23:18 775][Px1747][Tx7d46f700][DBG] MSPTHREAD  MSPThreadP 733  POST l_engine_1:10:1:0
[2016/12/15 15:23:18 775][Px1747][Tx77fff700][TRC] LMOD       luac_logge 170  [transport:1198:[soc] disconnect   ]
[2016/12/15 15:23:18 776][Px1747][Tx7cc6e700][INF] LMOD       luac_logge 172  [waiter:196:last gc at  1481844193  ]
[2016/12/15 15:23:18 776][Px1747][Tx7cc6e700][DBG] LENGINE    leng_rpc.c 527  luacRPCFuncProto_Invoke() [out] ret = 0
[2016/12/15 15:23:18 776][Px1747][Tx7cc6e700][DBG] LENGINE    leng_main. 513  ENGINE_MSG_RPC_ASYNC
[2016/12/15 15:23:18 776][Px1747][Tx7cc6e700][DBG] LENGINE    leng_main. 521  [waiter], stat = 1
[2016/12/15 15:23:18 776][Px1747][Tx7cc6e700][DBG] LENGINE    leng_rpc.c 413  luacRPCFuncProto_Invoke(54001a20,6c3fc3c0) [in]
[2016/12/15 15:23:18 777][Px1747][Tx77fff700][DBG] LENGINE    leng_rpc.c 527  luacRPCFuncProto_Invoke() [out] ret = 0
[2016/12/15 15:23:18 777][Px1747][Tx7cc6e700][INF] LMOD       luac_logge 172  [network:173:dns resp  10214  ]
[2016/12/15 15:23:18 778][Px1747][Tx7cc6e700][INF] LMOD       luac_logge 172  [network:397:redns dns resp  nil  10214  nil  nil  ]
[2016/12/15 15:23:18 778][Px1747][Tx7cc6e700][DBG] LENGINE    leng_rpc.c 527  luacRPCFuncProto_Invoke() [out] ret = 0
[2016/12/15 15:23:18 975][Px1747][Tx77fff700][DBG] LENGINE    leng_rpc.c 413  luacRPCFuncProto_Invoke(6c41ae60,6426de80) [in]
[2016/12/15 15:23:18 976][Px1747][Tx77fff700][INF] LMOD       luac_logge 172  [transport:959:session.domain=  open.xf-yun.com  ]
[2016/12/15 15:23:18 976][Px1747][Tx77fff700][INF] LMOD       luac_logge 172  [transport:960:url.host=  open.xf-yun.com  ]
[2016/12/15 15:23:18 977][Px1747][Tx77fff700][INF] LLOADER    lloader.c  327  load dkjson
[2016/12/15 15:23:18 977][Px1747][Tx77fff700][INF] LLOADER    lloader.c  339  a intalled entry
[2016/12/15 15:23:18 977][Px1747][Tx77fff700][INF] LLOADER    lloader.c  365  from rom
[2016/12/15 15:23:18 977][Px1747][Tx77fff700][PRF] LLOADER    lloader.c  397  load dkjson cost 1 (ms)
[2016/12/15 15:23:18 978][Px1747][Tx77fff700][DBG] LMOD       luac_logge 178  [network:83:ipfromenv ,  ipcache  open.xf-yun.com  def  nil  ]
[2016/12/15 15:23:18 978][Px1747][Tx77fff700][TRC] LMOD       luac_logge 170  [transport:994:NAMESERVER START  ]
[2016/12/15 15:23:18 979][Px1747][Tx77fff700][INF] LMOD       luac_logge 172  [transport:997:name =   ath  ]
[2016/12/15 15:23:18 979][Px1747][Tx77fff700][INF] LMOD       luac_logge 172  [ns:727:ntt=  standard  ]
[2016/12/15 15:23:18 979][Px1747][Tx77fff700][INF] LMOD       luac_logge 172  [transport:1000:trans,ns_inprog =  0  ]
[2016/12/15 15:23:18 980][Px1747][Tx77fff700][TRC] LMOD       luac_logge 170  [ns:682:name server start  ]
[2016/12/15 15:23:18 980][Px1747][Tx77fff700][INF] LMOD       luac_logge 172  [ns:683:ns_sub =   ath  ]
[2016/12/15 15:23:18 981][Px1747][Tx77fff700][INF] LMOD       luac_logge 172  [ns:685:ns_host=  open.xf-yun.com  ]
[2016/12/15 15:23:18 982][Px1747][Tx77fff700][INF] LMOD       luac_logge 172  [ns:403:ns_host=  open.xf-yun.com  ]
[2016/12/15 15:23:18 982][Px1747][Tx77fff700][DBG] LMOD       luac_logge 178  [ns:662:GET /sip/resolver?srand=1215152311.32 HTTP/1.1
Host: hdns.openspeech.cn
Connection: Keep-Alive
X-Par: ver=1.2&appid=583467f7&operator=UNKNOW&nettype=STANDARD&cver=5.0.27.1135&svc=ath&host=open.xf-yun.com&sign=35d8de5920788f2239e6c003e0791a01
User-Agent: iFLYCloud

  ]
[2016/12/15 15:23:18 982][Px1747][Tx77fff700][INF] LMOD       luac_logge 172  [ns:663:net_type =  standard  ]
[2016/12/15 15:23:18 983][Px1747][Tx77fff700][INF] LMOD       luac_logge 172  [ns:664:cmwapascmnet =  ]
[2016/12/15 15:23:18 983][Px1747][Tx77fff700][INF] LMOD       luac_logge 172  [ns:665:uniwapasuninet =  ]
[2016/12/15 15:23:18 983][Px1747][Tx77fff700][INF] LMOD       luac_logge 172  [ns:666:ctwapasctnet =  ]
[2016/12/15 15:23:18 984][Px1747][Tx77fff700][INF] LMOD       luac_logge 172  [ns:676:host=  hdns.openspeech.cn  ]
[2016/12/15 15:23:18 984][Px1747][Tx77fff700][TRC] MSPADNS    MSPAsyncDn 268  MSPAsyncDns_Start() [in]
[2016/12/15 15:23:18 984][Px1747][Tx7d46f700][DBG] MSPADNS    MSPAsyncDn 184  gethostbyname(hdns.openspeech.cn) start [id=1816114856]
[2016/12/15 15:23:18 985][Px1747][Tx7d46f700][ERR] MSPADNS    MSPAsyncDn 211  gethostbyname(hdns.openspeech.cn) failed: Temporary failure in name resolution [id=1816114856]
[2016/12/15 15:23:18 985][Px1747][Tx7d46f700][DBG] MSPTHREAD  MSPThreadP 733  POST l_engine_2:10:1:1
[2016/12/15 15:23:18 985][Px1747][Tx77fff700][TRC] MSPADNS    MSPAsyncDn 268  MSPAsyncDns_Start() [in]
[2016/12/15 15:23:18 985][Px1747][Tx7d46f700][DBG] MSPADNS    MSPAsyncDn 184  gethostbyname(open.xf-yun.com) start [id=1816243112]
[2016/12/15 15:23:18 986][Px1747][Tx7d46f700][ERR] MSPADNS    MSPAsyncDn 211  gethostbyname(open.xf-yun.com) failed: Temporary failure in name resolution [id=1816243112]
[2016/12/15 15:23:18 986][Px1747][Tx7d46f700][DBG] MSPTHREAD  MSPThreadP 733  POST l_engine_2:10:2:0
[2016/12/15 15:23:18 986][Px1747][Tx77fff700][DBG] LENGINE    leng_rpc.c 527  luacRPCFuncProto_Invoke() [out] ret = 0
[2016/12/15 15:23:18 987][Px1747][Tx77fff700][DBG] LENGINE    leng_main. 513  ENGINE_MSG_RPC_ASYNC
[2016/12/15 15:23:18 987][Px1747][Tx77fff700][DBG] LENGINE    leng_main. 521  [isr_local], stat = 1
[2016/12/15 15:23:18 987][Px1747][Tx77fff700][DBG] LENGINE    leng_rpc.c 413  luacRPCFuncProto_Invoke(54001a20,6426de80) [in]
[2016/12/15 15:23:18 988][Px1747][Tx77fff700][INF] LMOD       luac_logge 172  [ns:290:ns dns resp  10214  ]
[2016/12/15 15:23:18 988][Px1747][Tx77fff700][INF] LMOD       luac_logge 172  [ns:564:ns dns failed, err =   10214  ]
[2016/12/15 15:23:18 988][Px1747][Tx77fff700][INF] LMOD       luac_logge 172  [ns:174:ns gethttpresp  117.121.48.5  80  ]
[2016/12/15 15:23:18 989][Px1747][Tx77fff700][TRC] MSPSOCKET  MSPSocket. 269  MSPSocket_New(1, 1) [in]
[2016/12/15 15:23:18 989][Px1747][Tx77fff700][DBG] MSPSOCKET  MSPSocket. 326  socket(2,1,) ret=7, detail=101
[2016/12/15 15:23:18 989][Px1747][Tx77fff700][TRC] MSPSOCKET  MSPSocket. 411  MSPSocket_New() [out] 6c41e8c0 0
[2016/12/15 15:23:18 989][Px1747][Tx77fff700][TRC] MSPSOCKET  MSPSocket. 501  MSPSocket_Connect(6c41e8c0) [in]
[2016/12/15 15:23:18 990][Px1747][Tx77fff700][DBG] MSPSOCKET  MSPSocket. 515  connect(7,117.121.48.5,) ret=-1, hd=6c41e8c0
[2016/12/15 15:23:18 990][Px1747][Tx77fff700][ERR] MSPSOCKET  MSPSocket. 530  connect() failed! 6c41e8c0,7,-1,101
[2016/12/15 15:23:18 990][Px1747][Tx77fff700][DBG] MSPTHREAD  MSPThreadP 733  POST l_engine_2:10:2:0
[2016/12/15 15:23:18 991][Px1747][Tx77fff700][TRC] MSPSOCKET  MSPSocket. 565  MSPSocket_Connect() [out] 10202
[2016/12/15 15:23:18 991][Px1747][Tx77fff700][DBG] LENGINE    leng_rpc.c 527  luacRPCFuncProto_Invoke() [out] ret = 0
[2016/12/15 15:23:18 991][Px1747][Tx77fff700][DBG] LENGINE    leng_main. 513  ENGINE_MSG_RPC_ASYNC
[2016/12/15 15:23:18 992][Px1747][Tx77fff700][DBG] LENGINE    leng_main. 521  [isr_local], stat = 1
[2016/12/15 15:23:18 992][Px1747][Tx77fff700][DBG] LENGINE    leng_rpc.c 413  luacRPCFuncProto_Invoke(54002d10,6426de80) [in]
[2016/12/15 15:23:18 992][Px1747][Tx77fff700][ERR] LMOD       luac_logge 166  [transport:295:[dns] [0] failed! 10214  ]
[2016/12/15 15:23:18 993][Px1747][Tx77fff700][INF] LLOADER    lloader.c  327  load dkjson
[2016/12/15 15:23:18 993][Px1747][Tx77fff700][INF] LLOADER    lloader.c  339  a intalled entry
[2016/12/15 15:23:18 993][Px1747][Tx77fff700][INF] LLOADER    lloader.c  365  from rom
[2016/12/15 15:23:18 993][Px1747][Tx77fff700][PRF] LLOADER    lloader.c  397  load dkjson cost 1 (ms)
[2016/12/15 15:23:18 994][Px1747][Tx77fff700][DBG] LMOD       luac_logge 178  [network:83:ipfromenv ,  ipcache  open.xf-yun.com  def  nil  ]
[2016/12/15 15:23:18 994][Px1747][Tx77fff700][INF] LLOADER    lloader.c  327  load dkjson
[2016/12/15 15:23:18 995][Px1747][Tx77fff700][INF] LLOADER    lloader.c  339  a intalled entry
[2016/12/15 15:23:18 995][Px1747][Tx77fff700][INF] LLOADER    lloader.c  365  from rom
[2016/12/15 15:23:18 995][Px1747][Tx77fff700][PRF] LLOADER    lloader.c  397  load dkjson cost 1 (ms)
[2016/12/15 15:23:18 996][Px1747][Tx77fff700][DBG] LMOD       luac_logge 178  [network:83:ipfromenv ,  ipcfg  open.xf-yun.com  def  nil  ]
[2016/12/15 15:23:18 996][Px1747][Tx77fff700][TRC] LMOD       luac_logge 170  [transport:1166:[soc] connect   116.213.69.195  80  ]
[2016/12/15 15:23:18 997][Px1747][Tx77fff700][TRC] MSPSOCKET  MSPSocket. 1593 MSPSocketTCPConnPool_Query(116.213.69.195, 80) [in]
[2016/12/15 15:23:18 997][Px1747][Tx77fff700][TRC] MSPSOCKET  MSPSocket. 1618 MSPSocketTCPConnPool_Query() [out] ret=0
[2016/12/15 15:23:18 997][Px1747][Tx77fff700][INF] LMOD       luac_logge 172  [transport:1183:mspsoc.open,prot_type=  tcp  ]
[2016/12/15 15:23:18 997][Px1747][Tx77fff700][TRC] MSPSOCKET  MSPSocket. 269  MSPSocket_New(1, 1) [in]
[2016/12/15 15:23:18 998][Px1747][Tx77fff700][DBG] MSPSOCKET  MSPSocket. 326  socket(2,1,) ret=8, detail=101
[2016/12/15 15:23:18 998][Px1747][Tx77fff700][TRC] MSPSOCKET  MSPSocket. 411  MSPSocket_New() [out] 6c419e30 0
[2016/12/15 15:23:18 998][Px1747][Tx77fff700][TRC] MSPSOCKET  MSPSocket. 501  MSPSocket_Connect(6c419e30) [in]
[2016/12/15 15:23:18 998][Px1747][Tx77fff700][DBG] MSPSOCKET  MSPSocket. 515  connect(8,116.213.69.195,) ret=-1, hd=6c419e30
[2016/12/15 15:23:18 999][Px1747][Tx77fff700][ERR] MSPSOCKET  MSPSocket. 530  connect() failed! 6c419e30,8,-1,101
[2016/12/15 15:23:18 999][Px1747][Tx77fff700][DBG] MSPTHREAD  MSPThreadP 733  POST l_engine_2:10:2:0
[2016/12/15 15:23:18 999][Px1747][Tx77fff700][TRC] MSPSOCKET  MSPSocket. 565  MSPSocket_Connect() [out] 10202
[2016/12/15 15:23:18 999][Px1747][Tx77fff700][DBG] LENGINE    leng_rpc.c 527  luacRPCFuncProto_Invoke() [out] ret = 0
[2016/12/15 15:23:18 999][Px1747][Tx77fff700][DBG] LENGINE    leng_main. 513  ENGINE_MSG_RPC_ASYNC
[2016/12/15 15:23:19 000][Px1747][Tx77fff700][DBG] LENGINE    leng_main. 521  [isr_local], stat = 1
[2016/12/15 15:23:19 000][Px1747][Tx77fff700][DBG] LENGINE    leng_rpc.c 413  luacRPCFuncProto_Invoke(6c402060,6426de80) [in]
[2016/12/15 15:23:19 001][Px1747][Tx77fff700][INF] LMOD       luac_logge 172  [ns:244:ns soc error  10202  ]
[2016/12/15 15:23:19 001][Px1747][Tx77fff700][TRC] MSPSOCKET  MSPSocket. 1014 MSPSocket_Close(6c41e8c0) [in]
[2016/12/15 15:23:19 001][Px1747][Tx77fff700][DBG] MSPSOCKET  MSPSocket. 1034 close(7), 6c41e8c0
[2016/12/15 15:23:19 002][Px1747][Tx77fff700][TRC] MSPSOCKET  MSPSocket. 1068 MSPSocket_Close() [out] 0
[2016/12/15 15:23:19 002][Px1747][Tx77fff700][INF] LMOD       luac_logge 172  [ns:407:name server http resp  nil  10202  nil  ]
[2016/12/15 15:23:19 004][Px1747][Tx77fff700][INF] LMOD       luac_logge 172  [ns:551:ns response failed, err =  10202  ]
[2016/12/15 15:23:19 004][Px1747][Tx77fff700][INF] LMOD       luac_logge 172  [ns:111:ns_host=  open.xf-yun.com  ]
[2016/12/15 15:23:19 004][Px1747][Tx77fff700][INF] LMOD       luac_logge 172  [ns:113:use default ip  ]
[2016/12/15 15:23:19 005][Px1747][Tx77fff700][INF] LMOD       luac_logge 172  [transport:974:ns_ip =   116.213.69.195  ]
[2016/12/15 15:23:19 006][Px1747][Tx77fff700][INF] LMOD       luac_logge 172  [transport:975:ip_type =  def_athopen.xf-yun.com  ]
[2016/12/15 15:23:19 007][Px1747][Tx77fff700][INF] LMOD       luac_logge 172  [ns:756:no data in ns_q  ]
[2016/12/15 15:23:19 007][Px1747][Tx77fff700][INF] LMOD       luac_logge 172  [ns:757:conti_ns,ns_inprog =   1  ]
[2016/12/15 15:23:19 007][Px1747][Tx77fff700][DBG] LENGINE    leng_rpc.c 527  luacRPCFuncProto_Invoke() [out] ret = 0
[2016/12/15 15:23:19 007][Px1747][Tx77fff700][DBG] LENGINE    leng_main. 513  ENGINE_MSG_RPC_ASYNC
[2016/12/15 15:23:19 008][Px1747][Tx77fff700][DBG] LENGINE    leng_main. 521  [isr_local], stat = 1
[2016/12/15 15:23:19 008][Px1747][Tx77fff700][DBG] LENGINE    leng_rpc.c 413  luacRPCFuncProto_Invoke(6c032830,6426de80) [in]
[2016/12/15 15:23:19 009][Px1747][Tx77fff700][ERR] LMOD       luac_logge 166  [transport:545:MSC:[soc] [0] error 10202 101!  ]
[2016/12/15 15:23:19 010][Px1747][Tx77fff700][TRC] MSPSOCKET  MSPSocket. 1014 MSPSocket_Close(6c419e30) [in]
[2016/12/15 15:23:19 010][Px1747][Tx77fff700][DBG] MSPSOCKET  MSPSocket. 1034 close(8), 6c419e30
[2016/12/15 15:23:19 010][Px1747][Tx77fff700][TRC] MSPSOCKET  MSPSocket. 1068 MSPSocket_Close() [out] 0
[2016/12/15 15:23:19 011][Px1747][Tx77fff700][INF] LMOD       luac_logge 172  [transport:57:clear_ip ip_type =  def_athopen.xf-yun.com  ]
[2016/12/15 15:23:19 011][Px1747][Tx77fff700][WAR] LMOD       luac_logge 168  [transport:321:soc_conn_failed  ]
[2016/12/15 15:23:19 012][Px1747][Tx77fff700][DBG] LMOD       luac_logge 178  [network:88:iptoenv ,  ipcache  open.xf-yun.com  def  nil  ]
[2016/12/15 15:23:19 012][Px1747][Tx77fff700][INF] LLOADER    lloader.c  327  load dkjson
[2016/12/15 15:23:19 012][Px1747][Tx77fff700][INF] LLOADER    lloader.c  339  a intalled entry
[2016/12/15 15:23:19 013][Px1747][Tx77fff700][INF] LLOADER    lloader.c  365  from rom
[2016/12/15 15:23:19 013][Px1747][Tx77fff700][PRF] LLOADER    lloader.c  397  load dkjson cost 1 (ms)
[2016/12/15 15:23:19 014][Px1747][Tx77fff700][INF] LMOD       luac_logge 172  [transport:390:switch 80  ]
[2016/12/15 15:23:19 014][Px1747][Tx77fff700][TRC] LENGINE    leng_shell 109  lEngine_Start(6c0639d8,6c0639d8,0,) [in]
[2016/12/15 15:23:19 014][Px1747][Tx77fff700][TRC] LENGINE    leng_shell 351  lEngine_PostMessage(6c3fc3c0,1,2,) [in]
[2016/12/15 15:23:19 015][Px1747][Tx77fff700][DBG] MSPTHREAD  MSPThreadP 733  POST l_engine_1:10:1:1
[2016/12/15 15:23:19 015][Px1747][Tx7cc6e700][DBG] LENGINE    leng_main. 513  ENGINE_MSG_RPC_ASYNC
[2016/12/15 15:23:19 016][Px1747][Tx7cc6e700][DBG] LENGINE    leng_main. 521  [waiter], stat = 1
[2016/12/15 15:23:19 016][Px1747][Tx7cc6e700][DBG] LENGINE    leng_rpc.c 413  luacRPCFuncProto_Invoke(6c40efd0,6c3fc3c0) [in]
[2016/12/15 15:23:19 017][Px1747][Tx77fff700][TRC] LENGINE    leng_shell 374  lEngine_PostMessage() [out] 0
[2016/12/15 15:23:19 017][Px1747][Tx7cc6e700][INF] LMOD       luac_logge 172  [network:380:redns  def  open.xf-yun.com  ]
[2016/12/15 15:23:19 017][Px1747][Tx7cc6e700][TRC] MSPADNS    MSPAsyncDn 268  MSPAsyncDns_Start() [in]
[2016/12/15 15:23:19 018][Px1747][Tx7d46f700][DBG] MSPADNS    MSPAsyncDn 184  gethostbyname(open.xf-yun.com) start [id=1879151256]
[2016/12/15 15:23:19 018][Px1747][Tx7d46f700][ERR] MSPADNS    MSPAsyncDn 211  gethostbyname(open.xf-yun.com) failed: Temporary failure in name resolution [id=1879151256]
[2016/12/15 15:23:19 019][Px1747][Tx7d46f700][DBG] MSPTHREAD  MSPThreadP 733  POST l_engine_1:10:1:0
[2016/12/15 15:23:19 019][Px1747][Tx77fff700][TRC] LMOD       luac_logge 170  [transport:1198:[soc] disconnect   ]
[2016/12/15 15:23:19 020][Px1747][Tx7cc6e700][INF] LMOD       luac_logge 172  [waiter:196:last gc at  1481844193  ]
[2016/12/15 15:23:19 020][Px1747][Tx7cc6e700][DBG] LENGINE    leng_rpc.c 527  luacRPCFuncProto_Invoke() [out] ret = 0
[2016/12/15 15:23:19 021][Px1747][Tx7cc6e700][DBG] LENGINE    leng_main. 513  ENGINE_MSG_RPC_ASYNC
[2016/12/15 15:23:19 021][Px1747][Tx7cc6e700][DBG] LENGINE    leng_main. 521  [waiter], stat = 1
[2016/12/15 15:23:19 022][Px1747][Tx7cc6e700][DBG] LENGINE    leng_rpc.c 413  luacRPCFuncProto_Invoke(54001a20,6c3fc3c0) [in]
[2016/12/15 15:23:19 022][Px1747][Tx77fff700][ERR] LMOD       luac_logge 166  [transport:49:throw_exception  10202  101  MSC:[soc] [0] error 10202 101!  ]
[2016/12/15 15:23:19 023][Px1747][Tx7cc6e700][INF] LMOD       luac_logge 172  [network:173:dns resp  10214  ]
[2016/12/15 15:23:19 024][Px1747][Tx77fff700][ERR] LMOD       luac_logge 166  [auth:427:[trans] [id = table: 0x7fc06c3eaa70;;;=0===;auth] exception 10202  ]
[2016/12/15 15:23:19 025][Px1747][Tx7cc6e700][INF] LMOD       luac_logge 172  [network:397:redns dns resp  nil  10214  nil  nil  ]
[2016/12/15 15:23:19 025][Px1747][Tx7cc6e700][DBG] LENGINE    leng_rpc.c 527  luacRPCFuncProto_Invoke() [out] ret = 0
[2016/12/15 15:23:19 025][Px1747][Tx77fff700][INF] LMOD       luac_logge 172  [auth:432:auth trytimes =   6  ]
[2016/12/15 15:23:19 026][Px1747][Tx77fff700][DBG] LENGINE    leng_rpc.c 527  luacRPCFuncProto_Invoke() [out] ret = 0
[2016/12/15 15:23:22 911][Px1747][Tx7f39e700][TRC] QISR       qisr.c     189  QISRSessionBegin(0,94a3b0,3d267a48) [in]
[2016/12/15 15:23:22 911][Px1747][Tx7f39e700][TRC] MSPCMN     msp_cmn.c  2610 MSPGetParam(7ee35a08, 3d267980, 3d267978) [in]
[2016/12/15 15:23:22 912][Px1747][Tx7f39e700][TRC] MSPCMN     msp_cmn.c  2626 MSPGetParam() [out] -1
[2016/12/15 15:23:22 912][Px1747][Tx7f39e700][TRC] LENGINE    leng_shell 109  lEngine_Start(7eea350b,94b020,1,) [in]
[2016/12/15 15:23:22 912][Px1747][Tx7f39e700][INF] LLOADER    lloader.c  327  load isr
[2016/12/15 15:23:22 912][Px1747][Tx7f39e700][INF] LLOADER    lloader.c  339  a intalled entry
[2016/12/15 15:23:22 912][Px1747][Tx7f39e700][INF] LLOADER    lloader.c  365  from rom
[2016/12/15 15:23:22 912][Px1747][Tx7f39e700][PRF] LLOADER    lloader.c  397  load isr cost 0 (ms)
[2016/12/15 15:23:22 913][Px1747][Tx7f39e700][DBG] LENGINE    leng_shell 193  env=94b860,isr,cisr1PdHHBHNrqy2XJJZawd4DB2JBviknj
[2016/12/15 15:23:22 913][Px1747][Tx7f39e700][DBG] MSPTHREAD  MSPThreadP 733  POST l_engine_3:6:1:1
[2016/12/15 15:23:22 913][Px1747][Tx777fe700][DBG] LENGINE    leng_main. 561  ENGINE_MSG_LOAD
[2016/12/15 15:23:22 914][Px1747][Tx777fe700][DBG] LENGINE    leng_main. 209  lEngine_LoadEnv(7f1963a0,94b860) [in]
[2016/12/15 15:23:22 914][Px1747][Tx7f39e700][TRC] LENGINE    leng_shell 264  lEngine_Start() [out] 0
[2016/12/15 15:23:22 914][Px1747][Tx7f39e700][TRC] LENGINE    leng_shell 385  lEngine_SendMessage(94b860,1,2,,,) [in]
[2016/12/15 15:23:22 915][Px1747][Tx7f39e700][DBG] MSPTHREAD  MSPThreadP 733  POST l_engine_3:11:1:0
[2016/12/15 15:23:22 915][Px1747][Tx777fe700][INF] LLOADER    lloader.c  327  load ecode
[2016/12/15 15:23:22 916][Px1747][Tx777fe700][INF] LLOADER    lloader.c  339  a intalled entry
[2016/12/15 15:23:22 916][Px1747][Tx777fe700][INF] LLOADER    lloader.c  365  from rom
[2016/12/15 15:23:22 917][Px1747][Tx777fe700][PRF] LLOADER    lloader.c  397  load ecode cost 3 (ms)
[2016/12/15 15:23:22 917][Px1747][Tx777fe700][DBG] LENGINE    leng_main. 263  precall return 0
[2016/12/15 15:23:22 918][Px1747][Tx777fe700][DBG] LENGINE    leng_main. 288  [cisr1PdHHBHNrqy2XJJZawd4DB2JBviknj], ACTIVE
[2016/12/15 15:23:22 918][Px1747][Tx777fe700][DBG] LENGINE    leng_rpc.c 413  luacRPCFuncProto_Invoke(6429f030,94b860) [in]
[2016/12/15 15:23:22 919][Px1747][Tx777fe700][TRC] LMOD       luac_logge 170  [isr:1641:isr loaded!  ]
[2016/12/15 15:23:22 920][Px1747][Tx777fe700][DBG] LENGINE    leng_rpc.c 527  luacRPCFuncProto_Invoke() [out] ret = 0
[2016/12/15 15:23:22 920][Px1747][Tx777fe700][DBG] LENGINE    leng_main. 312  [cisr1PdHHBHNrqy2XJJZawd4DB2JBviknj], loaded
[2016/12/15 15:23:22 921][Px1747][Tx777fe700][DBG] LENGINE    leng_rpc.c 413  luacRPCFuncProto_Invoke(6429f030,94b860) [in]
[2016/12/15 15:23:22 922][Px1747][Tx777fe700][TRC] LMOD       luac_logge 170  [isr:1624:SYS_MSG_REGCB param0 =   msp_status_cb  param1 =   func(6429f310) ]
[2016/12/15 15:23:22 922][Px1747][Tx777fe700][DBG] LENGINE    leng_rpc.c 527  luacRPCFuncProto_Invoke() [out] ret = 0
[2016/12/15 15:23:22 923][Px1747][Tx777fe700][DBG] LENGINE    leng_main. 345  lEngine_LoadEnv() [out] successfully
[2016/12/15 15:23:22 923][Px1747][Tx777fe700][DBG] LENGINE    leng_main. 567  cisr1PdHHBHNrqy2XJJZawd4DB2JBviknj, eng = l_engine_3, env = 94b860, L = 99cae0
[2016/12/15 15:23:22 923][Px1747][Tx777fe700][INF] LENGINE    leng_main. 568  l_engine_3 occupancy: 1 (33%)
[2016/12/15 15:23:22 923][Px1747][Tx777fe700][DBG] LENGINE    leng_main. 535  ENGINE_MSG_RPC_SYNC
[2016/12/15 15:23:22 923][Px1747][Tx777fe700][DBG] LENGINE    leng_main. 543  [cisr1PdHHBHNrqy2XJJZawd4DB2JBviknj], stat = 1
[2016/12/15 15:23:22 923][Px1747][Tx777fe700][DBG] LENGINE    leng_rpc.c 413  luacRPCFuncProto_Invoke(94bf80,94b860) [in]
[2016/12/15 15:23:22 924][Px1747][Tx777fe700][TRC] LMOD       luac_logge 170  [isr:1525:ASR_MSG_SSB  ]
[2016/12/15 15:23:22 924][Px1747][Tx777fe700][TRC] LMOD       luac_logge 170  [isr:1070:session_begin() [in], params:   engine_type = local, asr_res_path = fo|res/asr/common.jet, sample_rate = 16000, grm_build_path = res/asr/GrmBuilld, local_grammar = cmd, result_type = xml, result_encoding = UTF-8,   nil  ]
[2016/12/15 15:23:22 925][Px1747][Tx777fe700][TRC] LMOD       luac_logge 170  [isr:938:vad_set [in]  ]
[2016/12/15 15:23:22 925][Px1747][Tx777fe700][TRC] LMOD       luac_logge 170  [isr:973:vad_enable :  true  ]
[2016/12/15 15:23:22 925][Px1747][Tx777fe700][TRC] LMOD       luac_logge 170  [isr:991:vad_bos :  10000  ]
[2016/12/15 15:23:22 926][Px1747][Tx777fe700][TRC] LMOD       luac_logge 170  [isr:992:vad_eos :  2000  ]
[2016/12/15 15:23:22 926][Px1747][Tx777fe700][TRC] LMOD       luac_logge 170  [isr:897:enable_vad [in]  ]
[2016/12/15 15:23:22 926][Px1747][Tx777fe700][TRC] AUDIOCODEC audio_code 521  audioEncoder_New(642710f8, 0) [in]
[2016/12/15 15:23:22 926][Px1747][Tx777fe700][INF] AUDIOCODEC audio_code 527  codecsType = 114
[2016/12/15 15:23:22 926][Px1747][Tx777fe700][DBG] MSPTHREAD  MSPThreadP 733  POST grmWorker_build:1:1:1
[2016/12/15 15:23:22 926][Px1747][Tx767fc700][DBG] MSPTHREAD  MSPThreadP 867  grmWorker_build RUN <audioEncoder>
[2016/12/15 15:23:22 928][Px1747][Tx777fe700][TRC] AUDIOCODEC audio_code 847  audioEncoder_EnableVAD() [in]
[2016/12/15 15:23:22 928][Px1747][Tx777fe700][DBG] AUDIOCODEC audio_code 854  iFlyFixFrontVersion = 1.0.1013
[2016/12/15 15:23:22 929][Px1747][Tx777fe700][DBG] AUDIOCODEC audio_code 856  iFlyFixFrontCreate() ret=0
[2016/12/15 15:23:22 929][Px1747][Tx777fe700][TRC] AUDIOCODEC audio_code 874  audioEncoder_SetVADParam(, 0, 10000) [in]
[2016/12/15 15:23:22 929][Px1747][Tx777fe700][TRC] AUDIOCODEC audio_code 874  audioEncoder_SetVADParam(, 1, 2000) [in]
[2016/12/15 15:23:22 930][Px1747][Tx777fe700][TRC] AUDIOCODEC audio_code 874  audioEncoder_SetVADParam(, 5, 0) [in]
[2016/12/15 15:23:22 930][Px1747][Tx777fe700][TRC] LMOD       luac_logge 170  [isr:929:vad enabled!  2000  10000  ]
[2016/12/15 15:23:22 930][Px1747][Tx777fe700][TRC] LMOD       luac_logge 170  [isr:932:enable_vad [out]  ]
[2016/12/15 15:23:22 931][Px1747][Tx777fe700][TRC] LMOD       luac_logge 170  [isr:998:vad_set [out] | ret =  0  ]
[2016/12/15 15:23:22 932][Px1747][Tx777fe700][TRC] LMOD       luac_logge 170  [isr:1174:cur_engine_type =   local  ]
[2016/12/15 15:23:22 932][Px1747][Tx777fe700][TRC] LMOD       luac_logge 170  [isr:1003:local_session_begin  ]
[2016/12/15 15:23:22 932][Px1747][Tx777fe700][TRC] LENGINE    leng_shell 109  lEngine_Start(642a4928,642a4928,0,) [in]
[2016/12/15 15:23:22 932][Px1747][Tx777fe700][TRC] LENGINE    leng_shell 444  lEngine_RegisterCallBack(6426de80,6428fca8,7ecdec30,777fd780,) [in]
[2016/12/15 15:23:22 932][Px1747][Tx777fe700][DBG] MSPTHREAD  MSPThreadP 733  POST l_engine_2:8:1:1
[2016/12/15 15:23:22 932][Px1747][Tx777fe700][TRC] LENGINE    leng_shell 481  lEngine_RegisterCallBack() [out] 0
[2016/12/15 15:23:22 933][Px1747][Tx777fe700][TRC] LENGINE    leng_shell 351  lEngine_PostMessage(6426de80,302,2,) [in]
[2016/12/15 15:23:22 933][Px1747][Tx777fe700][DBG] MSPTHREAD  MSPThreadP 733  POST l_engine_2:10:1:0
[2016/12/15 15:23:22 933][Px1747][Tx777fe700][TRC] LENGINE    leng_shell 374  lEngine_PostMessage() [out] 0
[2016/12/15 15:23:22 933][Px1747][Tx777fe700][DBG] LENGINE    leng_rpc.c 527  luacRPCFuncProto_Invoke() [out] ret = 0
[2016/12/15 15:23:22 933][Px1747][Tx7f39e700][TRC] LENGINE    leng_shell 428  lEngine_SendMessage() [out] 0
[2016/12/15 15:23:22 934][Px1747][Tx7f39e700][TRC] QISR       qisr.c     254  QISRSessionBegin() [out] 0
[2016/12/15 15:23:22 934][Px1747][Tx7f39e700][TRC] QISR       qisr.c     307  QISRAudioWrite(94b020,9b7320,6400,1,,) [in]
[2016/12/15 15:23:22 934][Px1747][Tx7f39e700][TRC] QISR       qisr.c     313  QISRAudioWrite session addr:(94b020)
[2016/12/15 15:23:22 934][Px1747][Tx7f39e700][TRC] LENGINE    leng_shell 351  lEngine_PostMessage(94b860,2,2,) [in]
[2016/12/15 15:23:22 934][Px1747][Tx7f39e700][DBG] MSPTHREAD  MSPThreadP 733  POST l_engine_3:10:1:1
[2016/12/15 15:23:22 934][Px1747][Tx7f39e700][TRC] LENGINE    leng_shell 374  lEngine_PostMessage() [out] 0
[2016/12/15 15:23:22 935][Px1747][Tx7f39e700][TRC] QISR       qisr.c     370  QISRAudioWrite() [out] 0
[2016/12/15 15:23:22 940][Px1747][Tx7f39e700][TRC] QISR       qisr.c     307  QISRAudioWrite(94b020,9b8c20,6400,2,,) [in]
[2016/12/15 15:23:22 940][Px1747][Tx7f39e700][TRC] QISR       qisr.c     313  QISRAudioWrite session addr:(94b020)
[2016/12/15 15:23:22 940][Px1747][Tx7f39e700][TRC] LENGINE    leng_shell 351  lEngine_PostMessage(94b860,2,2,) [in]
[2016/12/15 15:23:22 940][Px1747][Tx7f39e700][DBG] MSPTHREAD  MSPThreadP 733  POST l_engine_3:10:1:0
[2016/12/15 15:23:22 941][Px1747][Tx7f39e700][TRC] LENGINE    leng_shell 374  lEngine_PostMessage() [out] 0
[2016/12/15 15:23:22 941][Px1747][Tx7f39e700][TRC] QISR       qisr.c     370  QISRAudioWrite() [out] 0
[2016/12/15 15:23:22 941][Px1747][Tx7f39e700][TRC] QISR       qisr.c     307  QISRAudioWrite(94b020,9ba520,6400,2,,) [in]
[2016/12/15 15:23:22 943][Px1747][Tx7f39e700][TRC] QISR       qisr.c     313  QISRAudioWrite session addr:(94b020)
[2016/12/15 15:23:22 943][Px1747][Tx7f39e700][TRC] LENGINE    leng_shell 351  lEngine_PostMessage(94b860,2,2,) [in]
[2016/12/15 15:23:22 944][Px1747][Tx7f39e700][DBG] MSPTHREAD  MSPThreadP 733  POST l_engine_3:10:2:0
[2016/12/15 15:23:22 944][Px1747][Tx7f39e700][TRC] LENGINE    leng_shell 374  lEngine_PostMessage() [out] 0
[2016/12/15 15:23:22 944][Px1747][Tx7f39e700][TRC] QISR       qisr.c     370  QISRAudioWrite() [out] 0
[2016/12/15 15:23:22 945][Px1747][Tx7f39e700][TRC] QISR       qisr.c     307  QISRAudioWrite(94b020,9bbe20,6400,2,,) [in]
[2016/12/15 15:23:22 945][Px1747][Tx7f39e700][TRC] QISR       qisr.c     313  QISRAudioWrite session addr:(94b020)
[2016/12/15 15:23:22 945][Px1747][Tx7f39e700][TRC] LENGINE    leng_shell 351  lEngine_PostMessage(94b860,2,2,) [in]
[2016/12/15 15:23:22 945][Px1747][Tx7f39e700][DBG] MSPTHREAD  MSPThreadP 733  POST l_engine_3:10:3:0
[2016/12/15 15:23:22 946][Px1747][Tx7f39e700][TRC] LENGINE    leng_shell 374  lEngine_PostMessage() [out] 0
[2016/12/15 15:23:22 946][Px1747][Tx7f39e700][TRC] QISR       qisr.c     370  QISRAudioWrite() [out] 0
[2016/12/15 15:23:22 948][Px1747][Tx7f39e700][TRC] QISR       qisr.c     307  QISRAudioWrite(94b020,9bd720,6400,2,,) [in]
[2016/12/15 15:23:22 948][Px1747][Tx7f39e700][TRC] QISR       qisr.c     313  QISRAudioWrite session addr:(94b020)
[2016/12/15 15:23:22 949][Px1747][Tx7f39e700][TRC] LENGINE    leng_shell 351  lEngine_PostMessage(94b860,2,2,) [in]
[2016/12/15 15:23:22 949][Px1747][Tx7f39e700][DBG] MSPTHREAD  MSPThreadP 733  POST l_engine_3:10:4:0
[2016/12/15 15:23:22 949][Px1747][Tx7f39e700][TRC] LENGINE    leng_shell 374  lEngine_PostMessage() [out] 0
[2016/12/15 15:23:22 949][Px1747][Tx7f39e700][TRC] QISR       qisr.c     370  QISRAudioWrite() [out] 0
[2016/12/15 15:23:22 950][Px1747][Tx7f39e700][TRC] QISR       qisr.c     307  QISRAudioWrite(94b020,9bf020,6400,2,,) [in]
[2016/12/15 15:23:22 950][Px1747][Tx7f39e700][TRC] QISR       qisr.c     313  QISRAudioWrite session addr:(94b020)
[2016/12/15 15:23:22 950][Px1747][Tx7f39e700][TRC] LENGINE    leng_shell 351  lEngine_PostMessage(94b860,2,2,) [in]
[2016/12/15 15:23:22 951][Px1747][Tx7f39e700][DBG] MSPTHREAD  MSPThreadP 733  POST l_engine_3:10:5:0
[2016/12/15 15:23:22 951][Px1747][Tx7f39e700][TRC] LENGINE    leng_shell 374  lEngine_PostMessage() [out] 0
[2016/12/15 15:23:22 951][Px1747][Tx7f39e700][TRC] QISR       qisr.c     370  QISRAudioWrite() [out] 0
[2016/12/15 15:23:22 951][Px1747][Tx7f39e700][TRC] QISR       qisr.c     307  QISRAudioWrite(94b020,9c0920,6400,2,,) [in]
[2016/12/15 15:23:22 952][Px1747][Tx7f39e700][TRC] QISR       qisr.c     313  QISRAudioWrite session addr:(94b020)
[2016/12/15 15:23:22 952][Px1747][Tx7f39e700][TRC] LENGINE    leng_shell 351  lEngine_PostMessage(94b860,2,2,) [in]
[2016/12/15 15:23:22 952][Px1747][Tx7f39e700][DBG] MSPTHREAD  MSPThreadP 733  POST l_engine_3:10:6:0
[2016/12/15 15:23:22 952][Px1747][Tx7f39e700][TRC] LENGINE    leng_shell 374  lEngine_PostMessage() [out] 0
[2016/12/15 15:23:22 953][Px1747][Tx7f39e700][TRC] QISR       qisr.c     370  QISRAudioWrite() [out] 0
[2016/12/15 15:23:22 953][Px1747][Tx7f39e700][TRC] QISR       qisr.c     307  QISRAudioWrite(94b020,9c2220,6400,2,,) [in]
[2016/12/15 15:23:22 953][Px1747][Tx7f39e700][TRC] QISR       qisr.c     313  QISRAudioWrite session addr:(94b020)
[2016/12/15 15:23:22 954][Px1747][Tx7f39e700][TRC] LENGINE    leng_shell 351  lEngine_PostMessage(94b860,2,2,) [in]
[2016/12/15 15:23:22 954][Px1747][Tx7f39e700][DBG] MSPTHREAD  MSPThreadP 733  POST l_engine_3:10:7:0
[2016/12/15 15:23:22 954][Px1747][Tx7f39e700][TRC] LENGINE    leng_shell 374  lEngine_PostMessage() [out] 0
[2016/12/15 15:23:22 954][Px1747][Tx7f39e700][TRC] QISR       qisr.c     370  QISRAudioWrite() [out] 0
[2016/12/15 15:23:22 955][Px1747][Tx7f39e700][TRC] QISR       qisr.c     307  QISRAudioWrite(94b020,9c3b20,6400,2,,) [in]
[2016/12/15 15:23:22 955][Px1747][Tx777fe700][DBG] LENGINE    leng_main. 513  ENGINE_MSG_RPC_ASYNC
[2016/12/15 15:23:22 956][Px1747][Tx777fe700][DBG] LENGINE    leng_main. 521  [cisr1PdHHBHNrqy2XJJZawd4DB2JBviknj], stat = 1
[2016/12/15 15:23:22 957][Px1747][Tx777fe700][DBG] LENGINE    leng_rpc.c 413  luacRPCFuncProto_Invoke(94bf40,94b860) [in]
[2016/12/15 15:23:22 957][Px1747][Tx77fff700][DBG] LENGINE    leng_main. 686  ENGINE_MSG_REGCB
[2016/12/15 15:23:22 958][Px1747][Tx77fff700][DBG] LENGINE    leng_main. 711  isr_local (local_service_cbmsg)
[2016/12/15 15:23:22 958][Px1747][Tx77fff700][DBG] LENGINE    leng_rpc.c 413  luacRPCFuncProto_Invoke(6c41a3c0,6426de80) [in]
[2016/12/15 15:23:22 959][Px1747][Tx777fe700][TRC] LMOD       luac_logge 170  [isr:1535:ASR_MSG_AUW,   local  ]
[2016/12/15 15:23:22 959][Px1747][Tx7f39e700][TRC] QISR       qisr.c     313  QISRAudioWrite session addr:(94b020)
[2016/12/15 15:23:22 960][Px1747][Tx7f39e700][TRC] LENGINE    leng_shell 351  lEngine_PostMessage(94b860,2,2,) [in]
[2016/12/15 15:23:22 960][Px1747][Tx7f39e700][DBG] MSPTHREAD  MSPThreadP 733  POST l_engine_3:10:8:0
[2016/12/15 15:23:22 960][Px1747][Tx7f39e700][TRC] LENGINE    leng_shell 374  lEngine_PostMessage() [out] 0
[2016/12/15 15:23:22 962][Px1747][Tx7f39e700][TRC] QISR       qisr.c     370  QISRAudioWrite() [out] 0
[2016/12/15 15:23:22 962][Px1747][Tx7f39e700][TRC] QISR       qisr.c     307  QISRAudioWrite(94b020,9c5420,6400,2,,) [in]
[2016/12/15 15:23:22 962][Px1747][Tx7f39e700][TRC] QISR       qisr.c     313  QISRAudioWrite session addr:(94b020)
[2016/12/15 15:23:22 963][Px1747][Tx7f39e700][TRC] LENGINE    leng_shell 351  lEngine_PostMessage(94b860,2,2,) [in]
[2016/12/15 15:23:22 963][Px1747][Tx777fe700][TRC] LMOD       luac_logge 170  [isr:1546:6400  1  ]
[2016/12/15 15:23:22 963][Px1747][Tx77fff700][TRC] LMOD       luac_logge 170  [isr_local:2183:SYS_MSG_REGCB_LOCAL| param0 =  local_service_cbmsg  ]
[2016/12/15 15:23:22 964][Px1747][Tx7f39e700][DBG] MSPTHREAD  MSPThreadP 733  POST l_engine_3:10:9:0
[2016/12/15 15:23:22 964][Px1747][Tx777fe700][TRC] LMOD       luac_logge 170  [isr:1550:once_bytes:   6400  ]
[2016/12/15 15:23:22 964][Px1747][Tx777fe700][TRC] AUDIOCODEC audio_code 944  audioEncoder_Encode() [in]
[2016/12/15 15:23:22 965][Px1747][Tx777fe700][INF] AUDIOCODEC audio_code 950  stat = 1, len = 6400
[2016/12/15 15:23:22 965][Px1747][Tx777fe700][DBG] AUDIOCODEC audio_code 953  divided into 0 blocks
[2016/12/15 15:23:22 965][Px1747][Tx777fe700][DBG] MSPTHREAD  MSPThreadP 733  POST audioEncoder:6:1:1
[2016/12/15 15:23:22 965][Px1747][Tx767fc700][TRC] AUDIOCODEC audio_code 175  ENCODE 6400, 1
[2016/12/15 15:23:22 966][Px1747][Tx767fc700][DBG] AUDIOCODEC audio_code 218  iFlyFixFrontAppendData 6400
[2016/12/15 15:23:22 966][Px1747][Tx767fc700][DBG] MSPTHREAD  MSPThreadP 733  POST l_engine_3:10:10:0
[2016/12/15 15:23:22 966][Px1747][Tx767fc700][TRC] AUDIOCODEC audio_code 245  fetch from VAD 5760 Bytes WaveData
[2016/12/15 15:23:22 967][Px1747][Tx767fc700][PRF] AUDIOCODEC audio_code 246  fetch 5760(Bytes) Wav cost 1(ms) (fea=0)
[2016/12/15 15:23:22 967][Px1747][Tx767fc700][DBG] AUDIOCODEC audio_code 262  vadStat = 5
[2016/12/15 15:23:22 967][Px1747][Tx767fc700][TRC] AUDIOCODEC audio_code 266  VAD: find start!
[2016/12/15 15:23:22 967][Px1747][Tx767fc700][DBG] MSPTHREAD  MSPThreadP 733  POST l_engine_3:10:11:0
[2016/12/15 15:23:22 968][Px1747][Tx767fc700][DBG] MSPTHREAD  MSPThreadP 733  POST l_engine_3:10:12:0
[2016/12/15 15:23:22 968][Px1747][Tx77fff700][INF] LMOD       luac_logge 172  [isr_local:2242:last gc at  1481844179  ]
[2016/12/15 15:23:22 968][Px1747][Tx77fff700][DBG] LENGINE    leng_rpc.c 527  luacRPCFuncProto_Invoke() [out] ret = 0
[2016/12/15 15:23:22 968][Px1747][Tx77fff700][DBG] LENGINE    leng_main. 513  ENGINE_MSG_RPC_ASYNC
[2016/12/15 15:23:22 968][Px1747][Tx77fff700][DBG] LENGINE    leng_main. 521  [isr_local], stat = 1
[2016/12/15 15:23:22 969][Px1747][Tx77fff700][DBG] LENGINE    leng_rpc.c 413  luacRPCFuncProto_Invoke(6426dc80,6426de80) [in]
[2016/12/15 15:23:22 969][Px1747][Tx7f39e700][TRC] LENGINE    leng_shell 374  lEngine_PostMessage() [out] 0
[2016/12/15 15:23:22 969][Px1747][Tx7f39e700][TRC] QISR       qisr.c     370  QISRAudioWrite() [out] 0
[2016/12/15 15:23:22 969][Px1747][Tx7f39e700][TRC] QISR       qisr.c     307  QISRAudioWrite(94b020,9c6d20,6400,2,,) [in]
[2016/12/15 15:23:22 970][Px1747][Tx7f39e700][TRC] QISR       qisr.c     313  QISRAudioWrite session addr:(94b020)
[2016/12/15 15:23:22 970][Px1747][Tx7f39e700][TRC] LENGINE    leng_shell 351  lEngine_PostMessage(94b860,2,2,) [in]
[2016/12/15 15:23:22 971][Px1747][Tx777fe700][TRC] AUDIOCODEC audio_code 898  audioEncoder_GetVADParam(, 10001) [in]
[2016/12/15 15:23:22 971][Px1747][Tx777fe700][DBG] LENGINE    leng_rpc.c 527  luacRPCFuncProto_Invoke() [out] ret = 0
[2016/12/15 15:23:22 971][Px1747][Tx7f39e700][DBG] MSPTHREAD  MSPThreadP 733  POST l_engine_3:10:13:0
[2016/12/15 15:23:22 972][Px1747][Tx7f39e700][TRC] LENGINE    leng_shell 374  lEngine_PostMessage() [out] 0
[2016/12/15 15:23:22 972][Px1747][Tx7f39e700][TRC] QISR       qisr.c     370  QISRAudioWrite() [out] 0
[2016/12/15 15:23:22 973][Px1747][Tx7f39e700][TRC] QISR       qisr.c     307  QISRAudioWrite(94b020,9c8620,6400,2,,) [in]
[2016/12/15 15:23:22 973][Px1747][Tx777fe700][DBG] LENGINE    leng_main. 513  ENGINE_MSG_RPC_ASYNC
[2016/12/15 15:23:22 973][Px1747][Tx777fe700][DBG] LENGINE    leng_main. 521  [cisr1PdHHBHNrqy2XJJZawd4DB2JBviknj], stat = 1
[2016/12/15 15:23:22 974][Px1747][Tx777fe700][DBG] LENGINE    leng_rpc.c 413  luacRPCFuncProto_Invoke(957d60,94b860) [in]
[2016/12/15 15:23:22 974][Px1747][Tx77fff700][TRC] LMOD       luac_logge 170  [isr_local:2091:ASR_LOCAL_MSG_SSB  ]
[2016/12/15 15:23:22 975][Px1747][Tx7f39e700][TRC] QISR       qisr.c     313  QISRAudioWrite session addr:(94b020)
[2016/12/15 15:23:22 975][Px1747][Tx777fe700][TRC] LMOD       luac_logge 170  [isr:1535:ASR_MSG_AUW,   local  ]
[2016/12/15 15:23:22 975][Px1747][Tx77fff700][TRC] LMOD       luac_logge 170  [isr_local:1229:esr_session_begin | params:  engine_type=local,asr_res_path=fo|res/asr/common.jet,sample_rate=16000,grm_build_path=res/asr/GrmBuilld,local_grammar=cmd,result_type=xml,result_encoding=UTF-8  ]
[2016/12/15 15:23:22 975][Px1747][Tx7f39e700][TRC] LENGINE    leng_shell 351  lEngine_PostMessage(94b860,2,2,) [in]
[2016/12/15 15:23:22 976][Px1747][Tx777fe700][TRC] LMOD       luac_logge 170  [isr:1546:6400  2  ]
[2016/12/15 15:23:22 977][Px1747][Tx777fe700][TRC] AUDIOCODEC audio_code 944  audioEncoder_Encode() [in]
[2016/12/15 15:23:22 977][Px1747][Tx777fe700][INF] AUDIOCODEC audio_code 950  stat = 2, len = 6400
[2016/12/15 15:23:22 977][Px1747][Tx777fe700][DBG] AUDIOCODEC audio_code 953  divided into 0 blocks
[2016/12/15 15:23:22 978][Px1747][Tx777fe700][DBG] MSPTHREAD  MSPThreadP 733  POST audioEncoder:6:1:1
[2016/12/15 15:23:22 978][Px1747][Tx767fc700][TRC] AUDIOCODEC audio_code 175  ENCODE 6400, 2
[2016/12/15 15:23:22 979][Px1747][Tx767fc700][DBG] AUDIOCODEC audio_code 218  iFlyFixFrontAppendData 6400
[2016/12/15 15:23:22 979][Px1747][Tx767fc700][TRC] AUDIOCODEC audio_code 245  fetch from VAD 6400 Bytes WaveData
[2016/12/15 15:23:22 980][Px1747][Tx767fc700][PRF] AUDIOCODEC audio_code 246  fetch 6400(Bytes) Wav cost 0(ms) (fea=0)
[2016/12/15 15:23:22 980][Px1747][Tx767fc700][DBG] AUDIOCODEC audio_code 262  vadStat = 0
[2016/12/15 15:23:22 981][Px1747][Tx777fe700][TRC] AUDIOCODEC audio_code 898  audioEncoder_GetVADParam(, 10001) [in]
[2016/12/15 15:23:22 981][Px1747][Tx777fe700][DBG] LENGINE    leng_rpc.c 527  luacRPCFuncProto_Invoke() [out] ret = 0
[2016/12/15 15:23:22 981][Px1747][Tx7f39e700][DBG] MSPTHREAD  MSPThreadP 733  POST l_engine_3:10:13:0
[2016/12/15 15:23:22 981][Px1747][Tx767fc700][DBG] MSPTHREAD  MSPThreadP 733  POST l_engine_3:10:14:0
[2016/12/15 15:23:22 982][Px1747][Tx777fe700][DBG] LENGINE    leng_main. 513  ENGINE_MSG_RPC_ASYNC
[2016/12/15 15:23:22 982][Px1747][Tx777fe700][DBG] LENGINE    leng_main. 521  [cisr1PdHHBHNrqy2XJJZawd4DB2JBviknj], stat = 1
[2016/12/15 15:23:22 982][Px1747][Tx777fe700][DBG] LENGINE    leng_rpc.c 413  luacRPCFuncProto_Invoke(98b730,94b860) [in]
[2016/12/15 15:23:22 983][Px1747][Tx7f39e700][TRC] LENGINE    leng_shell 374  lEngine_PostMessage() [out] 0
[2016/12/15 15:23:22 983][Px1747][Tx7f39e700][TRC] QISR       qisr.c     370  QISRAudioWrite() [out] 0
[2016/12/15 15:23:22 984][Px1747][Tx7f39e700][TRC] QISR       qisr.c     307  QISRAudioWrite(94b020,9c9f20,6400,2,,) [in]
[2016/12/15 15:23:22 985][Px1747][Tx7f39e700][TRC] QISR       qisr.c     313  QISRAudioWrite session addr:(94b020)
[2016/12/15 15:23:22 986][Px1747][Tx7f39e700][TRC] LENGINE    leng_shell 351  lEngine_PostMessage(94b860,2,2,) [in]
[2016/12/15 15:23:22 986][Px1747][Tx7f39e700][DBG] MSPTHREAD  MSPThreadP 733  POST l_engine_3:10:14:0
[2016/12/15 15:23:22 986][Px1747][Tx7f39e700][TRC] LENGINE    leng_shell 374  lEngine_PostMessage() [out] 0
[2016/12/15 15:23:22 987][Px1747][Tx7f39e700][TRC] QISR       qisr.c     370  QISRAudioWrite() [out] 0
[2016/12/15 15:23:22 987][Px1747][Tx777fe700][TRC] LMOD       luac_logge 170  [isr:1535:ASR_MSG_AUW,   local  ]
[2016/12/15 15:23:22 987][Px1747][Tx77fff700][TRC] LMOD       luac_logge 170  [isr_local:801:engine_type  :  local  ]
[2016/12/15 15:23:22 987][Px1747][Tx7f39e700][TRC] QISR       qisr.c     307  QISRAudioWrite(94b020,9cb820,6400,2,,) [in]
[2016/12/15 15:23:22 988][Px1747][Tx7f39e700][TRC] QISR       qisr.c     313  QISRAudioWrite session addr:(94b020)
[2016/12/15 15:23:22 988][Px1747][Tx7f39e700][TRC] LENGINE    leng_shell 351  lEngine_PostMessage(94b860,2,2,) [in]
[2016/12/15 15:23:22 989][Px1747][Tx777fe700][TRC] LMOD       luac_logge 170  [isr:1546:6400  2  ]
[2016/12/15 15:23:22 989][Px1747][Tx777fe700][TRC] AUDIOCODEC audio_code 944  audioEncoder_Encode() [in]
[2016/12/15 15:23:22 989][Px1747][Tx777fe700][INF] AUDIOCODEC audio_code 950  stat = 2, len = 6400
[2016/12/15 15:23:22 990][Px1747][Tx777fe700][DBG] AUDIOCODEC audio_code 953  divided into 0 blocks
[2016/12/15 15:23:22 990][Px1747][Tx777fe700][DBG] MSPTHREAD  MSPThreadP 733  POST audioEncoder:6:1:1
[2016/12/15 15:23:22 991][Px1747][Tx767fc700][TRC] AUDIOCODEC audio_code 175  ENCODE 6400, 2
[2016/12/15 15:23:22 991][Px1747][Tx767fc700][DBG] AUDIOCODEC audio_code 218  iFlyFixFrontAppendData 6400
[2016/12/15 15:23:22 992][Px1747][Tx767fc700][TRC] AUDIOCODEC audio_code 245  fetch from VAD 6400 Bytes WaveData
[2016/12/15 15:23:22 992][Px1747][Tx767fc700][PRF] AUDIOCODEC audio_code 246  fetch 6400(Bytes) Wav cost 1(ms) (fea=0)
[2016/12/15 15:23:22 992][Px1747][Tx767fc700][DBG] AUDIOCODEC audio_code 262  vadStat = 0
[2016/12/15 15:23:22 993][Px1747][Tx777fe700][TRC] AUDIOCODEC audio_code 898  audioEncoder_GetVADParam(, 10001) [in]
[2016/12/15 15:23:22 993][Px1747][Tx777fe700][DBG] LENGINE    leng_rpc.c 527  luacRPCFuncProto_Invoke() [out] ret = 0
[2016/12/15 15:23:22 994][Px1747][Tx7f39e700][DBG] MSPTHREAD  MSPThreadP 733  POST l_engine_3:10:15:0
[2016/12/15 15:23:22 994][Px1747][Tx767fc700][DBG] MSPTHREAD  MSPThreadP 733  POST l_engine_3:10:16:0
[2016/12/15 15:23:22 995][Px1747][Tx777fe700][DBG] LENGINE    leng_main. 513  ENGINE_MSG_RPC_ASYNC
[2016/12/15 15:23:22 995][Px1747][Tx777fe700][DBG] LENGINE    leng_main. 521  [cisr1PdHHBHNrqy2XJJZawd4DB2JBviknj], stat = 1
[2016/12/15 15:23:22 995][Px1747][Tx777fe700][DBG] LENGINE    leng_rpc.c 413  luacRPCFuncProto_Invoke(957f80,94b860) [in]
[2016/12/15 15:23:22 996][Px1747][Tx7f39e700][TRC] LENGINE    leng_shell 374  lEngine_PostMessage() [out] 0
[2016/12/15 15:23:22 997][Px1747][Tx7f39e700][TRC] QISR       qisr.c     370  QISRAudioWrite() [out] 0
[2016/12/15 15:23:22 997][Px1747][Tx7f39e700][TRC] QISR       qisr.c     307  QISRAudioWrite(94b020,9cd120,6400,2,,) [in]
[2016/12/15 15:23:22 998][Px1747][Tx7f39e700][TRC] QISR       qisr.c     313  QISRAudioWrite session addr:(94b020)
[2016/12/15 15:23:22 998][Px1747][Tx7f39e700][TRC] LENGINE    leng_shell 351  lEngine_PostMessage(94b860,2,2,) [in]
[2016/12/15 15:23:22 998][Px1747][Tx7f39e700][DBG] MSPTHREAD  MSPThreadP 733  POST l_engine_3:10:16:0
[2016/12/15 15:23:22 998][Px1747][Tx7f39e700][TRC] LENGINE    leng_shell 374  lEngine_PostMessage() [out] 0
[2016/12/15 15:23:22 999][Px1747][Tx7f39e700][TRC] QISR       qisr.c     370  QISRAudioWrite() [out] 0
[2016/12/15 15:23:22 999][Px1747][Tx7f39e700][TRC] QISR       qisr.c     307  QISRAudioWrite(94b020,0,0,4,,) [in]
[2016/12/15 15:23:22 999][Px1747][Tx7f39e700][TRC] QISR       qisr.c     313  QISRAudioWrite session addr:(94b020)
[2016/12/15 15:23:23 000][Px1747][Tx777fe700][TRC] LMOD       luac_logge 170  [isr:1535:ASR_MSG_AUW,   local  ]
[2016/12/15 15:23:23 000][Px1747][Tx77fff700][TRC] LMOD       luac_logge 170  [isr_local:801:asr_res_path  :  fo|res/asr/common.jet  ]
[2016/12/15 15:23:23 001][Px1747][Tx7f39e700][TRC] LENGINE    leng_shell 351  lEngine_PostMessage(94b860,2,2,) [in]
[2016/12/15 15:23:23 001][Px1747][Tx777fe700][TRC] LMOD       luac_logge 170  [isr:1546:6400  2  ]
[2016/12/15 15:23:23 001][Px1747][Tx777fe700][TRC] AUDIOCODEC audio_code 944  audioEncoder_Encode() [in]
[2016/12/15 15:23:23 002][Px1747][Tx777fe700][INF] AUDIOCODEC audio_code 950  stat = 2, len = 6400
[2016/12/15 15:23:23 002][Px1747][Tx777fe700][DBG] AUDIOCODEC audio_code 953  divided into 0 blocks
[2016/12/15 15:23:23 002][Px1747][Tx777fe700][DBG] MSPTHREAD  MSPThreadP 733  POST audioEncoder:6:1:1
[2016/12/15 15:23:23 003][Px1747][Tx77fff700][TRC] LMOD       luac_logge 170  [isr_local:801:sample_rate  :  16000  ]
[2016/12/15 15:23:23 003][Px1747][Tx7f39e700][DBG] MSPTHREAD  MSPThreadP 733  POST l_engine_3:10:17:0
[2016/12/15 15:23:23 004][Px1747][Tx767fc700][TRC] AUDIOCODEC audio_code 175  ENCODE 6400, 2
[2016/12/15 15:23:23 004][Px1747][Tx767fc700][DBG] AUDIOCODEC audio_code 218  iFlyFixFrontAppendData 6400
[2016/12/15 15:23:23 004][Px1747][Tx767fc700][TRC] AUDIOCODEC audio_code 245  fetch from VAD 6400 Bytes WaveData
[2016/12/15 15:23:23 004][Px1747][Tx767fc700][PRF] AUDIOCODEC audio_code 246  fetch 6400(Bytes) Wav cost 1(ms) (fea=0)
[2016/12/15 15:23:23 005][Px1747][Tx767fc700][DBG] AUDIOCODEC audio_code 262  vadStat = 0
[2016/12/15 15:23:23 005][Px1747][Tx767fc700][DBG] MSPTHREAD  MSPThreadP 733  POST l_engine_3:10:18:0
[2016/12/15 15:23:23 006][Px1747][Tx7f39e700][TRC] LENGINE    leng_shell 374  lEngine_PostMessage() [out] 0
[2016/12/15 15:23:23 006][Px1747][Tx7f39e700][TRC] QISR       qisr.c     370  QISRAudioWrite() [out] 0
[2016/12/15 15:23:23 007][Px1747][Tx7f39e700][TRC] QISR       qisr.c     390  QISRGetResult(94b020,3d267b0c,0,3d267a4c) [in]
[2016/12/15 15:23:23 008][Px1747][Tx777fe700][TRC] AUDIOCODEC audio_code 898  audioEncoder_GetVADParam(, 10001) [in]
[2016/12/15 15:23:23 008][Px1747][Tx777fe700][DBG] LENGINE    leng_rpc.c 527  luacRPCFuncProto_Invoke() [out] ret = 0
[2016/12/15 15:23:23 009][Px1747][Tx777fe700][DBG] LENGINE    leng_main. 513  ENGINE_MSG_RPC_ASYNC
[2016/12/15 15:23:23 009][Px1747][Tx777fe700][DBG] LENGINE    leng_main. 521  [cisr1PdHHBHNrqy2XJJZawd4DB2JBviknj], stat = 1
[2016/12/15 15:23:23 009][Px1747][Tx777fe700][DBG] LENGINE    leng_rpc.c 413  luacRPCFuncProto_Invoke(94a190,94b860) [in]
[2016/12/15 15:23:23 010][Px1747][Tx77fff700][TRC] LMOD       luac_logge 170  [isr_local:801:grm_build_path  :  res/asr/GrmBuilld  ]
[2016/12/15 15:23:23 010][Px1747][Tx7f39e700][TRC] QISR       qisr.c     396  QISRGetResult session addr:(94b020)
[2016/12/15 15:23:23 010][Px1747][Tx7f39e700][TRC] LENGINE    leng_shell 385  lEngine_SendMessage(94b860,3,0,,,) [in]
[2016/12/15 15:23:23 011][Px1747][Tx7f39e700][DBG] MSPTHREAD  MSPThreadP 733  POST l_engine_3:11:1:0
[2016/12/15 15:23:23 011][Px1747][Tx777fe700][TRC] LMOD       luac_logge 170  [isr:1535:ASR_MSG_AUW,   local  ]
[2016/12/15 15:23:23 011][Px1747][Tx77fff700][TRC] LMOD       luac_logge 170  [isr_local:801:local_grammar  :  cmd  ]
[2016/12/15 15:23:23 011][Px1747][Tx777fe700][TRC] LMOD       luac_logge 170  [isr:1546:6400  2  ]
[2016/12/15 15:23:23 012][Px1747][Tx777fe700][TRC] AUDIOCODEC audio_code 944  audioEncoder_Encode() [in]
[2016/12/15 15:23:23 012][Px1747][Tx777fe700][INF] AUDIOCODEC audio_code 950  stat = 2, len = 6400
[2016/12/15 15:23:23 012][Px1747][Tx777fe700][DBG] AUDIOCODEC audio_code 953  divided into 0 blocks
[2016/12/15 15:23:23 012][Px1747][Tx777fe700][DBG] MSPTHREAD  MSPThreadP 733  POST audioEncoder:6:1:1
[2016/12/15 15:23:23 012][Px1747][Tx77fff700][TRC] LMOD       luac_logge 170  [isr_local:801:result_type  :  xml  ]
[2016/12/15 15:23:23 013][Px1747][Tx767fc700][TRC] AUDIOCODEC audio_code 175  ENCODE 6400, 2
[2016/12/15 15:23:23 013][Px1747][Tx767fc700][DBG] AUDIOCODEC audio_code 218  iFlyFixFrontAppendData 6400
[2016/12/15 15:23:23 014][Px1747][Tx767fc700][TRC] AUDIOCODEC audio_code 245  fetch from VAD 6400 Bytes WaveData
[2016/12/15 15:23:23 014][Px1747][Tx767fc700][PRF] AUDIOCODEC audio_code 246  fetch 6400(Bytes) Wav cost 1(ms) (fea=0)
[2016/12/15 15:23:23 014][Px1747][Tx767fc700][DBG] AUDIOCODEC audio_code 262  vadStat = 5
[2016/12/15 15:23:23 015][Px1747][Tx767fc700][DBG] MSPTHREAD  MSPThreadP 733  POST l_engine_3:10:18:0
[2016/12/15 15:23:23 015][Px1747][Tx777fe700][TRC] AUDIOCODEC audio_code 898  audioEncoder_GetVADParam(, 10001) [in]
[2016/12/15 15:23:23 015][Px1747][Tx777fe700][DBG] LENGINE    leng_rpc.c 527  luacRPCFuncProto_Invoke() [out] ret = 0
[2016/12/15 15:23:23 015][Px1747][Tx777fe700][DBG] LENGINE    leng_main. 513  ENGINE_MSG_RPC_ASYNC
[2016/12/15 15:23:23 016][Px1747][Tx777fe700][DBG] LENGINE    leng_main. 521  [cisr1PdHHBHNrqy2XJJZawd4DB2JBviknj], stat = 1
[2016/12/15 15:23:23 017][Px1747][Tx777fe700][DBG] LENGINE    leng_rpc.c 413  luacRPCFuncProto_Invoke(98bf00,94b860) [in]
[2016/12/15 15:23:23 017][Px1747][Tx77fff700][TRC] LMOD       luac_logge 170  [isr_local:801:result_encoding  :  UTF-8  ]
[2016/12/15 15:23:23 017][Px1747][Tx777fe700][TRC] LMOD       luac_logge 170  [isr:1535:ASR_MSG_AUW,   local  ]
[2016/12/15 15:23:23 018][Px1747][Tx77fff700][INF] LMOD       luac_logge 172  [isr_local:1272:authorized_aitalk=  1  ]
[2016/12/15 15:23:23 018][Px1747][Tx777fe700][TRC] LMOD       luac_logge 170  [isr:1546:6400  2  ]
[2016/12/15 15:23:23 018][Px1747][Tx777fe700][TRC] AUDIOCODEC audio_code 944  audioEncoder_Encode() [in]
[2016/12/15 15:23:23 018][Px1747][Tx777fe700][INF] AUDIOCODEC audio_code 950  stat = 2, len = 6400
[2016/12/15 15:23:23 019][Px1747][Tx777fe700][DBG] AUDIOCODEC audio_code 953  divided into 0 blocks
[2016/12/15 15:23:23 019][Px1747][Tx777fe700][DBG] MSPTHREAD  MSPThreadP 733  POST audioEncoder:6:1:1
[2016/12/15 15:23:23 019][Px1747][Tx77fff700][INF] LMOD       luac_logge 172  [isr_local:1273:forbid_aitalk=  nil  ]
[2016/12/15 15:23:23 019][Px1747][Tx77fff700][TRC] LENGINE    aitalk.c   591  Esr_SetParam(6c02d580, 103, 1) [in]
[2016/12/15 15:23:23 020][Px1747][Tx77fff700][TRC] LENGINE    aitalk.c   606  Esr_SetParam(0) [out]
[2016/12/15 15:23:23 020][Px1747][Tx77fff700][TRC] LENGINE    aitalk.c   591  Esr_SetParam(6c02d580, 2, 10000) [in]
[2016/12/15 15:23:23 020][Px1747][Tx77fff700][TRC] LENGINE    aitalk.c   606  Esr_SetParam(23102) [out]
[2016/12/15 15:23:23 020][Px1747][Tx77fff700][TRC] LENGINE    aitalk.c   591  Esr_SetParam(6c02d580, 110, 2000) [in]
[2016/12/15 15:23:23 020][Px1747][Tx77fff700][TRC] LENGINE    aitalk.c   606  Esr_SetParam(0) [out]
[2016/12/15 15:23:23 021][Px1747][Tx767fc700][TRC] AUDIOCODEC audio_code 175  ENCODE 6400, 2
[2016/12/15 15:23:23 021][Px1747][Tx767fc700][DBG] AUDIOCODEC audio_code 218  iFlyFixFrontAppendData 6400
[2016/12/15 15:23:23 022][Px1747][Tx767fc700][TRC] AUDIOCODEC audio_code 245  fetch from VAD 6400 Bytes WaveData
[2016/12/15 15:23:23 022][Px1747][Tx767fc700][PRF] AUDIOCODEC audio_code 246  fetch 6400(Bytes) Wav cost 1(ms) (fea=0)
[2016/12/15 15:23:23 022][Px1747][Tx767fc700][DBG] AUDIOCODEC audio_code 262  vadStat = 0
[2016/12/15 15:23:23 022][Px1747][Tx767fc700][DBG] MSPTHREAD  MSPThreadP 733  POST l_engine_3:10:18:0
[2016/12/15 15:23:23 023][Px1747][Tx77fff700][TRC] LMOD       luac_logge 170  [isr_local:2015:commit path:   res/asr/GrmBuilld/temp/commit  ]
[2016/12/15 15:23:23 023][Px1747][Tx777fe700][TRC] AUDIOCODEC audio_code 898  audioEncoder_GetVADParam(, 10001) [in]
[2016/12/15 15:23:23 023][Px1747][Tx777fe700][DBG] LENGINE    leng_rpc.c 527  luacRPCFuncProto_Invoke() [out] ret = 0
[2016/12/15 15:23:23 024][Px1747][Tx777fe700][DBG] LENGINE    leng_main. 513  ENGINE_MSG_RPC_ASYNC
[2016/12/15 15:23:23 024][Px1747][Tx777fe700][DBG] LENGINE    leng_main. 521  [cisr1PdHHBHNrqy2XJJZawd4DB2JBviknj], stat = 1
[2016/12/15 15:23:23 024][Px1747][Tx777fe700][DBG] LENGINE    leng_rpc.c 413  luacRPCFuncProto_Invoke(98bbb0,94b860) [in]
[2016/12/15 15:23:23 024][Px1747][Tx77fff700][TRC] LENGINE    aitalk.c   501  Esr_Start(6c02d580, 6c020d38) [in]
[2016/12/15 15:23:23 025][Px1747][Tx77fff700][TRC] LENGINE    aitalk.c   1088 CBOpenFile: open file name:cmd.g
[2016/12/15 15:23:23 025][Px1747][Tx777fe700][TRC] LMOD       luac_logge 170  [isr:1535:ASR_MSG_AUW,   local  ]
[2016/12/15 15:23:23 026][Px1747][Tx77fff700][TRC] LENGINE    aitalk.c   552  Esr_Start(0) [out]
[2016/12/15 15:23:23 026][Px1747][Tx777fe700][TRC] LMOD       luac_logge 170  [isr:1546:6400  2  ]
[2016/12/15 15:23:23 026][Px1747][Tx777fe700][TRC] AUDIOCODEC audio_code 944  audioEncoder_Encode() [in]
[2016/12/15 15:23:23 027][Px1747][Tx777fe700][INF] AUDIOCODEC audio_code 950  stat = 2, len = 6400
[2016/12/15 15:23:23 027][Px1747][Tx777fe700][DBG] AUDIOCODEC audio_code 953  divided into 0 blocks
[2016/12/15 15:23:23 027][Px1747][Tx777fe700][DBG] MSPTHREAD  MSPThreadP 733  POST audioEncoder:6:1:1
[2016/12/15 15:23:23 027][Px1747][Tx777fe700][TRC] AUDIOCODEC audio_code 898  audioEncoder_GetVADParam(, 10001) [in]
[2016/12/15 15:23:23 027][Px1747][Tx777fe700][DBG] LENGINE    leng_rpc.c 527  luacRPCFuncProto_Invoke() [out] ret = 0
[2016/12/15 15:23:23 027][Px1747][Tx777fe700][DBG] LENGINE    leng_main. 513  ENGINE_MSG_RPC_ASYNC
[2016/12/15 15:23:23 028][Px1747][Tx777fe700][DBG] LENGINE    leng_main. 521  [cisr1PdHHBHNrqy2XJJZawd4DB2JBviknj], stat = 1
[2016/12/15 15:23:23 028][Px1747][Tx777fe700][DBG] LENGINE    leng_rpc.c 413  luacRPCFuncProto_Invoke(9535d0,94b860) [in]
[2016/12/15 15:23:23 028][Px1747][Tx767fc700][TRC] AUDIOCODEC audio_code 175  ENCODE 6400, 2
[2016/12/15 15:23:23 028][Px1747][Tx767fc700][DBG] AUDIOCODEC audio_code 218  iFlyFixFrontAppendData 6400
[2016/12/15 15:23:23 029][Px1747][Tx767fc700][TRC] AUDIOCODEC audio_code 245  fetch from VAD 6400 Bytes WaveData
[2016/12/15 15:23:23 029][Px1747][Tx767fc700][PRF] AUDIOCODEC audio_code 246  fetch 6400(Bytes) Wav cost 1(ms) (fea=0)
[2016/12/15 15:23:23 030][Px1747][Tx767fc700][DBG] AUDIOCODEC audio_code 262  vadStat = 0
[2016/12/15 15:23:23 030][Px1747][Tx767fc700][DBG] MSPTHREAD  MSPThreadP 733  POST l_engine_3:10:17:0
[2016/12/15 15:23:23 030][Px1747][Tx777fe700][TRC] LMOD       luac_logge 170  [isr:1535:ASR_MSG_AUW,   local  ]
[2016/12/15 15:23:23 030][Px1747][Tx77fff700][TRC] LMOD       luac_logge 170  [isr_local:1387:esr_session_begin | esr_obj:start ret =  0  ]
[2016/12/15 15:23:23 031][Px1747][Tx777fe700][TRC] LMOD       luac_logge 170  [isr:1546:6400  2  ]
[2016/12/15 15:23:23 031][Px1747][Tx777fe700][TRC] AUDIOCODEC audio_code 944  audioEncoder_Encode() [in]
[2016/12/15 15:23:23 031][Px1747][Tx777fe700][INF] AUDIOCODEC audio_code 950  stat = 2, len = 6400
[2016/12/15 15:23:23 032][Px1747][Tx777fe700][DBG] AUDIOCODEC audio_code 953  divided into 0 blocks
[2016/12/15 15:23:23 032][Px1747][Tx777fe700][DBG] MSPTHREAD  MSPThreadP 733  POST audioEncoder:6:1:1
[2016/12/15 15:23:23 032][Px1747][Tx777fe700][TRC] AUDIOCODEC audio_code 898  audioEncoder_GetVADParam(, 10001) [in]
[2016/12/15 15:23:23 032][Px1747][Tx777fe700][DBG] LENGINE    leng_rpc.c 527  luacRPCFuncProto_Invoke() [out] ret = 0
[2016/12/15 15:23:23 032][Px1747][Tx777fe700][DBG] LENGINE    leng_main. 513  ENGINE_MSG_RPC_ASYNC
[2016/12/15 15:23:23 033][Px1747][Tx777fe700][DBG] LENGINE    leng_main. 521  [cisr1PdHHBHNrqy2XJJZawd4DB2JBviknj], stat = 1
[2016/12/15 15:23:23 033][Px1747][Tx777fe700][DBG] LENGINE    leng_rpc.c 413  luacRPCFuncProto_Invoke(9b0030,94b860) [in]
[2016/12/15 15:23:23 033][Px1747][Tx767fc700][TRC] AUDIOCODEC audio_code 175  ENCODE 6400, 2
[2016/12/15 15:23:23 033][Px1747][Tx767fc700][DBG] AUDIOCODEC audio_code 218  iFlyFixFrontAppendData 6400
[2016/12/15 15:23:23 034][Px1747][Tx767fc700][DBG] MSPTHREAD  MSPThreadP 733  POST l_engine_3:10:17:0
[2016/12/15 15:23:23 034][Px1747][Tx767fc700][TRC] AUDIOCODEC audio_code 245  fetch from VAD 6400 Bytes WaveData
[2016/12/15 15:23:23 035][Px1747][Tx767fc700][PRF] AUDIOCODEC audio_code 246  fetch 6400(Bytes) Wav cost 1(ms) (fea=0)
[2016/12/15 15:23:23 035][Px1747][Tx767fc700][DBG] AUDIOCODEC audio_code 262  vadStat = 0
[2016/12/15 15:23:23 035][Px1747][Tx767fc700][DBG] MSPTHREAD  MSPThreadP 733  POST l_engine_3:10:18:0
[2016/12/15 15:23:23 035][Px1747][Tx777fe700][TRC] LMOD       luac_logge 170  [isr:1535:ASR_MSG_AUW,   local  ]
[2016/12/15 15:23:23 036][Px1747][Tx77fff700][TRC] LMOD       luac_logge 170  [isr_local:2099:esr_session_begin, ret =   0  ]
[2016/12/15 15:23:23 036][Px1747][Tx777fe700][TRC] LMOD       luac_logge 170  [isr:1546:6400  2  ]
[2016/12/15 15:23:23 037][Px1747][Tx777fe700][TRC] AUDIOCODEC audio_code 944  audioEncoder_Encode() [in]
[2016/12/15 15:23:23 037][Px1747][Tx777fe700][INF] AUDIOCODEC audio_code 950  stat = 2, len = 6400
[2016/12/15 15:23:23 038][Px1747][Tx777fe700][DBG] AUDIOCODEC audio_code 953  divided into 0 blocks
[2016/12/15 15:23:23 038][Px1747][Tx777fe700][DBG] MSPTHREAD  MSPThreadP 733  POST audioEncoder:6:1:1
[2016/12/15 15:23:23 038][Px1747][Tx777fe700][TRC] AUDIOCODEC audio_code 898  audioEncoder_GetVADParam(, 10001) [in]
[2016/12/15 15:23:23 038][Px1747][Tx777fe700][DBG] LENGINE    leng_rpc.c 527  luacRPCFuncProto_Invoke() [out] ret = 0
[2016/12/15 15:23:23 039][Px1747][Tx777fe700][DBG] LENGINE    leng_main. 513  ENGINE_MSG_RPC_ASYNC
[2016/12/15 15:23:23 039][Px1747][Tx777fe700][DBG] LENGINE    leng_main. 521  [cisr1PdHHBHNrqy2XJJZawd4DB2JBviknj], stat = 1
[2016/12/15 15:23:23 039][Px1747][Tx777fe700][DBG] LENGINE    leng_rpc.c 413  luacRPCFuncProto_Invoke(9b54e0,94b860) [in]
[2016/12/15 15:23:23 039][Px1747][Tx77fff700][INF] LMOD       luac_logge 172  [isr_local:2242:last gc at  1481844179  ]
[2016/12/15 15:23:23 039][Px1747][Tx77fff700][DBG] LENGINE    leng_rpc.c 527  luacRPCFuncProto_Invoke() [out] ret = 0
[2016/12/15 15:23:23 040][Px1747][Tx777fe700][TRC] LMOD       luac_logge 170  [isr:1535:ASR_MSG_AUW,   local  ]
[2016/12/15 15:23:23 040][Px1747][Tx767fc700][TRC] AUDIOCODEC audio_code 175  ENCODE 6400, 2
[2016/12/15 15:23:23 040][Px1747][Tx767fc700][DBG] AUDIOCODEC audio_code 218  iFlyFixFrontAppendData 6400
[2016/12/15 15:23:23 041][Px1747][Tx767fc700][DBG] MSPTHREAD  MSPThreadP 733  POST l_engine_3:10:18:0
[2016/12/15 15:23:23 041][Px1747][Tx767fc700][TRC] AUDIOCODEC audio_code 245  fetch from VAD 6400 Bytes WaveData
[2016/12/15 15:23:23 041][Px1747][Tx767fc700][PRF] AUDIOCODEC audio_code 246  fetch 6400(Bytes) Wav cost 1(ms) (fea=0)
[2016/12/15 15:23:23 041][Px1747][Tx767fc700][DBG] AUDIOCODEC audio_code 262  vadStat = 0
[2016/12/15 15:23:23 042][Px1747][Tx767fc700][DBG] MSPTHREAD  MSPThreadP 733  POST l_engine_3:10:19:0
[2016/12/15 15:23:23 042][Px1747][Tx777fe700][TRC] LMOD       luac_logge 170  [isr:1546:6400  2  ]
[2016/12/15 15:23:23 042][Px1747][Tx777fe700][TRC] AUDIOCODEC audio_code 944  audioEncoder_Encode() [in]
[2016/12/15 15:23:23 042][Px1747][Tx777fe700][INF] AUDIOCODEC audio_code 950  stat = 2, len = 6400
[2016/12/15 15:23:23 042][Px1747][Tx777fe700][DBG] AUDIOCODEC audio_code 953  divided into 0 blocks
[2016/12/15 15:23:23 043][Px1747][Tx777fe700][DBG] MSPTHREAD  MSPThreadP 733  POST audioEncoder:6:1:1
[2016/12/15 15:23:23 043][Px1747][Tx777fe700][TRC] AUDIOCODEC audio_code 898  audioEncoder_GetVADParam(, 10001) [in]
[2016/12/15 15:23:23 043][Px1747][Tx777fe700][DBG] LENGINE    leng_rpc.c 527  luacRPCFuncProto_Invoke() [out] ret = 0
[2016/12/15 15:23:23 043][Px1747][Tx777fe700][DBG] LENGINE    leng_main. 513  ENGINE_MSG_RPC_ASYNC
[2016/12/15 15:23:23 044][Px1747][Tx777fe700][DBG] LENGINE    leng_main. 521  [cisr1PdHHBHNrqy2XJJZawd4DB2JBviknj], stat = 1
[2016/12/15 15:23:23 044][Px1747][Tx777fe700][DBG] LENGINE    leng_rpc.c 413  luacRPCFuncProto_Invoke(5c000fc0,94b860) [in]
[2016/12/15 15:23:23 044][Px1747][Tx777fe700][TRC] AUDIOCODEC audio_code 1023 audioEncoder_Read(, 2004867180) [in]
[2016/12/15 15:23:23 044][Px1747][Tx777fe700][DBG] AUDIOCODEC audio_code 1037 completed = 0, availEncodedSize = 56960
[2016/12/15 15:23:23 044][Px1747][Tx777fe700][DBG] AUDIOCODEC audio_code 1055 after read, availEncodedSize = 50560
[2016/12/15 15:23:23 045][Px1747][Tx777fe700][DBG] AUDIOCODEC audio_code 1067 stat = 1, data = 641275d0
[2016/12/15 15:23:23 045][Px1747][Tx777fe700][TRC] LENGINE    leng_shell 351  lEngine_PostMessage(6426de80,303,2,) [in]
[2016/12/15 15:23:23 045][Px1747][Tx777fe700][DBG] MSPTHREAD  MSPThreadP 733  POST l_engine_2:10:1:1
[2016/12/15 15:23:23 045][Px1747][Tx767fc700][TRC] AUDIOCODEC audio_code 175  ENCODE 6400, 2
[2016/12/15 15:23:23 046][Px1747][Tx767fc700][DBG] AUDIOCODEC audio_code 218  iFlyFixFrontAppendData 6400
[2016/12/15 15:23:23 047][Px1747][Tx767fc700][DBG] MSPTHREAD  MSPThreadP 733  POST l_engine_3:10:19:0
[2016/12/15 15:23:23 047][Px1747][Tx77fff700][DBG] LENGINE    leng_main. 513  ENGINE_MSG_RPC_ASYNC
[2016/12/15 15:23:23 047][Px1747][Tx77fff700][DBG] LENGINE    leng_main. 521  [isr_local], stat = 1
[2016/12/15 15:23:23 048][Px1747][Tx77fff700][DBG] LENGINE    leng_rpc.c 413  luacRPCFuncProto_Invoke(6426dc60,6426de80) [in]
[2016/12/15 15:23:23 049][Px1747][Tx777fe700][TRC] LENGINE    leng_shell 374  lEngine_PostMessage() [out] 0
[2016/12/15 15:23:23 050][Px1747][Tx777fe700][TRC] AUDIOCODEC audio_code 1023 audioEncoder_Read(, 2004867180) [in]
[2016/12/15 15:23:23 050][Px1747][Tx777fe700][DBG] AUDIOCODEC audio_code 1037 completed = 0, availEncodedSize = 50560
[2016/12/15 15:23:23 051][Px1747][Tx777fe700][DBG] AUDIOCODEC audio_code 1055 after read, availEncodedSize = 44160
[2016/12/15 15:23:23 052][Px1747][Tx77fff700][TRC] LMOD       luac_logge 170  [isr_local:2103:ASR_LOCAL_MSG_AUW  ]
[2016/12/15 15:23:23 052][Px1747][Tx767fc700][TRC] AUDIOCODEC audio_code 245  fetch from VAD 6400 Bytes WaveData
[2016/12/15 15:23:23 052][Px1747][Tx767fc700][PRF] AUDIOCODEC audio_code 246  fetch 6400(Bytes) Wav cost 6(ms) (fea=0)
[2016/12/15 15:23:23 053][Px1747][Tx77fff700][TRC] LMOD       luac_logge 170  [isr_local:601:audio buffered :   udata(6c421c88) 1  ]
[2016/12/15 15:23:23 053][Px1747][Tx777fe700][DBG] AUDIOCODEC audio_code 1067 stat = 2, data = 6412a8b0
[2016/12/15 15:23:23 054][Px1747][Tx777fe700][TRC] LENGINE    leng_shell 351  lEngine_PostMessage(6426de80,303,2,) [in]
[2016/12/15 15:23:23 054][Px1747][Tx777fe700][DBG] MSPTHREAD  MSPThreadP 733  POST l_engine_2:10:1:0
[2016/12/15 15:23:23 054][Px1747][Tx777fe700][TRC] LENGINE    leng_shell 374  lEngine_PostMessage() [out] 0
[2016/12/15 15:23:23 054][Px1747][Tx77fff700][INF] LMOD       luac_logge 172  [isr_local:2242:last gc at  1481844179  ]
[2016/12/15 15:23:23 054][Px1747][Tx77fff700][DBG] LENGINE    leng_rpc.c 527  luacRPCFuncProto_Invoke() [out] ret = 0
[2016/12/15 15:23:23 055][Px1747][Tx77fff700][DBG] LENGINE    leng_main. 513  ENGINE_MSG_RPC_ASYNC
[2016/12/15 15:23:23 055][Px1747][Tx77fff700][DBG] LENGINE    leng_main. 521  [isr_local], stat = 1
[2016/12/15 15:23:23 055][Px1747][Tx77fff700][DBG] LENGINE    leng_rpc.c 413  luacRPCFuncProto_Invoke(6412c1c0,6426de80) [in]
[2016/12/15 15:23:23 055][Px1747][Tx767fc700][DBG] AUDIOCODEC audio_code 262  vadStat = 6
[2016/12/15 15:23:23 056][Px1747][Tx767fc700][DBG] MSPTHREAD  MSPThreadP 733  POST l_engine_3:10:20:0
[2016/12/15 15:23:23 056][Px1747][Tx77fff700][TRC] LMOD       luac_logge 170  [isr_local:2103:ASR_LOCAL_MSG_AUW  ]
[2016/12/15 15:23:23 057][Px1747][Tx777fe700][TRC] AUDIOCODEC audio_code 1023 audioEncoder_Read(, 2004867180) [in]
[2016/12/15 15:23:23 057][Px1747][Tx777fe700][DBG] AUDIOCODEC audio_code 1037 completed = 0, availEncodedSize = 50560
[2016/12/15 15:23:23 057][Px1747][Tx777fe700][DBG] AUDIOCODEC audio_code 1055 after read, availEncodedSize = 44160
[2016/12/15 15:23:23 057][Px1747][Tx777fe700][DBG] AUDIOCODEC audio_code 1067 stat = 2, data = 641275d0
[2016/12/15 15:23:23 058][Px1747][Tx777fe700][TRC] LENGINE    leng_shell 351  lEngine_PostMessage(6426de80,303,2,) [in]
[2016/12/15 15:23:23 058][Px1747][Tx777fe700][DBG] MSPTHREAD  MSPThreadP 733  POST l_engine_2:10:1:0
[2016/12/15 15:23:23 058][Px1747][Tx777fe700][TRC] LENGINE    leng_shell 374  lEngine_PostMessage() [out] 0
[2016/12/15 15:23:23 058][Px1747][Tx777fe700][TRC] AUDIOCODEC audio_code 1023 audioEncoder_Read(, 2004867180) [in]
[2016/12/15 15:23:23 059][Px1747][Tx77fff700][TRC] LMOD       luac_logge 170  [isr_local:601:audio buffered :   udata(6c417278) 2  ]
[2016/12/15 15:23:23 059][Px1747][Tx777fe700][DBG] AUDIOCODEC audio_code 1037 completed = 0, availEncodedSize = 44160
[2016/12/15 15:23:23 059][Px1747][Tx777fe700][DBG] AUDIOCODEC audio_code 1055 after read, availEncodedSize = 37760
[2016/12/15 15:23:23 059][Px1747][Tx777fe700][DBG] AUDIOCODEC audio_code 1067 stat = 2, data = 641275d0
[2016/12/15 15:23:23 060][Px1747][Tx77fff700][INF] LMOD       luac_logge 172  [isr_local:2242:last gc at  1481844179  ]
[2016/12/15 15:23:23 060][Px1747][Tx77fff700][DBG] LENGINE    leng_rpc.c 527  luacRPCFuncProto_Invoke() [out] ret = 0
[2016/12/15 15:23:23 060][Px1747][Tx77fff700][DBG] LENGINE    leng_main. 513  ENGINE_MSG_RPC_ASYNC
[2016/12/15 15:23:23 060][Px1747][Tx77fff700][DBG] LENGINE    leng_main. 521  [isr_local], stat = 1
[2016/12/15 15:23:23 061][Px1747][Tx77fff700][DBG] LENGINE    leng_rpc.c 413  luacRPCFuncProto_Invoke(6412c400,6426de80) [in]
[2016/12/15 15:23:23 061][Px1747][Tx777fe700][TRC] LENGINE    leng_shell 351  lEngine_PostMessage(6426de80,303,2,) [in]
[2016/12/15 15:23:23 061][Px1747][Tx777fe700][DBG] MSPTHREAD  MSPThreadP 733  POST l_engine_2:10:1:0
[2016/12/15 15:23:23 062][Px1747][Tx777fe700][TRC] LENGINE    leng_shell 374  lEngine_PostMessage() [out] 0
[2016/12/15 15:23:23 062][Px1747][Tx777fe700][TRC] AUDIOCODEC audio_code 1023 audioEncoder_Read(, 2004867180) [in]
[2016/12/15 15:23:23 062][Px1747][Tx777fe700][DBG] AUDIOCODEC audio_code 1037 completed = 0, availEncodedSize = 37760
[2016/12/15 15:23:23 062][Px1747][Tx77fff700][TRC] LMOD       luac_logge 170  [isr_local:2103:ASR_LOCAL_MSG_AUW  ]
[2016/12/15 15:23:23 062][Px1747][Tx777fe700][DBG] AUDIOCODEC audio_code 1055 after read, availEncodedSize = 31360
[2016/12/15 15:23:23 063][Px1747][Tx777fe700][DBG] AUDIOCODEC audio_code 1067 stat = 2, data = 641275d0
[2016/12/15 15:23:23 063][Px1747][Tx77fff700][TRC] LMOD       luac_logge 170  [isr_local:601:audio buffered :   udata(6c40e088) 2  ]
[2016/12/15 15:23:23 064][Px1747][Tx777fe700][TRC] LENGINE    leng_shell 351  lEngine_PostMessage(6426de80,303,2,) [in]
[2016/12/15 15:23:23 064][Px1747][Tx777fe700][DBG] MSPTHREAD  MSPThreadP 733  POST l_engine_2:10:2:0
[2016/12/15 15:23:23 064][Px1747][Tx777fe700][TRC] LENGINE    leng_shell 374  lEngine_PostMessage() [out] 0
[2016/12/15 15:23:23 065][Px1747][Tx77fff700][INF] LMOD       luac_logge 172  [isr_local:2242:last gc at  1481844179  ]
[2016/12/15 15:23:23 065][Px1747][Tx77fff700][DBG] LENGINE    leng_rpc.c 527  luacRPCFuncProto_Invoke() [out] ret = 0
[2016/12/15 15:23:23 065][Px1747][Tx77fff700][DBG] LENGINE    leng_main. 513  ENGINE_MSG_RPC_ASYNC
[2016/12/15 15:23:23 065][Px1747][Tx77fff700][DBG] LENGINE    leng_main. 521  [isr_local], stat = 1
[2016/12/15 15:23:23 065][Px1747][Tx77fff700][DBG] LENGINE    leng_rpc.c 413  luacRPCFuncProto_Invoke(6412c1c0,6426de80) [in]
[2016/12/15 15:23:23 066][Px1747][Tx777fe700][TRC] AUDIOCODEC audio_code 1023 audioEncoder_Read(, 2004867180) [in]
[2016/12/15 15:23:23 067][Px1747][Tx777fe700][DBG] AUDIOCODEC audio_code 1037 completed = 0, availEncodedSize = 31360
[2016/12/15 15:23:23 067][Px1747][Tx777fe700][DBG] AUDIOCODEC audio_code 1055 after read, availEncodedSize = 24960
[2016/12/15 15:23:23 067][Px1747][Tx777fe700][DBG] AUDIOCODEC audio_code 1067 stat = 2, data = 641275d0
[2016/12/15 15:23:23 067][Px1747][Tx777fe700][TRC] LENGINE    leng_shell 351  lEngine_PostMessage(6426de80,303,2,) [in]
[2016/12/15 15:23:23 067][Px1747][Tx777fe700][DBG] MSPTHREAD  MSPThreadP 733  POST l_engine_2:10:2:0
[2016/12/15 15:23:23 067][Px1747][Tx77fff700][TRC] LMOD       luac_logge 170  [isr_local:2103:ASR_LOCAL_MSG_AUW  ]
[2016/12/15 15:23:23 068][Px1747][Tx777fe700][TRC] LENGINE    leng_shell 374  lEngine_PostMessage() [out] 0
[2016/12/15 15:23:23 068][Px1747][Tx777fe700][TRC] AUDIOCODEC audio_code 1023 audioEncoder_Read(, 2004867180) [in]
[2016/12/15 15:23:23 069][Px1747][Tx77fff700][TRC] LMOD       luac_logge 170  [isr_local:601:audio buffered :   udata(6c41e898) 2  ]
[2016/12/15 15:23:23 069][Px1747][Tx777fe700][DBG] AUDIOCODEC audio_code 1037 completed = 0, availEncodedSize = 24960
[2016/12/15 15:23:23 069][Px1747][Tx777fe700][DBG] AUDIOCODEC audio_code 1055 after read, availEncodedSize = 18560
[2016/12/15 15:23:23 069][Px1747][Tx777fe700][DBG] AUDIOCODEC audio_code 1067 stat = 2, data = 641275d0
[2016/12/15 15:23:23 070][Px1747][Tx77fff700][INF] LMOD       luac_logge 172  [isr_local:2242:last gc at  1481844179  ]
[2016/12/15 15:23:23 070][Px1747][Tx77fff700][DBG] LENGINE    leng_rpc.c 527  luacRPCFuncProto_Invoke() [out] ret = 0
[2016/12/15 15:23:23 070][Px1747][Tx77fff700][DBG] LENGINE    leng_main. 513  ENGINE_MSG_RPC_ASYNC
[2016/12/15 15:23:23 070][Px1747][Tx77fff700][DBG] LENGINE    leng_main. 521  [isr_local], stat = 1
[2016/12/15 15:23:23 071][Px1747][Tx77fff700][DBG] LENGINE    leng_rpc.c 413  luacRPCFuncProto_Invoke(6412c5d0,6426de80) [in]
[2016/12/15 15:23:23 072][Px1747][Tx777fe700][TRC] LENGINE    leng_shell 351  lEngine_PostMessage(6426de80,303,2,) [in]
[2016/12/15 15:23:23 072][Px1747][Tx777fe700][DBG] MSPTHREAD  MSPThreadP 733  POST l_engine_2:10:2:0
[2016/12/15 15:23:23 073][Px1747][Tx777fe700][TRC] LENGINE    leng_shell 374  lEngine_PostMessage() [out] 0
[2016/12/15 15:23:23 073][Px1747][Tx777fe700][TRC] AUDIOCODEC audio_code 1023 audioEncoder_Read(, 2004867180) [in]
[2016/12/15 15:23:23 073][Px1747][Tx777fe700][DBG] AUDIOCODEC audio_code 1037 completed = 0, availEncodedSize = 18560
[2016/12/15 15:23:23 073][Px1747][Tx777fe700][DBG] AUDIOCODEC audio_code 1055 after read, availEncodedSize = 12160
[2016/12/15 15:23:23 074][Px1747][Tx777fe700][DBG] AUDIOCODEC audio_code 1067 stat = 2, data = 641275d0
[2016/12/15 15:23:23 074][Px1747][Tx777fe700][TRC] LENGINE    leng_shell 351  lEngine_PostMessage(6426de80,303,2,) [in]
[2016/12/15 15:23:23 074][Px1747][Tx777fe700][DBG] MSPTHREAD  MSPThreadP 733  POST l_engine_2:10:3:0
[2016/12/15 15:23:23 074][Px1747][Tx77fff700][TRC] LMOD       luac_logge 170  [isr_local:2103:ASR_LOCAL_MSG_AUW  ]
[2016/12/15 15:23:23 075][Px1747][Tx777fe700][TRC] LENGINE    leng_shell 374  lEngine_PostMessage() [out] 0
[2016/12/15 15:23:23 075][Px1747][Tx777fe700][TRC] AUDIOCODEC audio_code 1023 audioEncoder_Read(, 2004867180) [in]
[2016/12/15 15:23:23 075][Px1747][Tx77fff700][TRC] LMOD       luac_logge 170  [isr_local:601:audio buffered :   udata(6c405368) 2  ]
[2016/12/15 15:23:23 075][Px1747][Tx777fe700][DBG] AUDIOCODEC audio_code 1037 completed = 0, availEncodedSize = 12160
[2016/12/15 15:23:23 076][Px1747][Tx777fe700][DBG] AUDIOCODEC audio_code 1055 after read, availEncodedSize = 5760
[2016/12/15 15:23:23 076][Px1747][Tx777fe700][DBG] AUDIOCODEC audio_code 1067 stat = 2, data = 641275d0
[2016/12/15 15:23:23 076][Px1747][Tx77fff700][INF] LMOD       luac_logge 172  [isr_local:2242:last gc at  1481844179  ]
[2016/12/15 15:23:23 077][Px1747][Tx77fff700][DBG] LENGINE    leng_rpc.c 527  luacRPCFuncProto_Invoke() [out] ret = 0
[2016/12/15 15:23:23 077][Px1747][Tx77fff700][DBG] LENGINE    leng_main. 513  ENGINE_MSG_RPC_ASYNC
[2016/12/15 15:23:23 077][Px1747][Tx77fff700][DBG] LENGINE    leng_main. 521  [isr_local], stat = 1
[2016/12/15 15:23:23 077][Px1747][Tx77fff700][DBG] LENGINE    leng_rpc.c 413  luacRPCFuncProto_Invoke(6412c400,6426de80) [in]
[2016/12/15 15:23:23 078][Px1747][Tx777fe700][TRC] LENGINE    leng_shell 351  lEngine_PostMessage(6426de80,303,2,) [in]
[2016/12/15 15:23:23 078][Px1747][Tx777fe700][DBG] MSPTHREAD  MSPThreadP 733  POST l_engine_2:10:3:0
[2016/12/15 15:23:23 079][Px1747][Tx777fe700][TRC] LENGINE    leng_shell 374  lEngine_PostMessage() [out] 0
[2016/12/15 15:23:23 079][Px1747][Tx777fe700][TRC] AUDIOCODEC audio_code 1023 audioEncoder_Read(, 2004867180) [in]
[2016/12/15 15:23:23 079][Px1747][Tx777fe700][DBG] AUDIOCODEC audio_code 1037 completed = 0, availEncodedSize = 5760
[2016/12/15 15:23:23 079][Px1747][Tx777fe700][DBG] LENGINE    leng_rpc.c 527  luacRPCFuncProto_Invoke() [out] ret = 0
[2016/12/15 15:23:23 080][Px1747][Tx77fff700][TRC] LMOD       luac_logge 170  [isr_local:2103:ASR_LOCAL_MSG_AUW  ]
[2016/12/15 15:23:23 080][Px1747][Tx777fe700][DBG] LENGINE    leng_main. 513  ENGINE_MSG_RPC_ASYNC
[2016/12/15 15:23:23 081][Px1747][Tx777fe700][DBG] LENGINE    leng_main. 521  [cisr1PdHHBHNrqy2XJJZawd4DB2JBviknj], stat = 1
[2016/12/15 15:23:23 081][Px1747][Tx777fe700][DBG] LENGINE    leng_rpc.c 413  luacRPCFuncProto_Invoke(5c0008c0,94b860) [in]
[2016/12/15 15:23:23 081][Px1747][Tx77fff700][TRC] LMOD       luac_logge 170  [isr_local:601:audio buffered :   udata(6c419d98) 2  ]
[2016/12/15 15:23:23 081][Px1747][Tx777fe700][TRC] LMOD       luac_logge 170  [isr:845:[aud] speech start  ]
[2016/12/15 15:23:23 082][Px1747][Tx777fe700][TRC] AUDIOCODEC audio_code 1023 audioEncoder_Read(, 2004867180) [in]
[2016/12/15 15:23:23 082][Px1747][Tx77fff700][INF] LMOD       luac_logge 172  [isr_local:2242:last gc at  1481844179  ]
[2016/12/15 15:23:23 083][Px1747][Tx77fff700][DBG] LENGINE    leng_rpc.c 527  luacRPCFuncProto_Invoke() [out] ret = 0
[2016/12/15 15:23:23 083][Px1747][Tx77fff700][DBG] LENGINE    leng_main. 513  ENGINE_MSG_RPC_ASYNC
[2016/12/15 15:23:23 083][Px1747][Tx77fff700][DBG] LENGINE    leng_main. 521  [isr_local], stat = 1
[2016/12/15 15:23:23 083][Px1747][Tx77fff700][DBG] LENGINE    leng_rpc.c 413  luacRPCFuncProto_Invoke(6412c1c0,6426de80) [in]
[2016/12/15 15:23:23 083][Px1747][Tx777fe700][DBG] AUDIOCODEC audio_code 1037 completed = 0, availEncodedSize = 5760
[2016/12/15 15:23:23 084][Px1747][Tx77fff700][TRC] LMOD       luac_logge 170  [isr_local:2103:ASR_LOCAL_MSG_AUW  ]
[2016/12/15 15:23:23 084][Px1747][Tx777fe700][DBG] LENGINE    leng_rpc.c 527  luacRPCFuncProto_Invoke() [out] ret = 0
[2016/12/15 15:23:23 085][Px1747][Tx777fe700][DBG] LENGINE    leng_main. 513  ENGINE_MSG_RPC_ASYNC
[2016/12/15 15:23:23 085][Px1747][Tx777fe700][DBG] LENGINE    leng_main. 521  [cisr1PdHHBHNrqy2XJJZawd4DB2JBviknj], stat = 1
[2016/12/15 15:23:23 085][Px1747][Tx77fff700][TRC] LMOD       luac_logge 170  [isr_local:601:audio buffered :   udata(6c0029a8) 2  ]
[2016/12/15 15:23:23 085][Px1747][Tx777fe700][DBG] LENGINE    leng_rpc.c 413  luacRPCFuncProto_Invoke(5c000b90,94b860) [in]
[2016/12/15 15:23:23 086][Px1747][Tx777fe700][TRC] AUDIOCODEC audio_code 1023 audioEncoder_Read(, 2004867180) [in]
[2016/12/15 15:23:23 086][Px1747][Tx777fe700][DBG] AUDIOCODEC audio_code 1037 completed = 0, availEncodedSize = 5760
[2016/12/15 15:23:23 086][Px1747][Tx777fe700][DBG] LENGINE    leng_rpc.c 527  luacRPCFuncProto_Invoke() [out] ret = 0
[2016/12/15 15:23:23 086][Px1747][Tx77fff700][INF] LMOD       luac_logge 172  [isr_local:2242:last gc at  1481844179  ]
[2016/12/15 15:23:23 087][Px1747][Tx77fff700][DBG] LENGINE    leng_rpc.c 527  luacRPCFuncProto_Invoke() [out] ret = 0
[2016/12/15 15:23:23 087][Px1747][Tx77fff700][DBG] LENGINE    leng_main. 513  ENGINE_MSG_RPC_ASYNC
[2016/12/15 15:23:23 087][Px1747][Tx77fff700][DBG] LENGINE    leng_main. 521  [isr_local], stat = 1
[2016/12/15 15:23:23 088][Px1747][Tx77fff700][DBG] LENGINE    leng_rpc.c 413  luacRPCFuncProto_Invoke(6412cab0,6426de80) [in]
[2016/12/15 15:23:23 089][Px1747][Tx777fe700][DBG] LENGINE    leng_main. 513  ENGINE_MSG_RPC_ASYNC
[2016/12/15 15:23:23 089][Px1747][Tx777fe700][DBG] LENGINE    leng_main. 521  [cisr1PdHHBHNrqy2XJJZawd4DB2JBviknj], stat = 1
[2016/12/15 15:23:23 090][Px1747][Tx777fe700][DBG] LENGINE    leng_rpc.c 413  luacRPCFuncProto_Invoke(9b1c20,94b860) [in]
[2016/12/15 15:23:23 090][Px1747][Tx77fff700][TRC] LMOD       luac_logge 170  [isr_local:2103:ASR_LOCAL_MSG_AUW  ]
[2016/12/15 15:23:23 090][Px1747][Tx777fe700][TRC] LMOD       luac_logge 170  [isr:1535:ASR_MSG_AUW,   local  ]
[2016/12/15 15:23:23 091][Px1747][Tx77fff700][TRC] LMOD       luac_logge 170  [isr_local:601:audio buffered :   udata(6c41c278) 2  ]
[2016/12/15 15:23:23 091][Px1747][Tx777fe700][TRC] LMOD       luac_logge 170  [isr:1546:6400  2  ]
[2016/12/15 15:23:23 091][Px1747][Tx777fe700][TRC] AUDIOCODEC audio_code 944  audioEncoder_Encode() [in]
[2016/12/15 15:23:23 092][Px1747][Tx777fe700][INF] AUDIOCODEC audio_code 950  stat = 2, len = 6400
[2016/12/15 15:23:23 092][Px1747][Tx777fe700][DBG] AUDIOCODEC audio_code 953  divided into 0 blocks
[2016/12/15 15:23:23 092][Px1747][Tx777fe700][DBG] MSPTHREAD  MSPThreadP 733  POST audioEncoder:6:1:1
[2016/12/15 15:23:23 092][Px1747][Tx77fff700][INF] LMOD       luac_logge 172  [isr_local:2242:last gc at  1481844179  ]
[2016/12/15 15:23:23 092][Px1747][Tx77fff700][DBG] LENGINE    leng_rpc.c 527  luacRPCFuncProto_Invoke() [out] ret = 0
[2016/12/15 15:23:23 093][Px1747][Tx77fff700][DBG] LENGINE    leng_main. 513  ENGINE_MSG_RPC_ASYNC
[2016/12/15 15:23:23 093][Px1747][Tx77fff700][DBG] LENGINE    leng_main. 521  [isr_local], stat = 1
[2016/12/15 15:23:23 093][Px1747][Tx77fff700][DBG] LENGINE    leng_rpc.c 413  luacRPCFuncProto_Invoke(6412c5d0,6426de80) [in]
[2016/12/15 15:23:23 093][Px1747][Tx767fc700][TRC] AUDIOCODEC audio_code 175  ENCODE 6400, 2
[2016/12/15 15:23:23 094][Px1747][Tx767fc700][DBG] AUDIOCODEC audio_code 218  iFlyFixFrontAppendData 6400
[2016/12/15 15:23:23 095][Px1747][Tx767fc700][DBG] MSPTHREAD  MSPThreadP 733  POST l_engine_3:10:18:0
[2016/12/15 15:23:23 095][Px1747][Tx767fc700][TRC] AUDIOCODEC audio_code 245  fetch from VAD 6400 Bytes WaveData
[2016/12/15 15:23:23 095][Px1747][Tx767fc700][PRF] AUDIOCODEC audio_code 246  fetch 6400(Bytes) Wav cost 1(ms) (fea=0)
[2016/12/15 15:23:23 096][Px1747][Tx767fc700][DBG] AUDIOCODEC audio_code 262  vadStat = 0
[2016/12/15 15:23:23 096][Px1747][Tx767fc700][DBG] MSPTHREAD  MSPThreadP 733  POST l_engine_3:10:19:0
[2016/12/15 15:23:23 096][Px1747][Tx777fe700][TRC] AUDIOCODEC audio_code 898  audioEncoder_GetVADParam(, 10001) [in]
[2016/12/15 15:23:23 096][Px1747][Tx777fe700][DBG] LENGINE    leng_rpc.c 527  luacRPCFuncProto_Invoke() [out] ret = 0
[2016/12/15 15:23:23 096][Px1747][Tx777fe700][DBG] LENGINE    leng_main. 513  ENGINE_MSG_RPC_ASYNC
[2016/12/15 15:23:23 097][Px1747][Tx777fe700][DBG] LENGINE    leng_main. 521  [cisr1PdHHBHNrqy2XJJZawd4DB2JBviknj], stat = 1
[2016/12/15 15:23:23 097][Px1747][Tx777fe700][DBG] LENGINE    leng_rpc.c 413  luacRPCFuncProto_Invoke(94bf40,94b860) [in]
[2016/12/15 15:23:23 097][Px1747][Tx77fff700][TRC] LMOD       luac_logge 170  [isr_local:2103:ASR_LOCAL_MSG_AUW  ]
[2016/12/15 15:23:23 098][Px1747][Tx777fe700][TRC] LMOD       luac_logge 170  [isr:1535:ASR_MSG_AUW,   local  ]
[2016/12/15 15:23:23 098][Px1747][Tx77fff700][TRC] LMOD       luac_logge 170  [isr_local:601:audio buffered :   udata(6c3f7bf8) 2  ]
[2016/12/15 15:23:23 099][Px1747][Tx777fe700][TRC] LMOD       luac_logge 170  [isr:1546:6400  2  ]
[2016/12/15 15:23:23 099][Px1747][Tx777fe700][TRC] AUDIOCODEC audio_code 944  audioEncoder_Encode() [in]
[2016/12/15 15:23:23 099][Px1747][Tx777fe700][INF] AUDIOCODEC audio_code 950  stat = 2, len = 6400
[2016/12/15 15:23:23 099][Px1747][Tx777fe700][DBG] AUDIOCODEC audio_code 953  divided into 0 blocks
[2016/12/15 15:23:23 100][Px1747][Tx777fe700][DBG] MSPTHREAD  MSPThreadP 733  POST audioEncoder:6:1:1
[2016/12/15 15:23:23 100][Px1747][Tx77fff700][INF] LMOD       luac_logge 172  [isr_local:2242:last gc at  1481844179  ]
[2016/12/15 15:23:23 100][Px1747][Tx77fff700][DBG] LENGINE    leng_rpc.c 527  luacRPCFuncProto_Invoke() [out] ret = 0
[2016/12/15 15:23:23 101][Px1747][Tx767fc700][TRC] AUDIOCODEC audio_code 175  ENCODE 6400, 2
[2016/12/15 15:23:23 101][Px1747][Tx767fc700][DBG] AUDIOCODEC audio_code 218  iFlyFixFrontAppendData 6400
[2016/12/15 15:23:23 102][Px1747][Tx767fc700][DBG] MSPTHREAD  MSPThreadP 733  POST l_engine_3:10:19:0
[2016/12/15 15:23:23 102][Px1747][Tx767fc700][TRC] AUDIOCODEC audio_code 245  fetch from VAD 6400 Bytes WaveData
[2016/12/15 15:23:23 102][Px1747][Tx767fc700][PRF] AUDIOCODEC audio_code 246  fetch 6400(Bytes) Wav cost 1(ms) (fea=0)
[2016/12/15 15:23:23 102][Px1747][Tx767fc700][DBG] AUDIOCODEC audio_code 262  vadStat = 0
[2016/12/15 15:23:23 102][Px1747][Tx767fc700][DBG] MSPTHREAD  MSPThreadP 733  POST l_engine_3:10:20:0
[2016/12/15 15:23:23 103][Px1747][Tx777fe700][TRC] AUDIOCODEC audio_code 898  audioEncoder_GetVADParam(, 10001) [in]
[2016/12/15 15:23:23 103][Px1747][Tx777fe700][DBG] LENGINE    leng_rpc.c 527  luacRPCFuncProto_Invoke() [out] ret = 0
[2016/12/15 15:23:23 104][Px1747][Tx777fe700][DBG] LENGINE    leng_main. 513  ENGINE_MSG_RPC_ASYNC
[2016/12/15 15:23:23 104][Px1747][Tx777fe700][DBG] LENGINE    leng_main. 521  [cisr1PdHHBHNrqy2XJJZawd4DB2JBviknj], stat = 1
[2016/12/15 15:23:23 104][Px1747][Tx777fe700][DBG] LENGINE    leng_rpc.c 413  luacRPCFuncProto_Invoke(5c001280,94b860) [in]
[2016/12/15 15:23:23 104][Px1747][Tx777fe700][TRC] AUDIOCODEC audio_code 1023 audioEncoder_Read(, 2004867180) [in]
[2016/12/15 15:23:23 104][Px1747][Tx777fe700][DBG] AUDIOCODEC audio_code 1037 completed = 0, availEncodedSize = 18560
[2016/12/15 15:23:23 104][Px1747][Tx777fe700][DBG] AUDIOCODEC audio_code 1055 after read, availEncodedSize = 12160
[2016/12/15 15:23:23 105][Px1747][Tx777fe700][DBG] AUDIOCODEC audio_code 1067 stat = 2, data = 641275d0
[2016/12/15 15:23:23 105][Px1747][Tx777fe700][TRC] LENGINE    leng_shell 351  lEngine_PostMessage(6426de80,303,2,) [in]
[2016/12/15 15:23:23 105][Px1747][Tx777fe700][DBG] MSPTHREAD  MSPThreadP 733  POST l_engine_2:10:1:1
[2016/12/15 15:23:23 105][Px1747][Tx77fff700][DBG] LENGINE    leng_main. 513  ENGINE_MSG_RPC_ASYNC
[2016/12/15 15:23:23 106][Px1747][Tx77fff700][DBG] LENGINE    leng_main. 521  [isr_local], stat = 1
[2016/12/15 15:23:23 106][Px1747][Tx77fff700][DBG] LENGINE    leng_rpc.c 413  luacRPCFuncProto_Invoke(6412c1c0,6426de80) [in]
[2016/12/15 15:23:23 106][Px1747][Tx777fe700][TRC] LENGINE    leng_shell 374  lEngine_PostMessage() [out] 0
[2016/12/15 15:23:23 106][Px1747][Tx77fff700][TRC] LMOD       luac_logge 170  [isr_local:2103:ASR_LOCAL_MSG_AUW  ]
[2016/12/15 15:23:23 107][Px1747][Tx777fe700][TRC] AUDIOCODEC audio_code 1023 audioEncoder_Read(, 2004867180) [in]
[2016/12/15 15:23:23 107][Px1747][Tx77fff700][TRC] LMOD       luac_logge 170  [isr_local:601:audio buffered :   udata(6c41c0a8) 2  ]
[2016/12/15 15:23:23 107][Px1747][Tx777fe700][DBG] AUDIOCODEC audio_code 1037 completed = 0, availEncodedSize = 12160
[2016/12/15 15:23:23 108][Px1747][Tx77fff700][INF] LMOD       luac_logge 172  [isr_local:2242:last gc at  1481844179  ]
[2016/12/15 15:23:23 108][Px1747][Tx77fff700][DBG] LENGINE    leng_rpc.c 527  luacRPCFuncProto_Invoke() [out] ret = 0
[2016/12/15 15:23:23 108][Px1747][Tx777fe700][DBG] AUDIOCODEC audio_code 1055 after read, availEncodedSize = 5760
[2016/12/15 15:23:23 108][Px1747][Tx777fe700][DBG] AUDIOCODEC audio_code 1067 stat = 2, data = 641275d0
[2016/12/15 15:23:23 108][Px1747][Tx777fe700][TRC] LENGINE    leng_shell 351  lEngine_PostMessage(6426de80,303,2,) [in]
[2016/12/15 15:23:23 108][Px1747][Tx777fe700][DBG] MSPTHREAD  MSPThreadP 733  POST l_engine_2:10:1:1
[2016/12/15 15:23:23 109][Px1747][Tx77fff700][DBG] LENGINE    leng_main. 513  ENGINE_MSG_RPC_ASYNC
[2016/12/15 15:23:23 109][Px1747][Tx77fff700][DBG] LENGINE    leng_main. 521  [isr_local], stat = 1
[2016/12/15 15:23:23 109][Px1747][Tx77fff700][DBG] LENGINE    leng_rpc.c 413  luacRPCFuncProto_Invoke(6412c1c0,6426de80) [in]
[2016/12/15 15:23:23 109][Px1747][Tx777fe700][TRC] LENGINE    leng_shell 374  lEngine_PostMessage() [out] 0
[2016/12/15 15:23:23 110][Px1747][Tx77fff700][TRC] LMOD       luac_logge 170  [isr_local:2103:ASR_LOCAL_MSG_AUW  ]
[2016/12/15 15:23:23 110][Px1747][Tx777fe700][TRC] AUDIOCODEC audio_code 1023 audioEncoder_Read(, 2004867180) [in]
[2016/12/15 15:23:23 110][Px1747][Tx777fe700][DBG] AUDIOCODEC audio_code 1037 completed = 0, availEncodedSize = 5760
[2016/12/15 15:23:23 110][Px1747][Tx77fff700][TRC] LMOD       luac_logge 170  [isr_local:601:audio buffered :   udata(6c416948) 2  ]
[2016/12/15 15:23:23 111][Px1747][Tx777fe700][DBG] LENGINE    leng_rpc.c 527  luacRPCFuncProto_Invoke() [out] ret = 0
[2016/12/15 15:23:23 111][Px1747][Tx77fff700][INF] LMOD       luac_logge 172  [isr_local:2242:last gc at  1481844179  ]
[2016/12/15 15:23:23 111][Px1747][Tx77fff700][DBG] LENGINE    leng_rpc.c 527  luacRPCFuncProto_Invoke() [out] ret = 0
[2016/12/15 15:23:23 111][Px1747][Tx777fe700][DBG] LENGINE    leng_main. 513  ENGINE_MSG_RPC_ASYNC
[2016/12/15 15:23:23 111][Px1747][Tx777fe700][DBG] LENGINE    leng_main. 521  [cisr1PdHHBHNrqy2XJJZawd4DB2JBviknj], stat = 1
[2016/12/15 15:23:23 112][Px1747][Tx777fe700][DBG] LENGINE    leng_rpc.c 413  luacRPCFuncProto_Invoke(9b38c0,94b860) [in]
[2016/12/15 15:23:23 112][Px1747][Tx777fe700][TRC] LMOD       luac_logge 170  [isr:1535:ASR_MSG_AUW,   local  ]
[2016/12/15 15:23:23 112][Px1747][Tx777fe700][TRC] LMOD       luac_logge 170  [isr:1546:6400  2  ]
[2016/12/15 15:23:23 112][Px1747][Tx777fe700][TRC] AUDIOCODEC audio_code 944  audioEncoder_Encode() [in]
[2016/12/15 15:23:23 113][Px1747][Tx777fe700][INF] AUDIOCODEC audio_code 950  stat = 2, len = 6400
[2016/12/15 15:23:23 113][Px1747][Tx777fe700][DBG] AUDIOCODEC audio_code 953  divided into 0 blocks
[2016/12/15 15:23:23 113][Px1747][Tx777fe700][DBG] MSPTHREAD  MSPThreadP 733  POST audioEncoder:6:1:1
[2016/12/15 15:23:23 113][Px1747][Tx777fe700][TRC] AUDIOCODEC audio_code 898  audioEncoder_GetVADParam(, 10001) [in]
[2016/12/15 15:23:23 114][Px1747][Tx777fe700][DBG] LENGINE    leng_rpc.c 527  luacRPCFuncProto_Invoke() [out] ret = 0
[2016/12/15 15:23:23 114][Px1747][Tx777fe700][DBG] LENGINE    leng_main. 513  ENGINE_MSG_RPC_ASYNC
[2016/12/15 15:23:23 114][Px1747][Tx777fe700][DBG] LENGINE    leng_main. 521  [cisr1PdHHBHNrqy2XJJZawd4DB2JBviknj], stat = 1
[2016/12/15 15:23:23 114][Px1747][Tx777fe700][DBG] LENGINE    leng_rpc.c 413  luacRPCFuncProto_Invoke(957d10,94b860) [in]
[2016/12/15 15:23:23 114][Px1747][Tx767fc700][TRC] AUDIOCODEC audio_code 175  ENCODE 6400, 2
[2016/12/15 15:23:23 115][Px1747][Tx767fc700][DBG] AUDIOCODEC audio_code 218  iFlyFixFrontAppendData 6400
[2016/12/15 15:23:23 115][Px1747][Tx767fc700][DBG] MSPTHREAD  MSPThreadP 733  POST l_engine_3:10:18:0
[2016/12/15 15:23:23 115][Px1747][Tx767fc700][TRC] AUDIOCODEC audio_code 245  fetch from VAD 6400 Bytes WaveData
[2016/12/15 15:23:23 116][Px1747][Tx767fc700][PRF] AUDIOCODEC audio_code 246  fetch 6400(Bytes) Wav cost 0(ms) (fea=0)
[2016/12/15 15:23:23 116][Px1747][Tx767fc700][DBG] AUDIOCODEC audio_code 262  vadStat = 0
[2016/12/15 15:23:23 116][Px1747][Tx767fc700][DBG] MSPTHREAD  MSPThreadP 733  POST l_engine_3:10:19:0
[2016/12/15 15:23:23 116][Px1747][Tx777fe700][TRC] LMOD       luac_logge 170  [isr:1535:ASR_MSG_AUW,   local  ]
[2016/12/15 15:23:23 116][Px1747][Tx777fe700][TRC] LMOD       luac_logge 170  [isr:1546:6400  2  ]
[2016/12/15 15:23:23 117][Px1747][Tx777fe700][TRC] AUDIOCODEC audio_code 944  audioEncoder_Encode() [in]
[2016/12/15 15:23:23 117][Px1747][Tx777fe700][INF] AUDIOCODEC audio_code 950  stat = 2, len = 6400
[2016/12/15 15:23:23 117][Px1747][Tx777fe700][DBG] AUDIOCODEC audio_code 953  divided into 0 blocks
[2016/12/15 15:23:23 117][Px1747][Tx777fe700][DBG] MSPTHREAD  MSPThreadP 733  POST audioEncoder:6:1:1
[2016/12/15 15:23:23 118][Px1747][Tx777fe700][TRC] AUDIOCODEC audio_code 898  audioEncoder_GetVADParam(, 10001) [in]
[2016/12/15 15:23:23 118][Px1747][Tx777fe700][DBG] LENGINE    leng_rpc.c 527  luacRPCFuncProto_Invoke() [out] ret = 0
[2016/12/15 15:23:23 118][Px1747][Tx777fe700][DBG] LENGINE    leng_main. 513  ENGINE_MSG_RPC_ASYNC
[2016/12/15 15:23:23 118][Px1747][Tx777fe700][DBG] LENGINE    leng_main. 521  [cisr1PdHHBHNrqy2XJJZawd4DB2JBviknj], stat = 1
[2016/12/15 15:23:23 119][Px1747][Tx777fe700][DBG] LENGINE    leng_rpc.c 413  luacRPCFuncProto_Invoke(5c001570,94b860) [in]
[2016/12/15 15:23:23 119][Px1747][Tx777fe700][TRC] AUDIOCODEC audio_code 1023 audioEncoder_Read(, 2004867180) [in]
[2016/12/15 15:23:23 120][Px1747][Tx767fc700][TRC] AUDIOCODEC audio_code 175  ENCODE 6400, 2
[2016/12/15 15:23:23 120][Px1747][Tx767fc700][DBG] AUDIOCODEC audio_code 218  iFlyFixFrontAppendData 6400
[2016/12/15 15:23:23 120][Px1747][Tx767fc700][DBG] MSPTHREAD  MSPThreadP 733  POST l_engine_3:10:19:0
[2016/12/15 15:23:23 121][Px1747][Tx767fc700][TRC] AUDIOCODEC audio_code 245  fetch from VAD 6400 Bytes WaveData
[2016/12/15 15:23:23 121][Px1747][Tx767fc700][PRF] AUDIOCODEC audio_code 246  fetch 6400(Bytes) Wav cost 1(ms) (fea=0)
[2016/12/15 15:23:23 121][Px1747][Tx767fc700][DBG] AUDIOCODEC audio_code 262  vadStat = 0
[2016/12/15 15:23:23 122][Px1747][Tx777fe700][DBG] AUDIOCODEC audio_code 1037 completed = 0, availEncodedSize = 12160
[2016/12/15 15:23:23 122][Px1747][Tx777fe700][DBG] AUDIOCODEC audio_code 1055 after read, availEncodedSize = 5760
[2016/12/15 15:23:23 122][Px1747][Tx777fe700][DBG] AUDIOCODEC audio_code 1067 stat = 2, data = 641275d0
[2016/12/15 15:23:23 122][Px1747][Tx777fe700][TRC] LENGINE    leng_shell 351  lEngine_PostMessage(6426de80,303,2,) [in]
[2016/12/15 15:23:23 122][Px1747][Tx777fe700][DBG] MSPTHREAD  MSPThreadP 733  POST l_engine_2:10:1:1
[2016/12/15 15:23:23 123][Px1747][Tx767fc700][DBG] MSPTHREAD  MSPThreadP 733  POST l_engine_3:10:20:0
[2016/12/15 15:23:23 123][Px1747][Tx77fff700][DBG] LENGINE    leng_main. 513  ENGINE_MSG_RPC_ASYNC
[2016/12/15 15:23:23 123][Px1747][Tx77fff700][DBG] LENGINE    leng_main. 521  [isr_local], stat = 1
[2016/12/15 15:23:23 123][Px1747][Tx77fff700][DBG] LENGINE    leng_rpc.c 413  luacRPCFuncProto_Invoke(6412ccb0,6426de80) [in]
[2016/12/15 15:23:23 123][Px1747][Tx777fe700][TRC] LENGINE    leng_shell 374  lEngine_PostMessage() [out] 0
[2016/12/15 15:23:23 124][Px1747][Tx77fff700][TRC] LMOD       luac_logge 170  [isr_local:2103:ASR_LOCAL_MSG_AUW  ]
[2016/12/15 15:23:23 124][Px1747][Tx777fe700][TRC] AUDIOCODEC audio_code 1023 audioEncoder_Read(, 2004867180) [in]
[2016/12/15 15:23:23 125][Px1747][Tx77fff700][TRC] LMOD       luac_logge 170  [isr_local:601:audio buffered :   udata(6c40ccb8) 2  ]
[2016/12/15 15:23:23 125][Px1747][Tx777fe700][DBG] AUDIOCODEC audio_code 1037 completed = 0, availEncodedSize = 12160
[2016/12/15 15:23:23 125][Px1747][Tx758c3700][DBG] MSPTHREAD  MSPThreadP 733  POST l_engine_2:10:1:0
[2016/12/15 15:23:23 126][Px1747][Tx758c3700][DBG] MSPTHREAD  MSPThreadP 733  POST l_engine_2:10:2:0
[2016/12/15 15:23:23 128][Px1747][Tx77fff700][INF] LMOD       luac_logge 172  [isr_local:2242:last gc at  1481844179  ]
[2016/12/15 15:23:23 133][Px1747][Tx77fff700][DBG] LENGINE    leng_rpc.c 527  luacRPCFuncProto_Invoke() [out] ret = 0
[2016/12/15 15:23:23 133][Px1747][Tx77fff700][DBG] LENGINE    leng_main. 513  ENGINE_MSG_RPC_ASYNC
[2016/12/15 15:23:23 133][Px1747][Tx77fff700][DBG] LENGINE    leng_main. 521  [isr_local], stat = 1
[2016/12/15 15:23:23 134][Px1747][Tx77fff700][DBG] LENGINE    leng_rpc.c 413  luacRPCFuncProto_Invoke(60000c60,6426de80) [in]
[2016/12/15 15:23:23 134][Px1747][Tx777fe700][DBG] AUDIOCODEC audio_code 1055 after read, availEncodedSize = 5760
[2016/12/15 15:23:23 134][Px1747][Tx777fe700][DBG] AUDIOCODEC audio_code 1067 stat = 2, data = 641275d0
[2016/12/15 15:23:23 134][Px1747][Tx777fe700][TRC] LENGINE    leng_shell 351  lEngine_PostMessage(6426de80,303,2,) [in]
[2016/12/15 15:23:23 134][Px1747][Tx777fe700][DBG] MSPTHREAD  MSPThreadP 733  POST l_engine_2:10:2:0
[2016/12/15 15:23:23 135][Px1747][Tx777fe700][TRC] LENGINE    leng_shell 374  lEngine_PostMessage() [out] 0
[2016/12/15 15:23:23 136][Px1747][Tx777fe700][TRC] AUDIOCODEC audio_code 1023 audioEncoder_Read(, 2004867180) [in]
[2016/12/15 15:23:23 137][Px1747][Tx777fe700][DBG] AUDIOCODEC audio_code 1037 completed = 0, availEncodedSize = 5760
[2016/12/15 15:23:23 137][Px1747][Tx777fe700][DBG] LENGINE    leng_rpc.c 527  luacRPCFuncProto_Invoke() [out] ret = 0
[2016/12/15 15:23:23 137][Px1747][Tx777fe700][DBG] LENGINE    leng_main. 513  ENGINE_MSG_RPC_ASYNC
[2016/12/15 15:23:23 137][Px1747][Tx777fe700][DBG] LENGINE    leng_main. 521  [cisr1PdHHBHNrqy2XJJZawd4DB2JBviknj], stat = 1
[2016/12/15 15:23:23 137][Px1747][Tx777fe700][DBG] LENGINE    leng_rpc.c 413  luacRPCFuncProto_Invoke(98b730,94b860) [in]
[2016/12/15 15:23:23 140][Px1747][Tx77fff700][TRC] LMOD       luac_logge 170  [isr_local:655:local engine ready  ]
[2016/12/15 15:23:23 140][Px1747][Tx77fff700][TRC] MSPCMN     msp_cmn.c  827  statusCbStub(,,param_num = 5)
[2016/12/15 15:23:23 141][Px1747][Tx77fff700][PRF] LENGINE    leng_main. 189  callc(msp_status_cb) cost 0 ms
[2016/12/15 15:23:23 142][Px1747][Tx777fe700][TRC] LMOD       luac_logge 170  [isr:1535:ASR_MSG_AUW,   local  ]
[2016/12/15 15:23:23 142][Px1747][Tx77fff700][TRC] LMOD       luac_logge 170  [isr_local:585:esr_flush_buf_audio buffer audio num:  12  ]
[2016/12/15 15:23:23 148][Px1747][Tx777fe700][TRC] LMOD       luac_logge 170  [isr:1546:6400  2  ]
[2016/12/15 15:23:23 149][Px1747][Tx777fe700][TRC] AUDIOCODEC audio_code 944  audioEncoder_Encode() [in]
[2016/12/15 15:23:23 149][Px1747][Tx777fe700][INF] AUDIOCODEC audio_code 950  stat = 2, len = 6400
[2016/12/15 15:23:23 149][Px1747][Tx777fe700][DBG] AUDIOCODEC audio_code 953  divided into 0 blocks
[2016/12/15 15:23:23 149][Px1747][Tx777fe700][DBG] MSPTHREAD  MSPThreadP 733  POST audioEncoder:6:1:1
[2016/12/15 15:23:23 149][Px1747][Tx777fe700][TRC] AUDIOCODEC audio_code 898  audioEncoder_GetVADParam(, 10001) [in]
[2016/12/15 15:23:23 150][Px1747][Tx777fe700][DBG] LENGINE    leng_rpc.c 527  luacRPCFuncProto_Invoke() [out] ret = 0
[2016/12/15 15:23:23 150][Px1747][Tx777fe700][DBG] LENGINE    leng_main. 513  ENGINE_MSG_RPC_ASYNC
[2016/12/15 15:23:23 150][Px1747][Tx777fe700][DBG] LENGINE    leng_main. 521  [cisr1PdHHBHNrqy2XJJZawd4DB2JBviknj], stat = 1
[2016/12/15 15:23:23 151][Px1747][Tx777fe700][DBG] LENGINE    leng_rpc.c 413  luacRPCFuncProto_Invoke(9b71d0,94b860) [in]
[2016/12/15 15:23:23 156][Px1747][Tx767fc700][TRC] AUDIOCODEC audio_code 175  ENCODE 6400, 2
[2016/12/15 15:23:23 157][Px1747][Tx767fc700][DBG] AUDIOCODEC audio_code 218  iFlyFixFrontAppendData 6400
[2016/12/15 15:23:23 157][Px1747][Tx767fc700][DBG] MSPTHREAD  MSPThreadP 733  POST l_engine_3:10:19:0
[2016/12/15 15:23:23 157][Px1747][Tx767fc700][TRC] AUDIOCODEC audio_code 245  fetch from VAD 6400 Bytes WaveData
[2016/12/15 15:23:23 158][Px1747][Tx767fc700][PRF] AUDIOCODEC audio_code 246  fetch 6400(Bytes) Wav cost 1(ms) (fea=0)
[2016/12/15 15:23:23 158][Px1747][Tx767fc700][DBG] AUDIOCODEC audio_code 262  vadStat = 0
[2016/12/15 15:23:23 158][Px1747][Tx767fc700][DBG] MSPTHREAD  MSPThreadP 733  POST l_engine_3:10:20:0
[2016/12/15 15:23:23 158][Px1747][Tx777fe700][TRC] LMOD       luac_logge 170  [isr:1535:ASR_MSG_AUW,   local  ]
[2016/12/15 15:23:23 159][Px1747][Tx77fff700][TRC] LMOD       luac_logge 170  [isr_local:1536:auwl =   6400  ]
[2016/12/15 15:23:23 159][Px1747][Tx77fff700][TRC] LENGINE    aitalk.c   437  Esr_WriteAudio(6c02d580, 64128ee0, 6400) [in]
[2016/12/15 15:23:23 159][Px1747][Tx77fff700][TRC] LENGINE    aitalk.c   467  Esr_WriteAudio(0) [out]
[2016/12/15 15:23:23 160][Px1747][Tx77fff700][TRC] LMOD       luac_logge 170  [isr_local:590:esr_audio_write, ret =  0  ]
[2016/12/15 15:23:23 164][Px1747][Tx777fe700][TRC] LMOD       luac_logge 170  [isr:1546:0  4  ]
[2016/12/15 15:23:23 166][Px1747][Tx77fff700][TRC] LMOD       luac_logge 170  [isr_local:1536:auwl =   6400  ]
[2016/12/15 15:23:23 166][Px1747][Tx77fff700][TRC] LENGINE    aitalk.c   437  Esr_WriteAudio(6c02d580, 64125cc0, 6400) [in]
[2016/12/15 15:23:23 167][Px1747][Tx77fff700][TRC] LENGINE    aitalk.c   467  Esr_WriteAudio(0) [out]
[2016/12/15 15:23:23 172][Px1747][Tx777fe700][TRC] LMOD       luac_logge 170  [isr:1579:aud end, USER  ]
[2016/12/15 15:23:23 173][Px1747][Tx777fe700][TRC] AUDIOCODEC audio_code 944  audioEncoder_Encode() [in]
[2016/12/15 15:23:23 173][Px1747][Tx777fe700][INF] AUDIOCODEC audio_code 950  stat = 4, len = 0
[2016/12/15 15:23:23 173][Px1747][Tx777fe700][DBG] AUDIOCODEC audio_code 953  divided into 0 blocks
[2016/12/15 15:23:23 173][Px1747][Tx777fe700][DBG] MSPTHREAD  MSPThreadP 733  POST audioEncoder:6:1:1
[2016/12/15 15:23:23 173][Px1747][Tx777fe700][TRC] AUDIOCODEC audio_code 898  audioEncoder_GetVADParam(, 10001) [in]
[2016/12/15 15:23:23 173][Px1747][Tx777fe700][DBG] LENGINE    leng_rpc.c 527  luacRPCFuncProto_Invoke() [out] ret = 0
[2016/12/15 15:23:23 174][Px1747][Tx777fe700][DBG] LENGINE    leng_main. 513  ENGINE_MSG_RPC_ASYNC
[2016/12/15 15:23:23 174][Px1747][Tx777fe700][DBG] LENGINE    leng_main. 521  [cisr1PdHHBHNrqy2XJJZawd4DB2JBviknj], stat = 1
[2016/12/15 15:23:23 174][Px1747][Tx777fe700][DBG] LENGINE    leng_rpc.c 413  luacRPCFuncProto_Invoke(5c001860,94b860) [in]
[2016/12/15 15:23:23 174][Px1747][Tx777fe700][TRC] AUDIOCODEC audio_code 1023 audioEncoder_Read(, 2004867180) [in]
[2016/12/15 15:23:23 174][Px1747][Tx777fe700][DBG] AUDIOCODEC audio_code 1037 completed = 0, availEncodedSize = 12160
[2016/12/15 15:23:23 175][Px1747][Tx777fe700][DBG] AUDIOCODEC audio_code 1055 after read, availEncodedSize = 5760
[2016/12/15 15:23:23 180][Px1747][Tx777fe700][DBG] AUDIOCODEC audio_code 1067 stat = 2, data = 64010590
[2016/12/15 15:23:23 180][Px1747][Tx777fe700][TRC] LENGINE    leng_shell 351  lEngine_PostMessage(6426de80,303,2,) [in]
[2016/12/15 15:23:23 180][Px1747][Tx777fe700][DBG] MSPTHREAD  MSPThreadP 733  POST l_engine_2:10:3:0
[2016/12/15 15:23:23 181][Px1747][Tx777fe700][TRC] LENGINE    leng_shell 374  lEngine_PostMessage() [out] 0
[2016/12/15 15:23:23 181][Px1747][Tx777fe700][TRC] AUDIOCODEC audio_code 1023 audioEncoder_Read(, 2004867180) [in]
[2016/12/15 15:23:23 181][Px1747][Tx777fe700][DBG] AUDIOCODEC audio_code 1037 completed = 0, availEncodedSize = 5760
[2016/12/15 15:23:23 181][Px1747][Tx777fe700][DBG] LENGINE    leng_rpc.c 527  luacRPCFuncProto_Invoke() [out] ret = 0
[2016/12/15 15:23:23 182][Px1747][Tx777fe700][DBG] LENGINE    leng_main. 513  ENGINE_MSG_RPC_ASYNC
[2016/12/15 15:23:23 182][Px1747][Tx777fe700][DBG] LENGINE    leng_main. 521  [cisr1PdHHBHNrqy2XJJZawd4DB2JBviknj], stat = 1
[2016/12/15 15:23:23 182][Px1747][Tx777fe700][DBG] LENGINE    leng_rpc.c 413  luacRPCFuncProto_Invoke(5c0034a0,94b860) [in]
[2016/12/15 15:23:23 182][Px1747][Tx777fe700][TRC] AUDIOCODEC audio_code 1023 audioEncoder_Read(, 2004867180) [in]
[2016/12/15 15:23:23 182][Px1747][Tx777fe700][DBG] AUDIOCODEC audio_code 1037 completed = 0, availEncodedSize = 5760
[2016/12/15 15:23:23 182][Px1747][Tx777fe700][DBG] LENGINE    leng_rpc.c 527  luacRPCFuncProto_Invoke() [out] ret = 0
[2016/12/15 15:23:23 188][Px1747][Tx777fe700][DBG] LENGINE    leng_main. 513  ENGINE_MSG_RPC_ASYNC
[2016/12/15 15:23:23 189][Px1747][Tx777fe700][DBG] LENGINE    leng_main. 521  [cisr1PdHHBHNrqy2XJJZawd4DB2JBviknj], stat = 1
[2016/12/15 15:23:23 189][Px1747][Tx777fe700][DBG] LENGINE    leng_rpc.c 413  luacRPCFuncProto_Invoke(5c003790,94b860) [in]
[2016/12/15 15:23:23 189][Px1747][Tx777fe700][TRC] AUDIOCODEC audio_code 1023 audioEncoder_Read(, 2004867180) [in]
[2016/12/15 15:23:23 189][Px1747][Tx777fe700][DBG] AUDIOCODEC audio_code 1037 completed = 0, availEncodedSize = 5760
[2016/12/15 15:23:23 189][Px1747][Tx777fe700][DBG] LENGINE    leng_rpc.c 527  luacRPCFuncProto_Invoke() [out] ret = 0
[2016/12/15 15:23:23 190][Px1747][Tx777fe700][DBG] LENGINE    leng_main. 513  ENGINE_MSG_RPC_ASYNC
[2016/12/15 15:23:23 190][Px1747][Tx777fe700][DBG] LENGINE    leng_main. 521  [cisr1PdHHBHNrqy2XJJZawd4DB2JBviknj], stat = 1
[2016/12/15 15:23:23 190][Px1747][Tx777fe700][DBG] LENGINE    leng_rpc.c 413  luacRPCFuncProto_Invoke(5c003a80,94b860) [in]
[2016/12/15 15:23:23 190][Px1747][Tx777fe700][TRC] AUDIOCODEC audio_code 1023 audioEncoder_Read(, 2004867180) [in]
[2016/12/15 15:23:23 190][Px1747][Tx777fe700][DBG] AUDIOCODEC audio_code 1037 completed = 0, availEncodedSize = 5760
[2016/12/15 15:23:23 191][Px1747][Tx777fe700][DBG] LENGINE    leng_rpc.c 527  luacRPCFuncProto_Invoke() [out] ret = 0
[2016/12/15 15:23:23 191][Px1747][Tx777fe700][DBG] LENGINE    leng_main. 513  ENGINE_MSG_RPC_ASYNC
[2016/12/15 15:23:23 196][Px1747][Tx777fe700][DBG] LENGINE    leng_main. 521  [cisr1PdHHBHNrqy2XJJZawd4DB2JBviknj], stat = 1
[2016/12/15 15:23:23 196][Px1747][Tx777fe700][DBG] LENGINE    leng_rpc.c 413  luacRPCFuncProto_Invoke(5c001af0,94b860) [in]
[2016/12/15 15:23:23 197][Px1747][Tx777fe700][TRC] AUDIOCODEC audio_code 1023 audioEncoder_Read(, 2004867180) [in]
[2016/12/15 15:23:23 197][Px1747][Tx777fe700][DBG] AUDIOCODEC audio_code 1037 completed = 0, availEncodedSize = 5760
[2016/12/15 15:23:23 197][Px1747][Tx777fe700][DBG] LENGINE    leng_rpc.c 527  luacRPCFuncProto_Invoke() [out] ret = 0
[2016/12/15 15:23:23 197][Px1747][Tx777fe700][DBG] LENGINE    leng_main. 513  ENGINE_MSG_RPC_ASYNC
[2016/12/15 15:23:23 197][Px1747][Tx777fe700][DBG] LENGINE    leng_main. 521  [cisr1PdHHBHNrqy2XJJZawd4DB2JBviknj], stat = 1
[2016/12/15 15:23:23 198][Px1747][Tx777fe700][DBG] LENGINE    leng_rpc.c 413  luacRPCFuncProto_Invoke(5c001de0,94b860) [in]
[2016/12/15 15:23:23 198][Px1747][Tx777fe700][TRC] AUDIOCODEC audio_code 1023 audioEncoder_Read(, 2004867180) [in]
[2016/12/15 15:23:23 198][Px1747][Tx777fe700][DBG] AUDIOCODEC audio_code 1037 completed = 0, availEncodedSize = 5760
[2016/12/15 15:23:23 198][Px1747][Tx777fe700][DBG] LENGINE    leng_rpc.c 527  luacRPCFuncProto_Invoke() [out] ret = 0
[2016/12/15 15:23:23 199][Px1747][Tx777fe700][DBG] LENGINE    leng_main. 513  ENGINE_MSG_RPC_ASYNC
[2016/12/15 15:23:23 204][Px1747][Tx777fe700][DBG] LENGINE    leng_main. 521  [cisr1PdHHBHNrqy2XJJZawd4DB2JBviknj], stat = 1
[2016/12/15 15:23:23 205][Px1747][Tx777fe700][DBG] LENGINE    leng_rpc.c 413  luacRPCFuncProto_Invoke(5c0020d0,94b860) [in]
[2016/12/15 15:23:23 205][Px1747][Tx777fe700][TRC] AUDIOCODEC audio_code 1023 audioEncoder_Read(, 2004867180) [in]
[2016/12/15 15:23:23 205][Px1747][Tx777fe700][DBG] AUDIOCODEC audio_code 1037 completed = 0, availEncodedSize = 5760
[2016/12/15 15:23:23 206][Px1747][Tx777fe700][DBG] LENGINE    leng_rpc.c 527  luacRPCFuncProto_Invoke() [out] ret = 0
[2016/12/15 15:23:23 206][Px1747][Tx777fe700][DBG] LENGINE    leng_main. 513  ENGINE_MSG_RPC_ASYNC
[2016/12/15 15:23:23 206][Px1747][Tx777fe700][DBG] LENGINE    leng_main. 521  [cisr1PdHHBHNrqy2XJJZawd4DB2JBviknj], stat = 1
[2016/12/15 15:23:23 206][Px1747][Tx777fe700][DBG] LENGINE    leng_rpc.c 413  luacRPCFuncProto_Invoke(5c0023c0,94b860) [in]
[2016/12/15 15:23:23 206][Px1747][Tx777fe700][TRC] AUDIOCODEC audio_code 1023 audioEncoder_Read(, 2004867180) [in]
[2016/12/15 15:23:23 206][Px1747][Tx777fe700][DBG] AUDIOCODEC audio_code 1037 completed = 0, availEncodedSize = 5760
[2016/12/15 15:23:23 212][Px1747][Tx777fe700][DBG] LENGINE    leng_rpc.c 527  luacRPCFuncProto_Invoke() [out] ret = 0
[2016/12/15 15:23:23 213][Px1747][Tx777fe700][DBG] LENGINE    leng_main. 513  ENGINE_MSG_RPC_ASYNC
[2016/12/15 15:23:23 213][Px1747][Tx777fe700][DBG] LENGINE    leng_main. 521  [cisr1PdHHBHNrqy2XJJZawd4DB2JBviknj], stat = 1
[2016/12/15 15:23:23 213][Px1747][Tx777fe700][DBG] LENGINE    leng_rpc.c 413  luacRPCFuncProto_Invoke(5c0026d0,94b860) [in]
[2016/12/15 15:23:23 213][Px1747][Tx777fe700][TRC] AUDIOCODEC audio_code 1023 audioEncoder_Read(, 2004867180) [in]
[2016/12/15 15:23:23 213][Px1747][Tx777fe700][DBG] AUDIOCODEC audio_code 1037 completed = 0, availEncodedSize = 5760
[2016/12/15 15:23:23 214][Px1747][Tx777fe700][DBG] LENGINE    leng_rpc.c 527  luacRPCFuncProto_Invoke() [out] ret = 0
[2016/12/15 15:23:23 214][Px1747][Tx777fe700][DBG] LENGINE    leng_main. 513  ENGINE_MSG_RPC_ASYNC
[2016/12/15 15:23:23 214][Px1747][Tx777fe700][DBG] LENGINE    leng_main. 521  [cisr1PdHHBHNrqy2XJJZawd4DB2JBviknj], stat = 1
[2016/12/15 15:23:23 214][Px1747][Tx777fe700][DBG] LENGINE    leng_rpc.c 413  luacRPCFuncProto_Invoke(5c002910,94b860) [in]
[2016/12/15 15:23:23 214][Px1747][Tx777fe700][TRC] AUDIOCODEC audio_code 1023 audioEncoder_Read(, 2004867180) [in]
[2016/12/15 15:23:23 215][Px1747][Tx777fe700][DBG] AUDIOCODEC audio_code 1037 completed = 0, availEncodedSize = 5760
[2016/12/15 15:23:23 220][Px1747][Tx777fe700][DBG] LENGINE    leng_rpc.c 527  luacRPCFuncProto_Invoke() [out] ret = 0
[2016/12/15 15:23:23 220][Px1747][Tx777fe700][DBG] LENGINE    leng_main. 513  ENGINE_MSG_RPC_ASYNC
[2016/12/15 15:23:23 221][Px1747][Tx777fe700][DBG] LENGINE    leng_main. 521  [cisr1PdHHBHNrqy2XJJZawd4DB2JBviknj], stat = 1
[2016/12/15 15:23:23 221][Px1747][Tx777fe700][DBG] LENGINE    leng_rpc.c 413  luacRPCFuncProto_Invoke(5c000fc0,94b860) [in]
[2016/12/15 15:23:23 221][Px1747][Tx777fe700][TRC] AUDIOCODEC audio_code 1023 audioEncoder_Read(, 2004867180) [in]
[2016/12/15 15:23:23 222][Px1747][Tx777fe700][DBG] AUDIOCODEC audio_code 1037 completed = 0, availEncodedSize = 5760
[2016/12/15 15:23:23 222][Px1747][Tx777fe700][DBG] LENGINE    leng_rpc.c 527  luacRPCFuncProto_Invoke() [out] ret = 0
[2016/12/15 15:23:23 223][Px1747][Tx777fe700][DBG] LENGINE    leng_main. 513  ENGINE_MSG_RPC_ASYNC
[2016/12/15 15:23:23 228][Px1747][Tx777fe700][DBG] LENGINE    leng_main. 521  [cisr1PdHHBHNrqy2XJJZawd4DB2JBviknj], stat = 1
[2016/12/15 15:23:23 229][Px1747][Tx777fe700][DBG] LENGINE    leng_rpc.c 413  luacRPCFuncProto_Invoke(5c000ad0,94b860) [in]
[2016/12/15 15:23:23 229][Px1747][Tx777fe700][TRC] AUDIOCODEC audio_code 1023 audioEncoder_Read(, 2004867180) [in]
[2016/12/15 15:23:23 230][Px1747][Tx777fe700][DBG] AUDIOCODEC audio_code 1037 completed = 0, availEncodedSize = 5760
[2016/12/15 15:23:23 231][Px1747][Tx777fe700][DBG] LENGINE    leng_rpc.c 527  luacRPCFuncProto_Invoke() [out] ret = 0
[2016/12/15 15:23:23 231][Px1747][Tx777fe700][DBG] LENGINE    leng_main. 513  ENGINE_MSG_RPC_ASYNC
[2016/12/15 15:23:23 231][Px1747][Tx777fe700][DBG] LENGINE    leng_main. 521  [cisr1PdHHBHNrqy2XJJZawd4DB2JBviknj], stat = 1
[2016/12/15 15:23:23 231][Px1747][Tx777fe700][DBG] LENGINE    leng_rpc.c 413  luacRPCFuncProto_Invoke(5c0008c0,94b860) [in]
[2016/12/15 15:23:23 232][Px1747][Tx777fe700][TRC] AUDIOCODEC audio_code 1023 audioEncoder_Read(, 2004867180) [in]
[2016/12/15 15:23:23 232][Px1747][Tx777fe700][DBG] AUDIOCODEC audio_code 1037 completed = 0, availEncodedSize = 5760
[2016/12/15 15:23:23 232][Px1747][Tx777fe700][DBG] LENGINE    leng_rpc.c 527  luacRPCFuncProto_Invoke() [out] ret = 0
[2016/12/15 15:23:23 236][Px1747][Tx777fe700][DBG] LENGINE    leng_main. 513  ENGINE_MSG_RPC_ASYNC
[2016/12/15 15:23:23 237][Px1747][Tx777fe700][DBG] LENGINE    leng_main. 521  [cisr1PdHHBHNrqy2XJJZawd4DB2JBviknj], stat = 1
[2016/12/15 15:23:23 237][Px1747][Tx777fe700][DBG] LENGINE    leng_rpc.c 413  luacRPCFuncProto_Invoke(5c002ce0,94b860) [in]
[2016/12/15 15:23:23 237][Px1747][Tx777fe700][TRC] AUDIOCODEC audio_code 1023 audioEncoder_Read(, 2004867180) [in]
[2016/12/15 15:23:23 237][Px1747][Tx777fe700][DBG] AUDIOCODEC audio_code 1037 completed = 0, availEncodedSize = 5760
[2016/12/15 15:23:23 238][Px1747][Tx777fe700][DBG] LENGINE    leng_rpc.c 527  luacRPCFuncProto_Invoke() [out] ret = 0
[2016/12/15 15:23:23 238][Px1747][Tx777fe700][DBG] LENGINE    leng_main. 513  ENGINE_MSG_RPC_ASYNC
[2016/12/15 15:23:23 238][Px1747][Tx777fe700][DBG] LENGINE    leng_main. 521  [cisr1PdHHBHNrqy2XJJZawd4DB2JBviknj], stat = 1
[2016/12/15 15:23:23 239][Px1747][Tx777fe700][DBG] LENGINE    leng_rpc.c 413  luacRPCFuncProto_Invoke(5c001280,94b860) [in]
[2016/12/15 15:23:23 244][Px1747][Tx777fe700][TRC] AUDIOCODEC audio_code 1023 audioEncoder_Read(, 2004867180) [in]
[2016/12/15 15:23:23 244][Px1747][Tx777fe700][DBG] AUDIOCODEC audio_code 1037 completed = 0, availEncodedSize = 5760
[2016/12/15 15:23:23 245][Px1747][Tx777fe700][DBG] LENGINE    leng_rpc.c 527  luacRPCFuncProto_Invoke() [out] ret = 0
[2016/12/15 15:23:23 245][Px1747][Tx777fe700][DBG] LENGINE    leng_main. 513  ENGINE_MSG_RPC_ASYNC
[2016/12/15 15:23:23 246][Px1747][Tx777fe700][DBG] LENGINE    leng_main. 521  [cisr1PdHHBHNrqy2XJJZawd4DB2JBviknj], stat = 1
[2016/12/15 15:23:23 246][Px1747][Tx777fe700][DBG] LENGINE    leng_rpc.c 413  luacRPCFuncProto_Invoke(5c002fd0,94b860) [in]
[2016/12/15 15:23:23 250][Px1747][Tx777fe700][TRC] AUDIOCODEC audio_code 1023 audioEncoder_Read(, 2004867180) [in]
[2016/12/15 15:23:23 251][Px1747][Tx777fe700][DBG] AUDIOCODEC audio_code 1037 completed = 0, availEncodedSize = 5760
[2016/12/15 15:23:23 251][Px1747][Tx777fe700][DBG] LENGINE    leng_rpc.c 527  luacRPCFuncProto_Invoke() [out] ret = 0
[2016/12/15 15:23:23 251][Px1747][Tx777fe700][DBG] LENGINE    leng_main. 513  ENGINE_MSG_RPC_ASYNC
[2016/12/15 15:23:23 251][Px1747][Tx777fe700][DBG] LENGINE    leng_main. 521  [cisr1PdHHBHNrqy2XJJZawd4DB2JBviknj], stat = 1
[2016/12/15 15:23:23 252][Px1747][Tx777fe700][DBG] LENGINE    leng_rpc.c 413  luacRPCFuncProto_Invoke(5c0032c0,94b860) [in]
[2016/12/15 15:23:23 252][Px1747][Tx777fe700][TRC] AUDIOCODEC audio_code 1023 audioEncoder_Read(, 2004867180) [in]
[2016/12/15 15:23:23 252][Px1747][Tx777fe700][DBG] AUDIOCODEC audio_code 1037 completed = 0, availEncodedSize = 5760
[2016/12/15 15:23:23 252][Px1747][Tx777fe700][DBG] LENGINE    leng_rpc.c 527  luacRPCFuncProto_Invoke() [out] ret = 0
[2016/12/15 15:23:23 253][Px1747][Tx777fe700][DBG] LENGINE    leng_main. 513  ENGINE_MSG_RPC_ASYNC
[2016/12/15 15:23:23 253][Px1747][Tx777fe700][DBG] LENGINE    leng_main. 521  [cisr1PdHHBHNrqy2XJJZawd4DB2JBviknj], stat = 1
[2016/12/15 15:23:23 256][Px1747][Tx777fe700][DBG] LENGINE    leng_rpc.c 413  luacRPCFuncProto_Invoke(5c005740,94b860) [in]
[2016/12/15 15:23:23 256][Px1747][Tx777fe700][TRC] AUDIOCODEC audio_code 1023 audioEncoder_Read(, 2004867180) [in]
[2016/12/15 15:23:23 257][Px1747][Tx777fe700][DBG] AUDIOCODEC audio_code 1037 completed = 0, availEncodedSize = 5760
[2016/12/15 15:23:23 257][Px1747][Tx777fe700][DBG] LENGINE    leng_rpc.c 527  luacRPCFuncProto_Invoke() [out] ret = 0
[2016/12/15 15:23:23 257][Px1747][Tx777fe700][DBG] LENGINE    leng_main. 513  ENGINE_MSG_RPC_ASYNC
[2016/12/15 15:23:23 258][Px1747][Tx777fe700][DBG] LENGINE    leng_main. 521  [cisr1PdHHBHNrqy2XJJZawd4DB2JBviknj], stat = 1
[2016/12/15 15:23:23 258][Px1747][Tx777fe700][DBG] LENGINE    leng_rpc.c 413  luacRPCFuncProto_Invoke(5c001570,94b860) [in]
[2016/12/15 15:23:23 258][Px1747][Tx777fe700][TRC] AUDIOCODEC audio_code 1023 audioEncoder_Read(, 2004867180) [in]
[2016/12/15 15:23:23 259][Px1747][Tx777fe700][DBG] AUDIOCODEC audio_code 1037 completed = 0, availEncodedSize = 5760
[2016/12/15 15:23:23 264][Px1747][Tx777fe700][DBG] LENGINE    leng_rpc.c 527  luacRPCFuncProto_Invoke() [out] ret = 0
[2016/12/15 15:23:23 264][Px1747][Tx777fe700][DBG] LENGINE    leng_main. 513  ENGINE_MSG_RPC_ASYNC
[2016/12/15 15:23:23 264][Px1747][Tx777fe700][DBG] LENGINE    leng_main. 521  [cisr1PdHHBHNrqy2XJJZawd4DB2JBviknj], stat = 1
[2016/12/15 15:23:23 265][Px1747][Tx777fe700][DBG] LENGINE    leng_rpc.c 413  luacRPCFuncProto_Invoke(5c003ee0,94b860) [in]
[2016/12/15 15:23:23 265][Px1747][Tx777fe700][TRC] AUDIOCODEC audio_code 1023 audioEncoder_Read(, 2004867180) [in]
[2016/12/15 15:23:23 265][Px1747][Tx777fe700][DBG] AUDIOCODEC audio_code 1037 completed = 0, availEncodedSize = 5760
[2016/12/15 15:23:23 266][Px1747][Tx777fe700][DBG] LENGINE    leng_rpc.c 527  luacRPCFuncProto_Invoke() [out] ret = 0
[2016/12/15 15:23:23 266][Px1747][Tx777fe700][DBG] LENGINE    leng_main. 535  ENGINE_MSG_RPC_SYNC
[2016/12/15 15:23:23 266][Px1747][Tx777fe700][DBG] LENGINE    leng_main. 543  [cisr1PdHHBHNrqy2XJJZawd4DB2JBviknj], stat = 1
[2016/12/15 15:23:23 266][Px1747][Tx777fe700][DBG] LENGINE    leng_rpc.c 413  luacRPCFuncProto_Invoke(957f80,94b860) [in]
[2016/12/15 15:23:23 266][Px1747][Tx77fff700][TRC] LMOD       luac_logge 170  [isr_local:590:esr_audio_write, ret =  0  ]
[2016/12/15 15:23:23 266][Px1747][Tx767fc700][TRC] AUDIOCODEC audio_code 175  ENCODE 0, 4
[2016/12/15 15:23:23 272][Px1747][Tx767fc700][DBG] AUDIOCODEC audio_code 228  iFlyFixFrontEndAudioData
[2016/12/15 15:23:23 273][Px1747][Tx767fc700][DBG] MSPTHREAD  MSPThreadP 733  POST l_engine_3:10:1:0
[2016/12/15 15:23:23 273][Px1747][Tx767fc700][DBG] AUDIOCODEC audio_code 262  vadStat = 8
[2016/12/15 15:23:23 273][Px1747][Tx767fc700][TRC] AUDIOCODEC audio_code 273  VAD: finished!
[2016/12/15 15:23:23 273][Px1747][Tx767fc700][DBG] MSPTHREAD  MSPThreadP 733  POST l_engine_3:10:2:0
[2016/12/15 15:23:23 274][Px1747][Tx767fc700][TRC] AUDIOCODEC audio_code 303  encoding completed!
[2016/12/15 15:23:23 274][Px1747][Tx767fc700][DBG] MSPTHREAD  MSPThreadP 733  POST l_engine_3:10:3:0
[2016/12/15 15:23:23 274][Px1747][Tx77fff700][TRC] LMOD       luac_logge 170  [isr_local:1536:auwl =   6400  ]
[2016/12/15 15:23:23 274][Px1747][Tx77fff700][TRC] LENGINE    aitalk.c   437  Esr_WriteAudio(6c02d580, 6412a7f0, 6400) [in]
[2016/12/15 15:23:23 275][Px1747][Tx77fff700][TRC] LENGINE    aitalk.c   467  Esr_WriteAudio(0) [out]
[2016/12/15 15:23:23 275][Px1747][Tx777fe700][TRC] LMOD       luac_logge 170  [isr:1618:ASR_MSG_GRSLT,   local  ]
[2016/12/15 15:23:23 280][Px1747][Tx77fff700][TRC] LMOD       luac_logge 170  [isr_local:590:esr_audio_write, ret =  0  ]
[2016/12/15 15:23:23 281][Px1747][Tx777fe700][TRC] LMOD       luac_logge 170  [isr:1297:0  nil  2  ]
[2016/12/15 15:23:23 281][Px1747][Tx777fe700][DBG] LENGINE    leng_rpc.c 527  luacRPCFuncProto_Invoke() [out] ret = 0
[2016/12/15 15:23:23 281][Px1747][Tx777fe700][DBG] LENGINE    leng_main. 513  ENGINE_MSG_RPC_ASYNC
[2016/12/15 15:23:23 281][Px1747][Tx777fe700][DBG] LENGINE    leng_main. 521  [cisr1PdHHBHNrqy2XJJZawd4DB2JBviknj], stat = 1
[2016/12/15 15:23:23 282][Px1747][Tx777fe700][DBG] LENGINE    leng_rpc.c 413  luacRPCFuncProto_Invoke(5c001860,94b860) [in]
[2016/12/15 15:23:23 282][Px1747][Tx777fe700][TRC] AUDIOCODEC audio_code 1023 audioEncoder_Read(, 2004867180) [in]
[2016/12/15 15:23:23 282][Px1747][Tx777fe700][DBG] AUDIOCODEC audio_code 1037 completed = 1, availEncodedSize = 5760
[2016/12/15 15:23:23 282][Px1747][Tx777fe700][DBG] AUDIOCODEC audio_code 1055 after read, availEncodedSize = 0
[2016/12/15 15:23:23 282][Px1747][Tx777fe700][DBG] AUDIOCODEC audio_code 1067 stat = 4, data = 64010590
[2016/12/15 15:23:23 288][Px1747][Tx777fe700][TRC] LENGINE    leng_shell 351  lEngine_PostMessage(6426de80,303,2,) [in]
[2016/12/15 15:23:23 288][Px1747][Tx777fe700][DBG] MSPTHREAD  MSPThreadP 733  POST l_engine_2:10:4:0
[2016/12/15 15:23:23 288][Px1747][Tx777fe700][TRC] LENGINE    leng_shell 374  lEngine_PostMessage() [out] 0
[2016/12/15 15:23:23 289][Px1747][Tx777fe700][DBG] LENGINE    leng_rpc.c 527  luacRPCFuncProto_Invoke() [out] ret = 0
[2016/12/15 15:23:23 289][Px1747][Tx777fe700][DBG] LENGINE    leng_main. 513  ENGINE_MSG_RPC_ASYNC
[2016/12/15 15:23:23 289][Px1747][Tx777fe700][DBG] LENGINE    leng_main. 521  [cisr1PdHHBHNrqy2XJJZawd4DB2JBviknj], stat = 1
[2016/12/15 15:23:23 289][Px1747][Tx777fe700][DBG] LENGINE    leng_rpc.c 413  luacRPCFuncProto_Invoke(5c0034a0,94b860) [in]
[2016/12/15 15:23:23 290][Px1747][Tx77fff700][TRC] LMOD       luac_logge 170  [isr_local:1536:auwl =   6400  ]
[2016/12/15 15:23:23 290][Px1747][Tx77fff700][TRC] LENGINE    aitalk.c   437  Esr_WriteAudio(6c02d580, 64000af0, 6400) [in]
[2016/12/15 15:23:23 290][Px1747][Tx77fff700][TRC] LENGINE    aitalk.c   467  Esr_WriteAudio(0) [out]
[2016/12/15 15:23:23 290][Px1747][Tx7f39e700][TRC] LENGINE    leng_shell 428  lEngine_SendMessage() [out] 0
[2016/12/15 15:23:23 296][Px1747][Tx7f39e700][TRC] QISR       qisr.c     455  QISRGetResult() [out] 0 2 0
[2016/12/15 15:23:23 296][Px1747][Tx77fff700][TRC] LMOD       luac_logge 170  [isr_local:590:esr_audio_write, ret =  0  ]
[2016/12/15 15:23:23 297][Px1747][Tx777fe700][TRC] LMOD       luac_logge 170  [isr:855:[aud] speech end  ]
[2016/12/15 15:23:23 297][Px1747][Tx777fe700][TRC] AUDIOCODEC audio_code 898  audioEncoder_GetVADParam(, 10002) [in]
[2016/12/15 15:23:23 297][Px1747][Tx777fe700][TRC] AUDIOCODEC audio_code 898  audioEncoder_GetVADParam(, 10003) [in]
[2016/12/15 15:23:23 298][Px1747][Tx777fe700][TRC] AUDIOCODEC audio_code 898  audioEncoder_GetVADParam(, 10004) [in]
[2016/12/15 15:23:23 299][Px1747][Tx777fe700][TRC] AUDIOCODEC audio_code 898  audioEncoder_GetVADParam(, 10005) [in]
[2016/12/15 15:23:23 305][Px1747][Tx777fe700][TRC] AUDIOCODEC audio_code 1023 audioEncoder_Read(, 2004867180) [in]
[2016/12/15 15:23:23 305][Px1747][Tx777fe700][DBG] LENGINE    leng_rpc.c 527  luacRPCFuncProto_Invoke() [out] ret = 0
[2016/12/15 15:23:23 305][Px1747][Tx777fe700][DBG] LENGINE    leng_main. 513  ENGINE_MSG_RPC_ASYNC
[2016/12/15 15:23:23 305][Px1747][Tx777fe700][DBG] LENGINE    leng_main. 521  [cisr1PdHHBHNrqy2XJJZawd4DB2JBviknj], stat = 1
[2016/12/15 15:23:23 306][Px1747][Tx777fe700][DBG] LENGINE    leng_rpc.c 413  luacRPCFuncProto_Invoke(5c003790,94b860) [in]
[2016/12/15 15:23:23 306][Px1747][Tx777fe700][TRC] AUDIOCODEC audio_code 1023 audioEncoder_Read(, 2004867180) [in]
[2016/12/15 15:23:23 306][Px1747][Tx777fe700][DBG] LENGINE    leng_rpc.c 527  luacRPCFuncProto_Invoke() [out] ret = 0
[2016/12/15 15:23:23 306][Px1747][Tx77fff700][TRC] LMOD       luac_logge 170  [isr_local:1536:auwl =   6400  ]
[2016/12/15 15:23:23 306][Px1747][Tx77fff700][TRC] LENGINE    aitalk.c   437  Esr_WriteAudio(6c02d580, 64002400, 6400) [in]
[2016/12/15 15:23:23 312][Px1747][Tx77fff700][TRC] LENGINE    aitalk.c   467  Esr_WriteAudio(0) [out]
[2016/12/15 15:23:23 313][Px1747][Tx77fff700][TRC] LMOD       luac_logge 170  [isr_local:590:esr_audio_write, ret =  0  ]
[2016/12/15 15:23:23 313][Px1747][Tx77fff700][TRC] LMOD       luac_logge 170  [isr_local:1536:auwl =   6400  ]
[2016/12/15 15:23:23 313][Px1747][Tx77fff700][TRC] LENGINE    aitalk.c   437  Esr_WriteAudio(6c02d580, 64003d10, 6400) [in]
[2016/12/15 15:23:23 313][Px1747][Tx77fff700][TRC] LENGINE    aitalk.c   467  Esr_WriteAudio(0) [out]
[2016/12/15 15:23:23 314][Px1747][Tx77fff700][TRC] LMOD       luac_logge 170  [isr_local:590:esr_audio_write, ret =  0  ]
[2016/12/15 15:23:23 314][Px1747][Tx77fff700][TRC] LMOD       luac_logge 170  [isr_local:1536:auwl =   6400  ]
[2016/12/15 15:23:23 314][Px1747][Tx77fff700][TRC] LENGINE    aitalk.c   437  Esr_WriteAudio(6c02d580, 64005620, 6400) [in]
[2016/12/15 15:23:23 315][Px1747][Tx77fff700][TRC] LENGINE    aitalk.c   467  Esr_WriteAudio(0) [out]
[2016/12/15 15:23:23 315][Px1747][Tx77fff700][TRC] LMOD       luac_logge 170  [isr_local:590:esr_audio_write, ret =  0  ]
[2016/12/15 15:23:23 316][Px1747][Tx77fff700][TRC] LMOD       luac_logge 170  [isr_local:1536:auwl =   6400  ]
[2016/12/15 15:23:23 316][Px1747][Tx77fff700][TRC] LENGINE    aitalk.c   437  Esr_WriteAudio(6c02d580, 64006f30, 6400) [in]
[2016/12/15 15:23:23 316][Px1747][Tx77fff700][TRC] LENGINE    aitalk.c   467  Esr_WriteAudio(0) [out]
[2016/12/15 15:23:23 316][Px1747][Tx758c3700][DBG] MSPTHREAD  MSPThreadP 733  POST l_engine_2:10:5:0
[2016/12/15 15:23:23 317][Px1747][Tx77fff700][TRC] LMOD       luac_logge 170  [isr_local:590:esr_audio_write, ret =  0  ]
[2016/12/15 15:23:23 320][Px1747][Tx77fff700][TRC] LMOD       luac_logge 170  [isr_local:1536:auwl =   6400  ]
[2016/12/15 15:23:23 321][Px1747][Tx77fff700][TRC] LENGINE    aitalk.c   437  Esr_WriteAudio(6c02d580, 64008840, 6400) [in]
[2016/12/15 15:23:23 321][Px1747][Tx77fff700][TRC] LENGINE    aitalk.c   467  Esr_WriteAudio(0) [out]
[2016/12/15 15:23:23 322][Px1747][Tx77fff700][TRC] LMOD       luac_logge 170  [isr_local:590:esr_audio_write, ret =  0  ]
[2016/12/15 15:23:23 322][Px1747][Tx77fff700][TRC] LMOD       luac_logge 170  [isr_local:1536:auwl =   6400  ]
[2016/12/15 15:23:23 322][Px1747][Tx77fff700][TRC] LENGINE    aitalk.c   437  Esr_WriteAudio(6c02d580, 6400a150, 6400) [in]
[2016/12/15 15:23:23 322][Px1747][Tx77fff700][TRC] LENGINE    aitalk.c   467  Esr_WriteAudio(0) [out]
[2016/12/15 15:23:23 328][Px1747][Tx77fff700][TRC] LMOD       luac_logge 170  [isr_local:590:esr_audio_write, ret =  0  ]
[2016/12/15 15:23:23 329][Px1747][Tx77fff700][TRC] LMOD       luac_logge 170  [isr_local:1536:auwl =   6400  ]
[2016/12/15 15:23:23 329][Px1747][Tx77fff700][TRC] LENGINE    aitalk.c   437  Esr_WriteAudio(6c02d580, 6400ba60, 6400) [in]
[2016/12/15 15:23:23 329][Px1747][Tx77fff700][TRC] LENGINE    aitalk.c   467  Esr_WriteAudio(0) [out]
[2016/12/15 15:23:23 329][Px1747][Tx77fff700][TRC] LMOD       luac_logge 170  [isr_local:590:esr_audio_write, ret =  0  ]
[2016/12/15 15:23:23 330][Px1747][Tx77fff700][TRC] LMOD       luac_logge 170  [isr_local:1536:auwl =   6400  ]
[2016/12/15 15:23:23 330][Px1747][Tx77fff700][TRC] LENGINE    aitalk.c   437  Esr_WriteAudio(6c02d580, 6400d370, 6400) [in]
[2016/12/15 15:23:23 330][Px1747][Tx77fff700][TRC] LENGINE    aitalk.c   467  Esr_WriteAudio(0) [out]
[2016/12/15 15:23:23 330][Px1747][Tx77fff700][TRC] LMOD       luac_logge 170  [isr_local:590:esr_audio_write, ret =  0  ]
[2016/12/15 15:23:23 336][Px1747][Tx77fff700][DBG] LENGINE    leng_rpc.c 527  luacRPCFuncProto_Invoke() [out] ret = 0
[2016/12/15 15:23:23 336][Px1747][Tx77fff700][DBG] LENGINE    leng_main. 513  ENGINE_MSG_RPC_ASYNC
[2016/12/15 15:23:23 337][Px1747][Tx77fff700][DBG] LENGINE    leng_main. 521  [isr_local], stat = 1
[2016/12/15 15:23:23 337][Px1747][Tx77fff700][DBG] LENGINE    leng_rpc.c 413  luacRPCFuncProto_Invoke(600008e0,6426de80) [in]
[2016/12/15 15:23:23 338][Px1747][Tx77fff700][TRC] LMOD       luac_logge 170  [isr_local:630:local engine started  ]
[2016/12/15 15:23:23 338][Px1747][Tx77fff700][TRC] MSPCMN     msp_cmn.c  827  statusCbStub(,,param_num = 5)
[2016/12/15 15:23:23 338][Px1747][Tx77fff700][PRF] LENGINE    leng_main. 189  callc(msp_status_cb) cost 0 ms
[2016/12/15 15:23:23 338][Px1747][Tx77fff700][DBG] LENGINE    leng_rpc.c 527  luacRPCFuncProto_Invoke() [out] ret = 0
[2016/12/15 15:23:23 338][Px1747][Tx77fff700][DBG] LENGINE    leng_main. 513  ENGINE_MSG_RPC_ASYNC
[2016/12/15 15:23:23 338][Px1747][Tx77fff700][DBG] LENGINE    leng_main. 521  [isr_local], stat = 1
[2016/12/15 15:23:23 339][Px1747][Tx77fff700][DBG] LENGINE    leng_rpc.c 413  luacRPCFuncProto_Invoke(6412ccb0,6426de80) [in]
[2016/12/15 15:23:23 344][Px1747][Tx77fff700][TRC] LMOD       luac_logge 170  [isr_local:2103:ASR_LOCAL_MSG_AUW  ]
[2016/12/15 15:23:23 345][Px1747][Tx77fff700][TRC] LMOD       luac_logge 170  [isr_local:1536:auwl =   6400  ]
[2016/12/15 15:23:23 345][Px1747][Tx77fff700][TRC] LENGINE    aitalk.c   437  Esr_WriteAudio(6c02d580, 6400ec80, 6400) [in]
[2016/12/15 15:23:23 345][Px1747][Tx77fff700][TRC] LENGINE    aitalk.c   467  Esr_WriteAudio(0) [out]
[2016/12/15 15:23:23 346][Px1747][Tx77fff700][TRC] LMOD       luac_logge 170  [isr_local:2112:esr_audio_write, ret =  nil  ]
[2016/12/15 15:23:23 346][Px1747][Tx77fff700][INF] LMOD       luac_logge 172  [isr_local:2242:last gc at  1481844179  ]
[2016/12/15 15:23:23 346][Px1747][Tx77fff700][DBG] LENGINE    leng_rpc.c 527  luacRPCFuncProto_Invoke() [out] ret = 0
[2016/12/15 15:23:23 346][Px1747][Tx77fff700][DBG] LENGINE    leng_main. 513  ENGINE_MSG_RPC_ASYNC
[2016/12/15 15:23:23 347][Px1747][Tx77fff700][DBG] LENGINE    leng_main. 521  [isr_local], stat = 1
[2016/12/15 15:23:23 351][Px1747][Tx77fff700][DBG] LENGINE    leng_rpc.c 413  luacRPCFuncProto_Invoke(6412cab0,6426de80) [in]
[2016/12/15 15:23:23 351][Px1747][Tx77fff700][TRC] LMOD       luac_logge 170  [isr_local:2103:ASR_LOCAL_MSG_AUW  ]
[2016/12/15 15:23:23 352][Px1747][Tx77fff700][TRC] LMOD       luac_logge 170  [isr_local:1536:auwl =   6400  ]
[2016/12/15 15:23:23 352][Px1747][Tx77fff700][TRC] LENGINE    aitalk.c   437  Esr_WriteAudio(6c02d580, 64011ea0, 6400) [in]
[2016/12/15 15:23:23 352][Px1747][Tx77fff700][TRC] LENGINE    aitalk.c   467  Esr_WriteAudio(0) [out]
[2016/12/15 15:23:23 352][Px1747][Tx77fff700][TRC] LMOD       luac_logge 170  [isr_local:2112:esr_audio_write, ret =  nil  ]
[2016/12/15 15:23:23 352][Px1747][Tx77fff700][INF] LMOD       luac_logge 172  [isr_local:2242:last gc at  1481844179  ]
[2016/12/15 15:23:23 353][Px1747][Tx77fff700][DBG] LENGINE    leng_rpc.c 527  luacRPCFuncProto_Invoke() [out] ret = 0
[2016/12/15 15:23:23 353][Px1747][Tx77fff700][DBG] LENGINE    leng_main. 513  ENGINE_MSG_RPC_ASYNC
[2016/12/15 15:23:23 353][Px1747][Tx77fff700][DBG] LENGINE    leng_main. 521  [isr_local], stat = 1
[2016/12/15 15:23:23 356][Px1747][Tx77fff700][DBG] LENGINE    leng_rpc.c 413  luacRPCFuncProto_Invoke(64011d40,6426de80) [in]
[2016/12/15 15:23:23 357][Px1747][Tx77fff700][TRC] LMOD       luac_logge 170  [isr_local:2103:ASR_LOCAL_MSG_AUW  ]
[2016/12/15 15:23:23 357][Px1747][Tx77fff700][TRC] LMOD       luac_logge 170  [isr_local:1536:auwl =   5760  ]
[2016/12/15 15:23:23 357][Px1747][Tx77fff700][TRC] LENGINE    aitalk.c   437  Esr_WriteAudio(6c02d580, 64125cc0, 5760) [in]
[2016/12/15 15:23:23 357][Px1747][Tx77fff700][TRC] LENGINE    aitalk.c   467  Esr_WriteAudio(0) [out]
[2016/12/15 15:23:23 358][Px1747][Tx77fff700][TRC] LENGINE    aitalk.c   476  Esr_EndAudio(6c02d580) [in]
[2016/12/15 15:23:23 358][Px1747][Tx77fff700][DBG] MSPTHREAD  MSPThreadP 733  POST l_engine_2:10:2:0
[2016/12/15 15:23:23 358][Px1747][Tx77fff700][TRC] LENGINE    aitalk.c   491  Esr_EndAudio(0) [out]
[2016/12/15 15:23:23 358][Px1747][Tx77fff700][TRC] LMOD       luac_logge 170  [isr_local:2112:esr_audio_write, ret =  nil  ]
[2016/12/15 15:23:23 359][Px1747][Tx77fff700][INF] LMOD       luac_logge 172  [isr_local:2242:last gc at  1481844179  ]
[2016/12/15 15:23:23 364][Px1747][Tx77fff700][DBG] LENGINE    leng_rpc.c 527  luacRPCFuncProto_Invoke() [out] ret = 0
[2016/12/15 15:23:23 364][Px1747][Tx77fff700][DBG] LENGINE    leng_main. 513  ENGINE_MSG_RPC_ASYNC
[2016/12/15 15:23:23 364][Px1747][Tx77fff700][DBG] LENGINE    leng_main. 521  [isr_local], stat = 1
[2016/12/15 15:23:23 365][Px1747][Tx77fff700][DBG] LENGINE    leng_rpc.c 413  luacRPCFuncProto_Invoke(62fa9740,6426de80) [in]
[2016/12/15 15:23:23 365][Px1747][Tx77fff700][DBG] MSPTHREAD  MSPThreadP 733  POST l_engine_3:10:1:1
[2016/12/15 15:23:23 365][Px1747][Tx77fff700][PRF] LENGINE    leng_main. 189  callc(local_service_cbmsg) cost 1 ms
[2016/12/15 15:23:23 365][Px1747][Tx77fff700][DBG] LENGINE    leng_rpc.c 527  luacRPCFuncProto_Invoke() [out] ret = 0
[2016/12/15 15:23:23 365][Px1747][Tx77fff700][DBG] LENGINE    leng_main. 513  ENGINE_MSG_RPC_ASYNC
[2016/12/15 15:23:23 365][Px1747][Tx77fff700][DBG] LENGINE    leng_main. 521  [isr_local], stat = 1
[2016/12/15 15:23:23 366][Px1747][Tx77fff700][DBG] LENGINE    leng_rpc.c 413  luacRPCFuncProto_Invoke(6c40efd0,6426de80) [in]
[2016/12/15 15:23:23 366][Px1747][Tx77fff700][DBG] MSPTHREAD  MSPThreadP 733  POST l_engine_3:10:1:0
[2016/12/15 15:23:23 366][Px1747][Tx77fff700][PRF] LENGINE    leng_main. 189  callc(local_service_cbmsg) cost 0 ms
[2016/12/15 15:23:23 366][Px1747][Tx77fff700][DBG] LENGINE    leng_rpc.c 527  luacRPCFuncProto_Invoke() [out] ret = 0
[2016/12/15 15:23:23 372][Px1747][Tx777fe700][DBG] LENGINE    leng_main. 513  ENGINE_MSG_RPC_ASYNC
[2016/12/15 15:23:23 373][Px1747][Tx777fe700][DBG] LENGINE    leng_main. 521  [cisr1PdHHBHNrqy2XJJZawd4DB2JBviknj], stat = 1
[2016/12/15 15:23:23 373][Px1747][Tx777fe700][DBG] LENGINE    leng_rpc.c 413  luacRPCFuncProto_Invoke(6c032830,94b860) [in]
[2016/12/15 15:23:23 373][Px1747][Tx777fe700][TRC] LMOD       luac_logge 170  [isr:759:local_cbmsg_handler  ,msg=  404  param1=  nil  ]
[2016/12/15 15:23:23 373][Px1747][Tx777fe700][DBG] LENGINE    leng_rpc.c 527  luacRPCFuncProto_Invoke() [out] ret = 0
[2016/12/15 15:23:23 374][Px1747][Tx777fe700][DBG] LENGINE    leng_main. 513  ENGINE_MSG_RPC_ASYNC
[2016/12/15 15:23:23 374][Px1747][Tx777fe700][DBG] LENGINE    leng_main. 521  [cisr1PdHHBHNrqy2XJJZawd4DB2JBviknj], stat = 1
[2016/12/15 15:23:23 374][Px1747][Tx777fe700][DBG] LENGINE    leng_rpc.c 413  luacRPCFuncProto_Invoke(6c41a3c0,94b860) [in]
[2016/12/15 15:23:23 380][Px1747][Tx777fe700][TRC] LMOD       luac_logge 170  [isr:759:local_cbmsg_handler  ,msg=  406  param1=  nil  ]
[2016/12/15 15:23:23 381][Px1747][Tx777fe700][DBG] LENGINE    leng_rpc.c 527  luacRPCFuncProto_Invoke() [out] ret = 0
[2016/12/15 15:23:23 389][Px1747][Tx758c3700][TRC] LENGINE    aitalk.c   1397 final result will throw out next!
[2016/12/15 15:23:23 389][Px1747][Tx758c3700][DBG] MSPTHREAD  MSPThreadP 733  POST l_engine_2:10:1:1
[2016/12/15 15:23:23 389][Px1747][Tx77fff700][DBG] LENGINE    leng_main. 513  ENGINE_MSG_RPC_ASYNC
[2016/12/15 15:23:23 389][Px1747][Tx77fff700][DBG] LENGINE    leng_main. 521  [isr_local], stat = 1
[2016/12/15 15:23:23 390][Px1747][Tx77fff700][DBG] LENGINE    leng_rpc.c 413  luacRPCFuncProto_Invoke(600008e0,6426de80) [in]
[2016/12/15 15:23:23 390][Px1747][Tx77fff700][TRC] LMOD       luac_logge 170  [isr_local:669:final result will throw out next!  ]
[2016/12/15 15:23:23 390][Px1747][Tx77fff700][DBG] LENGINE    leng_rpc.c 527  luacRPCFuncProto_Invoke() [out] ret = 0
[2016/12/15 15:23:23 390][Px1747][Tx758c3700][TRC] LENGINE    aitalk.c   1361 got result!
[2016/12/15 15:23:23 391][Px1747][Tx758c3700][DBG] MSPTHREAD  MSPThreadP 733  POST l_engine_2:10:1:1
[2016/12/15 15:23:23 391][Px1747][Tx77fff700][DBG] LENGINE    leng_main. 513  ENGINE_MSG_RPC_ASYNC
[2016/12/15 15:23:23 391][Px1747][Tx77fff700][DBG] LENGINE    leng_main. 521  [isr_local], stat = 1
[2016/12/15 15:23:23 391][Px1747][Tx77fff700][DBG] LENGINE    leng_rpc.c 413  luacRPCFuncProto_Invoke(600008e0,6426de80) [in]
[2016/12/15 15:23:23 391][Px1747][Tx758c3700][DBG] MSPTHREAD  MSPThreadP 733  POST l_engine_2:10:1:0
[2016/12/15 15:23:23 392][Px1747][Tx77fff700][TRC] LMOD       luac_logge 170  [isr_local:679:nRecognizeState:  1  ]
[2016/12/15 15:23:23 392][Px1747][Tx77fff700][TRC] LMOD       luac_logge 170  [isr_local:680:nConfidenceScore:  63  ]
[2016/12/15 15:23:23 393][Px1747][Tx77fff700][TRC] LMOD       luac_logge 170  [isr_local:728:result_type :   xml  ]
[2016/12/15 15:23:23 393][Px1747][Tx77fff700][TRC] LMOD       luac_logge 170  [isr_local:729:result_encoding :   UTF-8  ]
[2016/12/15 15:23:23 393][Px1747][Tx77fff700][TRC] LMOD       luac_logge 170  [isr_local:730:is iat :   false  ]
[2016/12/15 15:23:23 394][Px1747][Tx77fff700][TRC] LMOD       luac_logge 170  [isr_local:469:item_count:1  ]
[2016/12/15 15:23:23 394][Px1747][Tx77fff700][INF] LMOD       luac_logge 172  [isr_local:293:nil  ]
[2016/12/15 15:23:23 394][Px1747][Tx77fff700][DBG] MSPTHREAD  MSPThreadP 733  POST l_engine_3:10:1:1
[2016/12/15 15:23:23 395][Px1747][Tx77fff700][PRF] LENGINE    leng_main. 189  callc(local_service_cbmsg) cost 0 ms
[2016/12/15 15:23:23 395][Px1747][Tx77fff700][DBG] LENGINE    leng_rpc.c 527  luacRPCFuncProto_Invoke() [out] ret = 0
[2016/12/15 15:23:23 395][Px1747][Tx77fff700][DBG] LENGINE    leng_main. 513  ENGINE_MSG_RPC_ASYNC
[2016/12/15 15:23:23 395][Px1747][Tx77fff700][DBG] LENGINE    leng_main. 521  [isr_local], stat = 1
[2016/12/15 15:23:23 396][Px1747][Tx77fff700][DBG] LENGINE    leng_rpc.c 413  luacRPCFuncProto_Invoke(60000c40,6426de80) [in]
[2016/12/15 15:23:23 396][Px1747][Tx777fe700][DBG] LENGINE    leng_main. 513  ENGINE_MSG_RPC_ASYNC
[2016/12/15 15:23:23 396][Px1747][Tx777fe700][DBG] LENGINE    leng_main. 521  [cisr1PdHHBHNrqy2XJJZawd4DB2JBviknj], stat = 1
[2016/12/15 15:23:23 396][Px1747][Tx777fe700][DBG] LENGINE    leng_rpc.c 413  luacRPCFuncProto_Invoke(6c032830,94b860) [in]
[2016/12/15 15:23:23 396][Px1747][Tx77fff700][TRC] LMOD       luac_logge 170  [isr_local:675:recognized end!  ]
[2016/12/15 15:23:23 397][Px1747][Tx77fff700][DBG] MSPTHREAD  MSPThreadP 733  POST l_engine_3:10:1:0
[2016/12/15 15:23:23 397][Px1747][Tx77fff700][PRF] LENGINE    leng_main. 189  callc(local_service_cbmsg) cost 1 ms
[2016/12/15 15:23:23 397][Px1747][Tx77fff700][DBG] LENGINE    leng_rpc.c 527  luacRPCFuncProto_Invoke() [out] ret = 0
[2016/12/15 15:23:23 397][Px1747][Tx777fe700][TRC] LMOD       luac_logge 170  [isr:759:local_cbmsg_handler  ,msg=  407  param1=  udata(6412c238) ]
[2016/12/15 15:23:23 397][Px1747][Tx7f39e700][TRC] QISR       qisr.c     390  QISRGetResult(94b020,3d267b0c,0,3d267a4c) [in]
[2016/12/15 15:23:23 398][Px1747][Tx7f39e700][TRC] QISR       qisr.c     396  QISRGetResult session addr:(94b020)
[2016/12/15 15:23:23 398][Px1747][Tx7f39e700][TRC] LENGINE    leng_shell 385  lEngine_SendMessage(94b860,3,0,,,) [in]
[2016/12/15 15:23:23 398][Px1747][Tx7f39e700][DBG] MSPTHREAD  MSPThreadP 733  POST l_engine_3:11:1:0
[2016/12/15 15:23:23 398][Px1747][Tx777fe700][TRC] LMOD       luac_logge 170  [isr:661:process_result call:  local  udata(6412c238) 63  2  ]
[2016/12/15 15:23:23 398][Px1747][Tx777fe700][DBG] LENGINE    leng_rpc.c 527  luacRPCFuncProto_Invoke() [out] ret = 0
[2016/12/15 15:23:23 399][Px1747][Tx777fe700][DBG] LENGINE    leng_main. 513  ENGINE_MSG_RPC_ASYNC
[2016/12/15 15:23:23 399][Px1747][Tx777fe700][DBG] LENGINE    leng_main. 521  [cisr1PdHHBHNrqy2XJJZawd4DB2JBviknj], stat = 1
[2016/12/15 15:23:23 399][Px1747][Tx777fe700][DBG] LENGINE    leng_rpc.c 413  luacRPCFuncProto_Invoke(6c41a3c0,94b860) [in]
[2016/12/15 15:23:23 400][Px1747][Tx777fe700][TRC] LMOD       luac_logge 170  [isr:759:local_cbmsg_handler  ,msg=  408  param1=  nil  ]
[2016/12/15 15:23:23 400][Px1747][Tx777fe700][TRC] LMOD       luac_logge 170  [isr:774:local session recognized end!  ]
[2016/12/15 15:23:23 401][Px1747][Tx777fe700][DBG] LENGINE    leng_rpc.c 527  luacRPCFuncProto_Invoke() [out] ret = 0
[2016/12/15 15:23:23 401][Px1747][Tx777fe700][DBG] LENGINE    leng_main. 535  ENGINE_MSG_RPC_SYNC
[2016/12/15 15:23:23 401][Px1747][Tx777fe700][DBG] LENGINE    leng_main. 543  [cisr1PdHHBHNrqy2XJJZawd4DB2JBviknj], stat = 1
[2016/12/15 15:23:23 402][Px1747][Tx777fe700][DBG] LENGINE    leng_rpc.c 413  luacRPCFuncProto_Invoke(94a190,94b860) [in]
[2016/12/15 15:23:23 402][Px1747][Tx777fe700][TRC] LMOD       luac_logge 170  [isr:1618:ASR_MSG_GRSLT,   local  ]
[2016/12/15 15:23:23 403][Px1747][Tx777fe700][TRC] LMOD       luac_logge 170  [isr:1297:0  udata(6412c238) 5  ]
[2016/12/15 15:23:23 403][Px1747][Tx777fe700][DBG] LENGINE    leng_rpc.c 527  luacRPCFuncProto_Invoke() [out] ret = 0
[2016/12/15 15:23:23 403][Px1747][Tx7f39e700][TRC] LENGINE    leng_shell 428  lEngine_SendMessage() [out] 0
[2016/12/15 15:23:23 403][Px1747][Tx7f39e700][TRC] QISR       qisr.c     455  QISRGetResult() [out] 953080 5 0
[2016/12/15 15:23:23 504][Px1747][Tx7f39e700][TRC] QISR       qisr.c     269  QISRSessionEnd(94b020,4054ff) [in]
[2016/12/15 15:23:23 505][Px1747][Tx7f39e700][TRC] QISR       qisr.c     275  warning:(94b020) will be free!
[2016/12/15 15:23:23 505][Px1747][Tx7f39e700][TRC] LENGINE    leng_shell 385  lEngine_SendMessage(94b860,4,1,,,) [in]
[2016/12/15 15:23:23 506][Px1747][Tx7f39e700][DBG] MSPTHREAD  MSPThreadP 733  POST l_engine_3:11:1:1
[2016/12/15 15:23:23 506][Px1747][Tx777fe700][DBG] LENGINE    leng_main. 535  ENGINE_MSG_RPC_SYNC
[2016/12/15 15:23:23 506][Px1747][Tx777fe700][DBG] LENGINE    leng_main. 543  [cisr1PdHHBHNrqy2XJJZawd4DB2JBviknj], stat = 1
[2016/12/15 15:23:23 506][Px1747][Tx777fe700][DBG] LENGINE    leng_rpc.c 413  luacRPCFuncProto_Invoke(943d40,94b860) [in]
[2016/12/15 15:23:23 507][Px1747][Tx777fe700][TRC] LMOD       luac_logge 170  [isr:1621:ASR_MSG_SSE,   local  ]
[2016/12/15 15:23:23 507][Px1747][Tx777fe700][TRC] LMOD       luac_logge 170  [isr:1346:session_end() [in]  ]
[2016/12/15 15:23:23 508][Px1747][Tx777fe700][TRC] LMOD       luac_logge 170  [isr:1367:local_session_end() [in]  ]
[2016/12/15 15:23:23 508][Px1747][Tx777fe700][INF] LLOADER    lloader.c  327  load dkjson
[2016/12/15 15:23:23 508][Px1747][Tx777fe700][INF] LLOADER    lloader.c  339  a intalled entry
[2016/12/15 15:23:23 509][Px1747][Tx777fe700][INF] LLOADER    lloader.c  365  from rom
[2016/12/15 15:23:23 509][Px1747][Tx777fe700][PRF] LLOADER    lloader.c  397  load dkjson cost 1 (ms)
[2016/12/15 15:23:23 510][Px1747][Tx777fe700][INF] LLOADER    lloader.c  327  load debug
[2016/12/15 15:23:23 510][Px1747][Tx777fe700][INF] LLOADER    lloader.c  339  a intalled entry
[2016/12/15 15:23:23 511][Px1747][Tx777fe700][INF] LLOADER    lloader.c  365  from rom
[2016/12/15 15:23:23 511][Px1747][Tx777fe700][PRF] LLOADER    lloader.c  397  load debug cost 0 (ms)
[2016/12/15 15:23:23 511][Px1747][Tx777fe700][TRC] LMOD       luac_logge 170  [isr:1404:ASR_LOCAL_MSG_SSE net_type  nil  ]
[2016/12/15 15:23:23 511][Px1747][Tx777fe700][TRC] LENGINE    leng_shell 351  lEngine_PostMessage(6426de80,304,3,) [in]
[2016/12/15 15:23:23 512][Px1747][Tx777fe700][DBG] MSPTHREAD  MSPThreadP 733  POST l_engine_2:10:1:1
[2016/12/15 15:23:23 512][Px1747][Tx777fe700][TRC] LENGINE    leng_shell 374  lEngine_PostMessage() [out] 0
[2016/12/15 15:23:23 512][Px1747][Tx777fe700][DBG] LENGINE    leng_rpc.c 527  luacRPCFuncProto_Invoke() [out] ret = 0
[2016/12/15 15:23:23 512][Px1747][Tx7f39e700][TRC] LENGINE    leng_shell 428  lEngine_SendMessage() [out] 0
[2016/12/15 15:23:23 512][Px1747][Tx7f39e700][TRC] LENGINE    leng_shell 281  lEngine_Stop(94b860) [in]
[2016/12/15 15:23:23 513][Px1747][Tx7f39e700][DBG] MSPTHREAD  MSPThreadP 733  POST l_engine_3:7:1:1
[2016/12/15 15:23:23 513][Px1747][Tx77fff700][DBG] LENGINE    leng_main. 513  ENGINE_MSG_RPC_ASYNC
[2016/12/15 15:23:23 513][Px1747][Tx77fff700][DBG] LENGINE    leng_main. 521  [isr_local], stat = 1
[2016/12/15 15:23:23 513][Px1747][Tx77fff700][DBG] LENGINE    leng_rpc.c 413  luacRPCFuncProto_Invoke(64001aa0,6426de80) [in]
[2016/12/15 15:23:23 513][Px1747][Tx777fe700][DBG] LENGINE    leng_main. 582  ENGINE_MSG_UNLOAD
[2016/12/15 15:23:23 514][Px1747][Tx777fe700][DBG] LENGINE    leng_rpc.c 413  luacRPCFuncProto_Invoke(64001c20,94b860) [in]
[2016/12/15 15:23:23 514][Px1747][Tx77fff700][TRC] LMOD       luac_logge 170  [isr_local:2117:ASR_LOCAL_MSG_SSE  ]
[2016/12/15 15:23:23 514][Px1747][Tx77fff700][TRC] LENGINE    aitalk.c   561  Esr_Stop(6c02d580) [in]
[2016/12/15 15:23:23 515][Px1747][Tx77fff700][TRC] LENGINE    aitalk.c   582  Esr_Stop(0) [out]
[2016/12/15 15:23:23 515][Px1747][Tx777fe700][TRC] LMOD       luac_logge 170  [isr:1649:isr unload!  ]
[2016/12/15 15:23:23 515][Px1747][Tx777fe700][TRC] LENGINE    leng_shell 512  lEngine_Exit(94b860) [in]
[2016/12/15 15:23:23 515][Px1747][Tx777fe700][DBG] LENGINE    leng_shell 516  [cisr1PdHHBHNrqy2XJJZawd4DB2JBviknj] dying...
[2016/12/15 15:23:23 516][Px1747][Tx777fe700][DBG] MSPTHREAD  MSPThreadP 733  POST l_engine_3:9:1:0
[2016/12/15 15:23:23 516][Px1747][Tx777fe700][TRC] LENGINE    leng_shell 549  lEngine_Exit() [out] 0
[2016/12/15 15:23:23 516][Px1747][Tx777fe700][DBG] LENGINE    leng_rpc.c 527  luacRPCFuncProto_Invoke() [out] ret = 0
[2016/12/15 15:23:23 517][Px1747][Tx777fe700][DBG] LENGINE    leng_main. 619  [cisr1PdHHBHNrqy2XJJZawd4DB2JBviknj] active, go bg!
[2016/12/15 15:23:23 517][Px1747][Tx777fe700][DBG] LENGINE    leng_main. 647  ENGINE_MSG_STOP
[2016/12/15 15:23:23 517][Px1747][Tx777fe700][DBG] LENGINE    leng_main. 667  [cisr1PdHHBHNrqy2XJJZawd4DB2JBviknj] bg, unload directly!
[2016/12/15 15:23:23 518][Px1747][Tx777fe700][INF] LENGINE    leng_main. 672  l_engine_3 occupancy: 0 (0%)
[2016/12/15 15:23:23 518][Px1747][Tx777fe700][TRC] AUDIOCODEC audio_code 651  audioEncoder_Release() [in]
[2016/12/15 15:23:23 518][Px1747][Tx777fe700][DBG] MSPTHREAD  MSPThreadP 733  POST audioEncoder:5:1:1
[2016/12/15 15:23:23 518][Px1747][Tx7f39e700][TRC] LENGINE    leng_shell 340  lEngine_Stop() [out] 0
[2016/12/15 15:23:23 518][Px1747][Tx7f39e700][TRC] QISR       qisr.c     292  QISRSessionEnd() [out]
[2016/12/15 15:23:23 519][Px1747][Tx767fc700][TRC] AUDIOCODEC audio_code 367  EXIT
[2016/12/15 15:23:23 519][Px1747][Tx767fc700][DBG] MSPTHREAD  MSPThreadP 871  grmWorker_build END <audioEncoder>
[2016/12/15 15:23:23 519][Px1747][Tx77fff700][TRC] LMOD       luac_logge 170  [isr_local:1496:esr_session_end | esr_obj:stop ret =  0  ]
[2016/12/15 15:23:23 519][Px1747][Tx77fff700][TRC] MSPCMN     msp_cmn.c  827  statusCbStub(,,param_num = 5)
[2016/12/15 15:23:23 520][Px1747][Tx77fff700][PRF] LENGINE    leng_main. 189  callc(msp_status_cb) cost 0 ms
[2016/12/15 15:23:23 520][Px1747][Tx777fe700][DBG] MSPTHREAD  MSPThreadP 733  POST audioEncoder:2:1:0
[2016/12/15 15:23:23 520][Px1747][Tx767fc700][DBG] MSPTHREAD  MSPThreadP 894  grmWorker_build IDLE
[2016/12/15 15:23:23 521][Px1747][Tx77fff700][TRC] LMOD       luac_logge 170  [isr_local:2119:esr_session_end, ret =  0  ]
[2016/12/15 15:23:23 521][Px1747][Tx77fff700][INF] LLOADER    lloader.c  327  load dkjson
[2016/12/15 15:23:23 521][Px1747][Tx77fff700][INF] LLOADER    lloader.c  339  a intalled entry
[2016/12/15 15:23:23 521][Px1747][Tx77fff700][INF] LLOADER    lloader.c  365  from rom
[2016/12/15 15:23:23 521][Px1747][Tx77fff700][PRF] LLOADER    lloader.c  397  load dkjson cost 1 (ms)
[2016/12/15 15:23:23 522][Px1747][Tx77fff700][TRC] LENGINE    leng_shell 109  lEngine_Start(6c029968,6c029968,0,) [in]
[2016/12/15 15:23:23 522][Px1747][Tx77fff700][INF] LLOADER    lloader.c  327  load sessinfo_local
[2016/12/15 15:23:23 522][Px1747][Tx77fff700][INF] LLOADER    lloader.c  339  a intalled entry
[2016/12/15 15:23:23 523][Px1747][Tx77fff700][INF] LLOADER    lloader.c  365  from rom
[2016/12/15 15:23:23 523][Px1747][Tx77fff700][PRF] LLOADER    lloader.c  397  load sessinfo_local cost 0 (ms)
[2016/12/15 15:23:23 523][Px1747][Tx77fff700][DBG] LENGINE    leng_shell 193  env=6c3f7ff0,sessinfo_local,sessinfo_local
[2016/12/15 15:23:23 523][Px1747][Tx77fff700][DBG] MSPTHREAD  MSPThreadP 733  POST l_engine_3:6:1:1
[2016/12/15 15:23:23 524][Px1747][Tx77fff700][TRC] LENGINE    leng_shell 264  lEngine_Start() [out] 0
[2016/12/15 15:23:23 524][Px1747][Tx77fff700][TRC] LENGINE    leng_shell 351  lEngine_PostMessage(6c3f7ff0,1,2,) [in]
[2016/12/15 15:23:23 524][Px1747][Tx77fff700][DBG] MSPTHREAD  MSPThreadP 733  POST l_engine_3:10:1:0
[2016/12/15 15:23:23 524][Px1747][Tx77fff700][TRC] LENGINE    leng_shell 374  lEngine_PostMessage() [out] 0
[2016/12/15 15:23:23 525][Px1747][Tx777fe700][DBG] LENGINE    leng_main. 561  ENGINE_MSG_LOAD
[2016/12/15 15:23:23 525][Px1747][Tx777fe700][DBG] LENGINE    leng_main. 209  lEngine_LoadEnv(7f1963a0,6c3f7ff0) [in]
[2016/12/15 15:23:23 525][Px1747][Tx77fff700][INF] LMOD       luac_logge 172  [isr_local:2242:last gc at  1481844179  ]
[2016/12/15 15:23:23 526][Px1747][Tx77fff700][DBG] LENGINE    leng_rpc.c 527  luacRPCFuncProto_Invoke() [out] ret = 0
[2016/12/15 15:23:23 526][Px1747][Tx777fe700][INF] LLOADER    lloader.c  327  load ecode
[2016/12/15 15:23:23 526][Px1747][Tx777fe700][INF] LLOADER    lloader.c  339  a intalled entry
[2016/12/15 15:23:23 526][Px1747][Tx777fe700][INF] LLOADER    lloader.c  365  from rom
[2016/12/15 15:23:23 527][Px1747][Tx777fe700][PRF] LLOADER    lloader.c  397  load ecode cost 1 (ms)
[2016/12/15 15:23:23 527][Px1747][Tx777fe700][INF] LLOADER    lloader.c  327  load config
[2016/12/15 15:23:23 527][Px1747][Tx777fe700][INF] LLOADER    lloader.c  339  a intalled entry
[2016/12/15 15:23:23 528][Px1747][Tx777fe700][INF] LLOADER    lloader.c  365  from rom
[2016/12/15 15:23:23 528][Px1747][Tx777fe700][PRF] LLOADER    lloader.c  397  load config cost 1 (ms)
[2016/12/15 15:23:23 528][Px1747][Tx777fe700][INF] LMOD       luac_logge 172  [config:42:use general cloud  ]
[2016/12/15 15:23:23 528][Px1747][Tx777fe700][INF] LLOADER    lloader.c  327  load debug
[2016/12/15 15:23:23 528][Px1747][Tx777fe700][INF] LLOADER    lloader.c  339  a intalled entry
[2016/12/15 15:23:23 529][Px1747][Tx777fe700][INF] LLOADER    lloader.c  365  from rom
[2016/12/15 15:23:23 529][Px1747][Tx777fe700][PRF] LLOADER    lloader.c  397  load debug cost 0 (ms)
[2016/12/15 15:23:23 530][Px1747][Tx777fe700][INF] LLOADER    lloader.c  327  load network
[2016/12/15 15:23:23 530][Px1747][Tx777fe700][INF] LLOADER    lloader.c  339  a intalled entry
[2016/12/15 15:23:23 530][Px1747][Tx777fe700][INF] LLOADER    lloader.c  365  from rom
[2016/12/15 15:23:23 532][Px1747][Tx777fe700][PRF] LLOADER    lloader.c  397  load network cost 2 (ms)
[2016/12/15 15:23:23 533][Px1747][Tx777fe700][DBG] LENGINE    leng_main. 263  precall return 0
[2016/12/15 15:23:23 533][Px1747][Tx777fe700][DBG] LENGINE    leng_main. 288  [sessinfo_local], ACTIVE
[2016/12/15 15:23:23 533][Px1747][Tx777fe700][DBG] LENGINE    leng_rpc.c 413  luacRPCFuncProto_Invoke(64007ff0,6c3f7ff0) [in]
[2016/12/15 15:23:23 533][Px1747][Tx777fe700][INF] LMOD       luac_logge 172  [sessinfo_local:505:lcl sessinfo loaded!  ]
[2016/12/15 15:23:23 533][Px1747][Tx777fe700][DBG] LENGINE    leng_rpc.c 527  luacRPCFuncProto_Invoke() [out] ret = 0
[2016/12/15 15:23:23 534][Px1747][Tx777fe700][DBG] LENGINE    leng_main. 312  [sessinfo_local], loaded
[2016/12/15 15:23:23 534][Px1747][Tx777fe700][DBG] LENGINE    leng_rpc.c 413  luacRPCFuncProto_Invoke(64008210,6c3f7ff0) [in]
[2016/12/15 15:23:23 534][Px1747][Tx777fe700][DBG] LENGINE    leng_rpc.c 527  luacRPCFuncProto_Invoke() [out] ret = 0
[2016/12/15 15:23:23 534][Px1747][Tx777fe700][DBG] LENGINE    leng_main. 345  lEngine_LoadEnv() [out] successfully
[2016/12/15 15:23:23 535][Px1747][Tx777fe700][DBG] LENGINE    leng_main. 567  sessinfo_local, eng = l_engine_3, env = 6c3f7ff0, L = 6c427750
[2016/12/15 15:23:23 535][Px1747][Tx777fe700][INF] LENGINE    leng_main. 568  l_engine_3 occupancy: 1 (33%)
[2016/12/15 15:23:23 535][Px1747][Tx777fe700][DBG] LENGINE    leng_main. 513  ENGINE_MSG_RPC_ASYNC
[2016/12/15 15:23:23 535][Px1747][Tx777fe700][DBG] LENGINE    leng_main. 521  [sessinfo_local], stat = 1
[2016/12/15 15:23:23 535][Px1747][Tx777fe700][DBG] LENGINE    leng_rpc.c 413  luacRPCFuncProto_Invoke(6c402060,6c3f7ff0) [in]
[2016/12/15 15:23:23 536][Px1747][Tx777fe700][TRC] LMOD       luac_logge 170  [sessinfo_local:526:LOCALSESSION_MSG_CMD  ]
[2016/12/15 15:23:23 536][Px1747][Tx777fe700][TRC] LMOD       luac_logge 170  [sessinfo_local:537:net_type =  nil  flower_mode =  realtime  ]
[2016/12/15 15:23:23 536][Px1747][Tx777fe700][TRC] LMOD       luac_logge 170  [sessinfo_local:378:send_sessifo start  ]
[2016/12/15 15:23:23 537][Px1747][Tx777fe700][TRC] LMOD       luac_logge 170  [sessinfo_local:386:plog_fsize  0  ]
[2016/12/15 15:23:23 537][Px1747][Tx777fe700][TRC] LMOD       luac_logge 170  [sessinfo_local:129:get_send_data  ]
[2016/12/15 15:23:23 537][Px1747][Tx777fe700][INF] LLOADER    lloader.c  327  load dkjson
[2016/12/15 15:23:23 537][Px1747][Tx777fe700][INF] LLOADER    lloader.c  339  a intalled entry
[2016/12/15 15:23:23 538][Px1747][Tx777fe700][INF] LLOADER    lloader.c  365  from rom
[2016/12/15 15:23:23 538][Px1747][Tx777fe700][PRF] LLOADER    lloader.c  397  load dkjson cost 0 (ms)
[2016/12/15 15:23:23 539][Px1747][Tx777fe700][INF] LMOD       luac_logge 172  [sessinfo_local:459:original_data_len  1955  ]
[2016/12/15 15:23:23 540][Px1747][Tx777fe700][DBG] MSPTHREAD  MSPThreadP 733  POST grmWorker_build:1:1:1
[2016/12/15 15:23:23 540][Px1747][Tx767fc700][DBG] MSPTHREAD  MSPThreadP 867  grmWorker_build RUN <zlibCoder>
[2016/12/15 15:23:23 541][Px1747][Tx777fe700][TRC] LMOD       luac_logge 170  [sessinfo_local:482:new encoder success  ]
[2016/12/15 15:23:23 541][Px1747][Tx777fe700][DBG] MSPTHREAD  MSPThreadP 733  POST zlibCoder:6:1:1
[2016/12/15 15:23:23 541][Px1747][Tx767fc700][TRC] LENGINE    luac_zlib. 510  zlib compressedDataSize = 1956
[2016/12/15 15:23:23 541][Px1747][Tx767fc700][PRF] LENGINE    luac_zlib. 521  zlib encode cost 0(ms)
[2016/12/15 15:23:23 542][Px1747][Tx767fc700][DBG] MSPTHREAD  MSPThreadP 733  POST l_engine_3:10:1:0
[2016/12/15 15:23:23 542][Px1747][Tx777fe700][DBG] LENGINE    leng_rpc.c 527  luacRPCFuncProto_Invoke() [out] ret = 0
[2016/12/15 15:23:23 542][Px1747][Tx777fe700][DBG] LENGINE    leng_main. 513  ENGINE_MSG_RPC_ASYNC
[2016/12/15 15:23:23 542][Px1747][Tx777fe700][DBG] LENGINE    leng_main. 521  [sessinfo_local], stat = 1
[2016/12/15 15:23:23 542][Px1747][Tx777fe700][DBG] LENGINE    leng_rpc.c 413  luacRPCFuncProto_Invoke(5c000fa0,6c3f7ff0) [in]
[2016/12/15 15:23:23 543][Px1747][Tx777fe700][TRC] LENGINE    luac_zlib. 229  zlib_coder_release() [in]
[2016/12/15 15:23:23 543][Px1747][Tx777fe700][DBG] MSPTHREAD  MSPThreadP 733  POST zlibCoder:5:1:1
[2016/12/15 15:23:23 543][Px1747][Tx767fc700][TRC] LENGINE    luac_zlib. 593  zlib exit
[2016/12/15 15:23:23 543][Px1747][Tx767fc700][DBG] MSPTHREAD  MSPThreadP 871  grmWorker_build END <zlibCoder>
[2016/12/15 15:23:23 543][Px1747][Tx777fe700][DBG] MSPTHREAD  MSPThreadP 733  POST zlibCoder:2:1:0
[2016/12/15 15:23:23 543][Px1747][Tx767fc700][DBG] MSPTHREAD  MSPThreadP 894  grmWorker_build IDLE
[2016/12/15 15:23:23 544][Px1747][Tx777fe700][TRC] LENGINE    luac_zlib. 244  zlib_coder_release() [out]
[2016/12/15 15:23:23 544][Px1747][Tx777fe700][TRC] LMOD       luac_logge 170  [sessinfo_local:465:compress success, compressed data_len:  756  ]
[2016/12/15 15:23:23 544][Px1747][Tx777fe700][TRC] LMOD       luac_logge 170  [sessinfo_local:468:data encrypt success  ]
[2016/12/15 15:23:23 548][Px1747][Tx777fe700][TRC] LMOD       luac_logge 170  [sessinfo_local:198:send_httpreq_data  ]
[2016/12/15 15:23:23 549][Px1747][Tx777fe700][INF] LMOD       luac_logge 172  [sessinfo_local:243:standard  ]
[2016/12/15 15:23:23 550][Px1747][Tx777fe700][DBG] LMOD       luac_logge 178  [sessinfo_local:296:POST /scs?cmd=statsdklog&logver=1.1.3&size=1955&gzip=0 HTTP/1.1
Host: scs.openspeech.cn
Connection: Keep-Alive
Content-Type: application/x-gzip;charset=utf-8
Content-Length: 756
User-Agent: iFLYCloud
Cache-Control: no-cache
Accept: */*

}™ØQÎkÖEàV©ÜaæÃ›´ÂK'>'P€U…¯×ÏŸÝæÑÀ¾{¡ˆi•]qÀ!“M)ÜR‡ºLä6½ÂT!-J$!S›Â¸âÛ<âZ¥l)ÕíÀì	ˆÎê™âmuò¡§w”tÝ#€:¢éf:kçâ)õ)(Õ
,ÔP‘ö§NŒT#gä<ÞâL©c Çèä»ÛV½õÖ%6²RäÓ¥¢ ŽVÄØÛ‡8`~é=@tS¼fíÍÔ¿ˆ¹ÌÜ\ÌÊÎôð®ŠšÛ[(:¹Y»½Y»¼¿{øÛÔ¿>í¢'‰-ÎÂ³àm^|ÈÀ)y¢;Žh°n.ÍRÌ0éÇÑª´š‹Ó+RâžõóRõ•KJ½ÚÄ1L¥A„~µ«§jó
$X³³”
î_w±“'QÐÐÍc@±R[™ðÑ'¯Ñl+p—÷©à­  ]
[2016/12/15 15:23:23 550][Px1747][Tx777fe700][INF] LMOD       luac_logge 172  [network:312:gethttpresp  http://scs.openspeech.cn:80/scs?cmd=statsdklog&logver=1.1.3&size=1955&gzip=0  ]
[2016/12/15 15:23:23 550][Px1747][Tx777fe700][TRC] MSPADNS    MSPAsyncDn 268  MSPAsyncDns_Start() [in]
[2016/12/15 15:23:23 550][Px1747][Tx7d46f700][DBG] MSPADNS    MSPAsyncDn 184  gethostbyname(scs.openspeech.cn) start [id=1677767592]
[2016/12/15 15:23:23 551][Px1747][Tx7d46f700][ERR] MSPADNS    MSPAsyncDn 211  gethostbyname(scs.openspeech.cn) failed: Temporary failure in name resolution [id=1677767592]
[2016/12/15 15:23:23 551][Px1747][Tx7d46f700][DBG] MSPTHREAD  MSPThreadP 733  POST l_engine_3:10:1:0
[2016/12/15 15:23:23 551][Px1747][Tx777fe700][DBG] LENGINE    leng_rpc.c 527  luacRPCFuncProto_Invoke() [out] ret = 0
[2016/12/15 15:23:23 553][Px1747][Tx777fe700][DBG] LENGINE    leng_main. 513  ENGINE_MSG_RPC_ASYNC
[2016/12/15 15:23:23 553][Px1747][Tx777fe700][DBG] LENGINE    leng_main. 521  [sessinfo_local], stat = 1
[2016/12/15 15:23:23 553][Px1747][Tx777fe700][DBG] LENGINE    leng_rpc.c 413  luacRPCFuncProto_Invoke(54001a20,6c3f7ff0) [in]
[2016/12/15 15:23:23 554][Px1747][Tx777fe700][INF] LMOD       luac_logge 172  [network:173:dns resp  10214  ]
[2016/12/15 15:23:23 554][Px1747][Tx777fe700][INF] LMOD       luac_logge 172  [network:322:dns failed, err =   10214  ]
[2016/12/15 15:23:23 554][Px1747][Tx777fe700][TRC] LMOD       luac_logge 170  [sessinfo_local:341:perflog http resp  nil  10214  nil  ]
[2016/12/15 15:23:23 554][Px1747][Tx777fe700][TRC] LMOD       luac_logge 170  [sessinfo_local:370:upload session info failed, errcode =  10214  ]
[2016/12/15 15:23:23 555][Px1747][Tx777fe700][TRC] LMOD       luac_logge 170  [sessinfo_local:181:remain_trytime  1  ]
[2016/12/15 15:23:23 555][Px1747][Tx777fe700][TRC] LMOD       luac_logge 170  [sessinfo_local:198:send_httpreq_data  ]
[2016/12/15 15:23:23 555][Px1747][Tx777fe700][INF] LMOD       luac_logge 172  [sessinfo_local:243:standard  ]
[2016/12/15 15:23:23 555][Px1747][Tx777fe700][DBG] LMOD       luac_logge 178  [sessinfo_local:296:POST /scs?cmd=statsdklog&logver=1.1.3&size=1955&gzip=0 HTTP/1.1
Host: scs.openspeech.cn
Connection: Keep-Alive
Content-Type: application/x-gzip;charset=utf-8
Content-Length: 756
User-Agent: iFLYCloud
Cache-Control: no-cache
Accept: */*

}™ØQÎkÖEàV©ÜaæÃ›´ÂK'>'P€U…¯×ÏŸÝæÑÀ¾{¡ˆi•]qÀ!“M)ÜR‡ºLä6½ÂT!-J$!S›Â¸âÛ<âZ¥l)ÕíÀì	ˆÎê™âmuò¡§w”tÝ#€:¢éf:kçâ)õ)(Õ
,ÔP‘ö§NŒT#gä<ÞâL©c Çèä»ÛV½õÖ%6²RäÓ¥¢ ŽVÄØÛ‡8`~é=@tS¼fíÍÔ¿ˆ¹ÌÜ\ÌÊÎôð®ŠšÛ[(:¹Y»½Y»¼¿{øÛÔ¿>í¢'‰-ÎÂ³àm^|ÈÀ)y¢;Žh°n.ÍRÌ0éÇÑª´š‹Ó+RâžõóRõ•KJ½ÚÄ1L¥A„~µ«§jó
$X³³”
î_w±“'QÐÐÍc@±R[™ðÑ'¯Ñl+p—÷©à­  ]
[2016/12/15 15:23:23 556][Px1747][Tx777fe700][INF] LMOD       luac_logge 172  [network:312:gethttpresp  http://scs.openspeech.cn:80/scs?cmd=statsdklog&logver=1.1.3&size=1955&gzip=0  ]
[2016/12/15 15:23:23 556][Px1747][Tx777fe700][TRC] MSPADNS    MSPAsyncDn 268  MSPAsyncDns_Start() [in]
[2016/12/15 15:23:23 556][Px1747][Tx7d46f700][DBG] MSPADNS    MSPAsyncDn 184  gethostbyname(scs.openspeech.cn) start [id=1677727816]
[2016/12/15 15:23:23 556][Px1747][Tx7d46f700][ERR] MSPADNS    MSPAsyncDn 211  gethostbyname(scs.openspeech.cn) failed: Temporary failure in name resolution [id=1677727816]
[2016/12/15 15:23:23 557][Px1747][Tx7d46f700][DBG] MSPTHREAD  MSPThreadP 733  POST l_engine_3:10:1:0
[2016/12/15 15:23:23 557][Px1747][Tx777fe700][DBG] LENGINE    leng_rpc.c 527  luacRPCFuncProto_Invoke() [out] ret = 0
[2016/12/15 15:23:23 557][Px1747][Tx777fe700][DBG] LENGINE    leng_main. 513  ENGINE_MSG_RPC_ASYNC
[2016/12/15 15:23:23 557][Px1747][Tx777fe700][DBG] LENGINE    leng_main. 521  [sessinfo_local], stat = 1
[2016/12/15 15:23:23 558][Px1747][Tx777fe700][DBG] LENGINE    leng_rpc.c 413  luacRPCFuncProto_Invoke(54002d10,6c3f7ff0) [in]
[2016/12/15 15:23:23 558][Px1747][Tx777fe700][INF] LMOD       luac_logge 172  [network:173:dns resp  10214  ]
[2016/12/15 15:23:23 558][Px1747][Tx777fe700][INF] LMOD       luac_logge 172  [network:322:dns failed, err =   10214  ]
[2016/12/15 15:23:23 558][Px1747][Tx777fe700][TRC] LMOD       luac_logge 170  [sessinfo_local:341:perflog http resp  nil  10214  nil  ]
[2016/12/15 15:23:23 559][Px1747][Tx777fe700][TRC] LMOD       luac_logge 170  [sessinfo_local:370:upload session info failed, errcode =  10214  ]
[2016/12/15 15:23:23 559][Px1747][Tx777fe700][TRC] LMOD       luac_logge 170  [sessinfo_local:181:remain_trytime  0  ]
[2016/12/15 15:23:23 559][Px1747][Tx777fe700][TRC] LMOD       luac_logge 170  [sessinfo_local:171:save no upload data  ]
[2016/12/15 15:23:23 560][Px1747][Tx777fe700][TRC] LENGINE    leng_shell 109  lEngine_Start(640181b8,640181b8,0,) [in]
[2016/12/15 15:23:23 562][Px1747][Tx777fe700][TRC] LENGINE    leng_shell 351  lEngine_PostMessage(6c3fc3c0,500,0,) [in]
[2016/12/15 15:23:23 562][Px1747][Tx777fe700][DBG] MSPTHREAD  MSPThreadP 733  POST l_engine_1:10:1:1
[2016/12/15 15:23:23 562][Px1747][Tx7cc6e700][DBG] LENGINE    leng_main. 513  ENGINE_MSG_RPC_ASYNC
[2016/12/15 15:23:23 562][Px1747][Tx7cc6e700][DBG] LENGINE    leng_main. 521  [waiter], stat = 1
[2016/12/15 15:23:23 563][Px1747][Tx7cc6e700][DBG] LENGINE    leng_rpc.c 413  luacRPCFuncProto_Invoke(640147a0,6c3fc3c0) [in]
[2016/12/15 15:23:23 563][Px1747][Tx777fe700][TRC] LENGINE    leng_shell 374  lEngine_PostMessage() [out] 0
[2016/12/15 15:23:23 563][Px1747][Tx777fe700][TRC] LENGINE    leng_shell 512  lEngine_Exit(6c3f7ff0) [in]
[2016/12/15 15:23:23 564][Px1747][Tx7cc6e700][TRC] LMOD       luac_logge 170  [waiter:183:start upload timer  ]
[2016/12/15 15:23:23 564][Px1747][Tx777fe700][DBG] LENGINE    leng_shell 516  [sessinfo_local] dying...
[2016/12/15 15:23:23 564][Px1747][Tx7cc6e700][TRC] LMOD       luac_logge 170  [waiter:184:true  ]
[2016/12/15 15:23:23 565][Px1747][Tx7cc6e700][DBG] LENGINE    leng_rpc.c 527  luacRPCFuncProto_Invoke() [out] ret = 0
[2016/12/15 15:23:23 565][Px1747][Tx777fe700][DBG] MSPTHREAD  MSPThreadP 733  POST l_engine_3:9:1:0
[2016/12/15 15:23:23 565][Px1747][Tx777fe700][TRC] LENGINE    leng_shell 549  lEngine_Exit() [out] 0
[2016/12/15 15:23:23 565][Px1747][Tx777fe700][DBG] LENGINE    leng_rpc.c 527  luacRPCFuncProto_Invoke() [out] ret = 0
[2016/12/15 15:23:23 565][Px1747][Tx777fe700][DBG] LENGINE    leng_main. 647  ENGINE_MSG_STOP
[2016/12/15 15:23:23 566][Px1747][Tx777fe700][DBG] LENGINE    leng_main. 667  [sessinfo_local] bg, unload directly!
[2016/12/15 15:23:23 566][Px1747][Tx777fe700][INF] LENGINE    leng_main. 672  l_engine_3 occupancy: 0 (0%)
[2016/12/15 15:23:23 566][Px1747][Tx777fe700][TRC] LENGINE    luac_zlib. 244  zlib_coder_release() [out]
[2016/12/15 15:23:23 592][Px1747][Tx758c3700][DBG] MSPTHREAD  MSPThreadP 733  POST l_engine_2:10:1:1
[2016/12/15 15:23:23 592][Px1747][Tx77fff700][DBG] LENGINE    leng_main. 513  ENGINE_MSG_RPC_ASYNC
[2016/12/15 15:23:23 593][Px1747][Tx77fff700][DBG] LENGINE    leng_main. 521  [isr_local], stat = 1
[2016/12/15 15:23:23 593][Px1747][Tx77fff700][DBG] LENGINE    leng_rpc.c 413  luacRPCFuncProto_Invoke(600008e0,6426de80) [in]
[2016/12/15 15:23:23 593][Px1747][Tx77fff700][TRC] LMOD       luac_logge 170  [isr_local:638:local engine already stopped! stop cmd ignored  ]
[2016/12/15 15:23:23 593][Px1747][Tx77fff700][DBG] LENGINE    leng_rpc.c 527  luacRPCFuncProto_Invoke() [out] ret = 0
[2016/12/15 15:23:24 000][Px1747][Tx77fff700][DBG] LENGINE    leng_rpc.c 413  luacRPCFuncProto_Invoke(6c41d150,6426de80) [in]
[2016/12/15 15:23:24 001][Px1747][Tx77fff700][WAR] LMOD       luac_logge 168  [transport:321:soc_conn_failed  ]
[2016/12/15 15:23:24 001][Px1747][Tx77fff700][DBG] LMOD       luac_logge 178  [network:88:iptoenv ,  ipcache  open.xf-yun.com  def  nil  ]
[2016/12/15 15:23:24 001][Px1747][Tx77fff700][INF] LLOADER    lloader.c  327  load dkjson
[2016/12/15 15:23:24 001][Px1747][Tx77fff700][INF] LLOADER    lloader.c  339  a intalled entry
[2016/12/15 15:23:24 002][Px1747][Tx77fff700][INF] LLOADER    lloader.c  365  from rom
[2016/12/15 15:23:24 002][Px1747][Tx77fff700][PRF] LLOADER    lloader.c  397  load dkjson cost 0 (ms)
[2016/12/15 15:23:24 003][Px1747][Tx77fff700][INF] LMOD       luac_logge 172  [transport:390:switch 80  ]
[2016/12/15 15:23:24 003][Px1747][Tx77fff700][TRC] LENGINE    leng_shell 109  lEngine_Start(6c0639d8,6c0639d8,0,) [in]
[2016/12/15 15:23:24 003][Px1747][Tx77fff700][TRC] LENGINE    leng_shell 351  lEngine_PostMessage(6c3fc3c0,1,2,) [in]
[2016/12/15 15:23:24 003][Px1747][Tx77fff700][DBG] MSPTHREAD  MSPThreadP 733  POST l_engine_1:10:1:1
[2016/12/15 15:23:24 003][Px1747][Tx77fff700][TRC] LENGINE    leng_shell 374  lEngine_PostMessage() [out] 0
[2016/12/15 15:23:24 004][Px1747][Tx7cc6e700][DBG] LENGINE    leng_main. 513  ENGINE_MSG_RPC_ASYNC
[2016/12/15 15:23:24 004][Px1747][Tx7cc6e700][DBG] LENGINE    leng_main. 521  [waiter], stat = 1
[2016/12/15 15:23:24 004][Px1747][Tx7cc6e700][DBG] LENGINE    leng_rpc.c 413  luacRPCFuncProto_Invoke(6c4233c0,6c3fc3c0) [in]
[2016/12/15 15:23:24 004][Px1747][Tx77fff700][ERR] LMOD       luac_logge 166  [transport:411:MSC:[soc] [0] conn timeout!  ]
[2016/12/15 15:23:24 005][Px1747][Tx7cc6e700][INF] LMOD       luac_logge 172  [network:380:redns  def  open.xf-yun.com  ]
[2016/12/15 15:23:24 005][Px1747][Tx7cc6e700][TRC] MSPADNS    MSPAsyncDn 268  MSPAsyncDns_Start() [in]
[2016/12/15 15:23:24 005][Px1747][Tx7d46f700][DBG] MSPADNS    MSPAsyncDn 184  gethostbyname(open.xf-yun.com) start [id=1879153048]
[2016/12/15 15:23:24 006][Px1747][Tx7d46f700][ERR] MSPADNS    MSPAsyncDn 211  gethostbyname(open.xf-yun.com) failed: Temporary failure in name resolution [id=1879153048]
[2016/12/15 15:23:24 006][Px1747][Tx7d46f700][DBG] MSPTHREAD  MSPThreadP 733  POST l_engine_1:10:1:0
[2016/12/15 15:23:24 006][Px1747][Tx77fff700][TRC] LMOD       luac_logge 170  [transport:1198:[soc] disconnect   ]
[2016/12/15 15:23:24 007][Px1747][Tx7cc6e700][INF] LMOD       luac_logge 172  [waiter:196:last gc at  1481844193  ]
[2016/12/15 15:23:24 007][Px1747][Tx7cc6e700][DBG] LENGINE    leng_rpc.c 527  luacRPCFuncProto_Invoke() [out] ret = 0
[2016/12/15 15:23:24 007][Px1747][Tx7cc6e700][DBG] LENGINE    leng_main. 513  ENGINE_MSG_RPC_ASYNC
[2016/12/15 15:23:24 007][Px1747][Tx7cc6e700][DBG] LENGINE    leng_main. 521  [waiter], stat = 1
[2016/12/15 15:23:24 007][Px1747][Tx7cc6e700][DBG] LENGINE    leng_rpc.c 413  luacRPCFuncProto_Invoke(54002ee0,6c3fc3c0) [in]
[2016/12/15 15:23:24 008][Px1747][Tx77fff700][INF] LMOD       luac_logge 172  [transport:57:clear_ip ip_type =  def_athopen.xf-yun.com  ]
[2016/12/15 15:23:24 008][Px1747][Tx7cc6e700][INF] LMOD       luac_logge 172  [network:173:dns resp  10214  ]
[2016/12/15 15:23:24 008][Px1747][Tx77fff700][ERR] LMOD       luac_logge 166  [transport:49:throw_exception  10114  0  MSC:[soc] [0] conn timeout!  ]
[2016/12/15 15:23:24 009][Px1747][Tx7cc6e700][INF] LMOD       luac_logge 172  [network:397:redns dns resp  nil  10214  nil  nil  ]
[2016/12/15 15:23:24 009][Px1747][Tx7cc6e700][DBG] LENGINE    leng_rpc.c 527  luacRPCFuncProto_Invoke() [out] ret = 0
[2016/12/15 15:23:24 009][Px1747][Tx77fff700][ERR] LMOD       luac_logge 166  [auth:427:[trans] [id = table: 0x7fc06c3eaa70;;;=0===;auth] exception 10114  ]
[2016/12/15 15:23:24 009][Px1747][Tx77fff700][DBG] LENGINE    leng_rpc.c 527  luacRPCFuncProto_Invoke() [out] ret = 0
